5612,0ns
60,16.83571227s
77,16.877115955s
57,16.945908792s
101,17.011622951s
55,17.081950167s
60,17.148768251s
57,17.207431035s
67,17.272855513s
66,17.369491606s
77,17.410200672s
63,17.469881094s
77,17.537200414s
60,17.61678687s
64,17.678838517s
90,17.751323831s
77,17.838508495s
67,17.909589623s
85,17.954611344s
67,18.012778454s
118,18.076426324s
81,18.141161357s
70,18.21760492s
63,18.286468223s
60,18.352893646s
57,18.42372326s
47,18.487444542s
45,18.566462992s
56,18.652173492s
45,18.723814693s
51,18.807114231s
40,18.875900979s
49,18.954061469s
42,19.066333617s
41,19.139872095s
39,19.206739054s
64,19.272238941s
39,19.346003845s
42,19.399384834s
41,19.444122921s
1084,19.499836183s
37,19.544297902s
37,19.591993494s
36,19.643203691s
48,19.691366803s
36,19.735386627s
38,19.778084447s
36,19.817960964s
51,19.880155565s
49,19.944036472s
44,19.962088993s
42,20.004832819s
85,21.091692145s
64,21.130490865s
52,21.167941406s
49,21.204296116s
59,21.251031088s
54,21.289155853s
56,21.346291567s
47,21.363707543s
129,21.412872693s
32,21.634126119s
42,21.699832785s
34,21.753089494s
33,21.803727398s
33,21.863310393s
53,21.918276663s
33,21.974267325s
36,22.01982895s
39,22.078887228s
38,22.118709423s
33,22.152915821s
34,22.18513581s
30,22.226450119s
96,22.262561264s
30,22.381880184s
41,22.417202931s
36,22.452131424s
120,22.492100107s
36,22.598585562s
31,22.629382232s
33,22.66623614s
47,22.696017489s
32,22.726551538s
36,22.755453502s
35,22.797196412s
109,22.833939664s
33,22.948857086s
51,22.989190889s
33,23.02124415s
38,23.054787359s
39,23.102798445s
67,23.133135351s
29,23.171431187s
38,23.205757336s
38,23.2489446s
49,23.286034489s
40,23.316199591s
39,23.346516368s
39,23.401243841s
49,23.435064422s
39,23.473741558s
40,23.511399213s
41,23.570839265s
59,23.610586501s
45,23.645487795s
47,23.680369411s
48,23.729836798s
93,23.773088969s
69,23.813944659s
59,23.854171867s
61,23.903084565s
215,23.941962861s
162,24.129175349s
61,24.315307796s
60,24.387357596s
58,24.43947846s
160,24.503474882s
32,24.676125557s
39,24.724615654s
31,24.785680163s
43,24.835294457s
32,24.887276409s
37,24.94298616s
32,25.003791812s
43,25.066602916s
30,25.114866001s
37,25.164359879s
30,25.22657964s
123,25.262689712s
34,25.376267884s
90,25.409185732s
31,25.445746044s
36,25.477238982s
31,25.523015692s
45,25.553505058s
36,25.591107101s
39,25.622496927s
39,25.672285503s
53,25.710326161s
37,25.744676902s
126,25.780276349s
44,25.939418117s
43,25.970338722s
39,26.015260424s
58,26.051131602s
32,26.092174771s
37,26.130933434s
30,26.181485031s
43,26.221556468s
34,26.262511578s
39,26.303272804s
120,26.34677346s
35,26.473299759s
193,26.565965997s
43,26.677941897s
133,26.752551682s
52,26.787619922s
48,26.838218567s
43,26.87259815s
39,26.908077045s
37,26.949743065s
36,27.011251876s
45,27.05766143s
31,27.100500994s
38,27.142393043s
32,27.227905252s
46,27.275497559s
39,27.323197586s
42,27.376131538s
41,27.419442034s
62,27.457939126s
33,27.499175089s
42,27.536690293s
36,27.581103376s
49,27.614007759s
43,27.651297062s
41,27.68455666s
45,27.730162112s
59,27.769337611s
39,27.811361362s
43,27.852657953s
42,27.910184052s
62,27.949754005s
43,27.990683806s
43,28.027758634s
44,28.074212354s
88,28.119652891s
32,28.161568818s
120,28.204177222s
41,28.348197176s
54,28.391180472s
47,28.4540505s
55,28.49645031s
38,28.539923622s
43,28.583664315s
45,28.670392037s
56,28.708906337s
43,28.747451552s
43,28.78333954s
43,28.826106292s
68,28.866730317s
39,28.912530882s
48,28.962368116s
45,29.020313395s
56,29.064658601s
44,29.108326823s
46,29.152490987s
47,29.206663273s
57,29.253135282s
38,29.297689944s
48,29.341730053s
44,29.409590868s
67,29.449047531s
60,29.493165s
58,29.541935563s
63,29.596239275s
113,29.642219153s
71,29.691256056s
74,29.736385755s
80,29.791707272s
65,29.836030045s
70,29.88131637s
60,29.926663941s
187,29.993143803s
79,30.172162217s
59,30.282767638s
4298,30.362060906s
67,30.43748281s
59,30.519266684s
60,30.585625778s
73,30.656696907s
65,30.713485838s
63,30.779431633s
56,30.841112247s
65,30.903962114s
59,30.981957207s
187,31.040610557s
61,35.475110881s
61,35.535493192s
52,35.607651707s
87,35.674652429s
69,35.737410478s
78,35.788548756s
74,35.85936895s
86,35.915402649s
60,35.993282016s
39,36.046028331s
45,36.105364219s
40,36.163982301s
53,36.226990213s
31,36.27966064s
39,36.369738841s
40,36.4361832s
50,36.514801078s
44,36.572799728s
34,36.677745051s
55,36.732875199s
37,36.774844349s
44,36.827420554s
38,36.866394579s
58,36.903333629s
31,36.953048256s
52,36.992942962s
36,37.031442416s
38,37.081188551s
44,37.116897891s
138,37.163348084s
41,37.29898s
36,37.334548837s
43,37.394009038s
70,37.428391081s
44,37.48361251s
61,37.513019964s
49,37.55850202s
81,37.601777207s
63,37.650379043s
53,37.685357667s
46,37.739879411s
41,37.778374475s
58,37.816530739s
42,37.862042782s
48,37.933752632s
45,37.973902249s
45,38.038455841s
51,38.074010584s
53,38.167624001s
54,38.220873343s
41,38.28239624s
34,38.334599399s
46,38.374014521s
60,38.42086508s
40,38.47593231s
43,38.513672251s
40,38.569788605s
55,38.615404929s
41,38.663919635s
52,38.708135139s
32,38.761677285s
59,38.810416652s
32,38.853248954s
51,38.897232542s
55,38.959294632s
53,38.99874911s
50,39.043938756s
41,39.08337161s
126,39.136866459s
113,39.1793929s
123,39.229571601s
65,39.35708961s
33,39.407223848s
66,39.45087245s
34,39.51299387s
69,39.56679749s
28,39.609924308s
46,39.69867486s
29,39.846775385s
49,39.893387166s
31,39.930218261s
35,39.972669836s
29,40.039393899s
55,40.06936986s
28,40.140374885s
101,40.171999754s
29,40.319118356s
35,40.347970002s
135,40.39734178s
113,40.494901423s
104,40.616260261s
104,40.708725632s
91,40.745223209s
103,40.773488949s
51,40.81758765s
45,40.872265866s
166,40.914776371s
76,41.025896923s
44,41.064660323s
31,41.096921115s
28,41.184890861s
38,41.282453703s
27,41.392824258s
29,41.44583378s
28,41.492806262s
42,41.534110398s
30,41.578655178s
28,41.650945048s
28,41.729814662s
33,41.780702315s
30,41.815063744s
48,41.843898032s
59,41.88022227s
43,41.910612968s
34,41.93963498s
31,41.967235068s
28,42.008807901s
43,42.038781938s
29,42.068907756s
31,42.097318421s
119,42.130799435s
30,42.2602135s
33,42.312817438s
37,42.348150112s
51,42.378920188s
63,42.408712777s
64,42.451280562s
125,42.480653804s
56,42.598296481s
67,42.630297948s
31,42.662560219s
45,42.692244707s
57,42.731235334s
68,42.775945036s
30,42.838159605s
149,42.907866849s
54,43.034277346s
67,43.091406857s
65,43.148345842s
88,43.195507963s
49,43.234182244s
228,43.294039164s
76,43.428625468s
48,43.470477516s
38,43.538847475s
158,43.596613142s
61,43.665233648s
64,43.726084535s
37,43.812295258s
38,43.867412837s
32,43.934350025s
36,44.000103729s
33,44.097214019s
43,44.171473513s
33,44.226402297s
35,44.260774223s
31,44.40772004s
41,44.480328073s
33,44.545541275s
35,44.585575554s
31,44.625534764s
88,44.657016318s
34,44.693031874s
45,44.726353636s
5992,44.770490969s
57,44.87110962s
27,44.912639201s
42,44.946012054s
57,44.97936119s
197,45.013039248s
78,45.091473621s
42,45.136061297s
58,45.177418155s
29,51.002946428s
125,51.073247679s
45,51.262399213s
26,51.304882226s
33,51.35621966s
29,51.554838266s
36,51.59935975s
28,51.681382631s
51,51.741624786s
28,51.770286378s
62,51.79905212s
28,51.853475622s
70,51.897266405s
28,51.942175098s
49,51.969439836s
47,52.001875381s
46,52.02980745s
28,52.060422489s
129,52.096002941s
63,52.238199811s
125,52.26683013s
61,52.394964351s
157,52.460227309s
54,52.579398121s
42,52.612895s
67,52.666932077s
101,52.696245952s
52,52.761308146s
159,52.789743551s
55,52.851812996s
62,52.885613939s
237,52.998739424s
55,53.12579514s
49,53.170960853s
53,53.24107995s
56,53.339304227s
412,53.388224143s
561,53.669798196s
103,53.722964582s
111,53.788007863s
91,53.900006148s
218,53.964344987s
169,54.014629304s
87,54.067865604s
48,54.120767547s
99,54.195174857s
78,54.260209031s
70,54.489758547s
88,55.097560069s
106,55.200877899s
65,55.284524448s
74,55.380826961s
66,55.595283022s
62,55.792194423s
110,55.83596888s
177,55.924960857s
66,56.174278719s
76,56.267236985s
304,56.359956732s
93,56.574856237s
65,56.63829885s
69,56.737803842s
67,56.81804157s
99,56.874437688s
42,56.930627035s
58,56.993055533s
53,57.071616116s
52,57.169179313s
39,57.258787193s
48,57.372599266s
111,57.469869207s
32,57.673770217s
44,57.773775699s
31,57.816433767s
39,57.874351177s
32,57.932286305s
59,57.980186958s
45,58.0231211s
38,58.060749709s
38,58.110188152s
173,58.150394317s
32,58.260501725s
40,58.291813039s
31,58.328035255s
37,58.365135698s
30,58.425819962s
45,58.467941447s
31,58.508186249s
38,58.547374566s
30,58.629569719s
45,58.676625996s
35,58.719343928s
43,58.75387694s
34,58.794239804s
54,58.824792285s
29,58.862292755s
38,58.89287637s
31,58.937429995s
42,58.96991047s
31,59.007674398s
34,59.039683149s
30,59.083356849s
43,59.11512102s
28,59.157917769s
35,59.197999273s
29,59.251331035s
49,59.283039726s
29,59.321248865s
37,59.351732357s
29,59.394238706s
135,59.425638085s
102,59.460582297s
79,59.56311843s
215,59.597688268s
100,59.706316113s
56,59.742624119s
79,59.773364493s
73,59.891684498s
225,59.938050148s
80,60.082948681s
5982,60.221228868s
35,60.29690925s
33,60.398051739s
116,60.449722427s
49,60.701148749s
52,60.764819157s
28,60.83734108s
91,60.916505041s
28,60.975579516s
60,66.889097146s
62,66.938670569s
38,66.979048457s
31,67.011696383s
206,67.040230816s
83,67.095230444s
214,67.123189463s
67,67.180915329s
437,67.224279499s
52,67.453400008s
137,67.506899845s
34,67.825104203s
77,68.007972967s
56,68.106909834s
27,68.226988595s
132,68.373077228s
46,68.434849378s
40,68.546990797s
28,68.582758817s
63,68.638765839s
26,68.669992494s
66,68.73755395s
27,68.773012953s
83,68.84869079s
46,68.880439616s
28,68.93408177s
55,69.063073476s
43,69.112572635s
42,69.151909019s
40,69.180394226s
41,69.242736583s
77,69.271386768s
36,69.318522179s
42,69.365158311s
52,69.448314501s
73,69.494557256s
32,69.523403638s
29,69.566390096s
68,69.621701725s
54,69.664167347s
35,69.706105449s
139,69.733674761s
41,69.888621079s
125,69.931242467s
39,70.089935056s
30,70.157240074s
44,70.2113056s
38,70.249644755s
28,70.278738618s
53,70.321562355s
28,70.388875059s
67,70.418280948s
45,70.47332688s
29,70.503248092s
58,70.555705009s
140,70.585037241s
29,70.709301177s
301,70.738869806s
72,70.779469485s
139,70.821299288s
35,70.962917285s
29,70.991693244s
46,71.076895094s
40,71.122330005s
38,71.161523436s
39,71.19183808s
35,71.441307488s
34,71.559778761s
37,71.615092025s
38,71.659727067s
36,71.704723985s
50,71.732439028s
27,71.770144066s
39,71.816111975s
41,71.857862438s
43,71.895997796s
28,71.934508603s
43,71.96359402s
70,72.006273146s
56,72.034336028s
33,72.081616723s
72,72.110367041s
66,72.160631363s
51,72.197623965s
52,72.226157879s
76,72.277202338s
78,72.317569143s
175,72.350541954s
42,72.389358484s
30,72.451442014s
42,72.512580956s
85,72.551349716s
71,72.624580193s
75,72.685843408s
79,72.744461691s
108,72.783517151s
67,72.868211409s
85,72.946744386s
87,73.09910758s
92,73.171653094s
77,73.202819252s
92,73.238494319s
81,73.322180958s
136,73.394493566s
33,73.467463329s
57,73.549204295s
87,73.653345158s
287,73.723398554s
280,73.989353913s
96,74.241449562s
88,74.371935899s
123,74.416867139s
110,74.467457703s
73,74.555407515s
79,74.659718911s
343,74.746568539s
111,74.84191826s
176,74.933965929s
62,75.047242062s
76,75.121683136s
182,75.218244524s
57,75.306584078s
59,75.429804375s
63,75.537059418s
5251,75.624801785s
113,75.692820311s
65,76.006447997s
93,76.154417124s
59,76.31565992s
1230,76.394952576s
87,76.471084421s
96,76.637975584s
26,76.712308696s
77,76.772022663s
48,76.834338861s
31,82.069125702s
139,82.201491752s
78,82.422697538s
26,82.998448197s
68,83.684421743s
43,83.838185068s
55,83.865696702s
251,83.932367042s
58,84.161589531s
86,84.21844929s
32,84.26798831s
52,84.295279376s
41,84.362804402s
27,84.435776296s
83,84.486260958s
44,84.513513323s
117,84.562189997s
27,84.71661246s
82,84.864989811s
174,84.892468477s
148,85.097519054s
42,85.222500022s
55,85.260180714s
72,85.288558696s
32,85.341841956s
43,85.394701618s
74,85.421728528s
34,85.473743192s
32,85.516269143s
27,85.587341622s
137,85.615993365s
44,85.664201245s
50,85.69357437s
38,85.763491153s
45,85.791329024s
27,85.869108718s
60,85.912160662s
41,85.985133255s
52,86.019315195s
27,86.05344632s
51,86.080635454s
58,86.192469392s
48,86.260994753s
27,86.313013504s
37,86.352568353s
28,86.39739939s
88,86.424191694s
35,86.484440431s
119,86.513363047s
49,86.63453844s
61,86.704094755s
82,86.753945639s
127,86.794109953s
71,86.832084955s
98,86.860136794s
92,86.929200576s
137,86.975717385s
79,87.01810402s
102,87.046558565s
74,87.098593231s
59,87.148252045s
28,87.209206084s
30,87.280524001s
30,87.39250007s
33,87.471767428s
28,87.586514165s
30,87.675696993s
29,87.804821539s
36,87.882165335s
29,87.990356536s
29,88.038037731s
29,88.138725694s
36,88.169448314s
29,88.199051276s
30,88.229299941s
28,88.264465835s
145,88.292940152s
81,88.387984269s
105,88.418986942s
72,88.447807805s
90,88.476863626s
335,88.514320285s
310,88.602214561s
203,88.739342854s
327,88.998182762s
69,89.086922972s
125,89.199475338s
47,89.344337277s
53,89.422039375s
54,89.517893938s
27,89.618780022s
28,89.729595404s
36,89.843866683s
28,89.905150262s
29,89.941456421s
28,90.268680259s
36,90.340909831s
27,90.447196576s
32,90.516511195s
28,90.568580569s
52,90.625231203s
28,90.656349371s
28,90.684335656s
31,90.718873092s
33,90.748852104s
84,90.778832817s
34,90.870113628s
172,90.899128472s
209,91.010816642s
107,91.104789755s
3815,91.134270281s
50,91.162994779s
26,91.191851867s
25,91.225634776s
30,91.253714189s
79,91.300542238s
60,91.488992862s
176,91.590504139s
52,95.583951266s
25,95.610367266s
111,95.63637198s
28,95.718402691s
26,95.744799489s
26,95.805657921s
31,95.858029045s
65,95.915639708s
63,95.940785186s
109,96.035081871s
85,96.061353693s
139,96.08909007s
129,96.131014851s
34,96.227590174s
32,96.254023547s
56,96.28545483s
247,96.350357537s
40,96.379627381s
38,96.494562512s
26,96.608800823s
87,96.63594792s
26,96.878243569s
33,96.910322883s
26,96.944941862s
126,97.002129126s
262,97.24603711s
41,97.413455959s
48,97.442343349s
102,97.468901909s
26,97.5016092s
66,97.528567673s
28,97.577169477s
28,97.682610502s
28,97.80535791s
105,97.831449468s
44,97.890998745s
29,97.917305009s
26,97.957429125s
39,98.00712111s
27,98.108800254s
79,98.135768437s
28,98.197494684s
110,98.230648353s
26,98.364573625s
92,98.466362593s
27,98.532881383s
35,98.560239415s
27,98.60865098s
29,98.668637074s
29,98.721974914s
96,98.751977093s
28,98.839189549s
42,98.867043905s
27,98.898860593s
93,98.92702617s
29,99.017916955s
30,99.047501398s
28,99.084445845s
37,99.113649224s
29,99.144509708s
30,99.172580099s
29,99.213702175s
48,99.243361355s
34,99.272821714s
40,99.303457014s
39,99.336628476s
228,99.365547994s
108,99.396353818s
226,99.42560428s
61,99.46133115s
63,99.491902256s
195,99.522898276s
53,99.552676299s
50,99.597737746s
57,99.637207774s
52,99.677317893s
97,99.713552532s
49,99.90253744s
56,100.050826326s
454,100.246693064s
80,100.58091843s
56,100.65258916s
121,100.704257577s
63,100.761136243s
77,100.814253373s
86,100.910819646s
78,100.960740485s
66,101.017790458s
227,101.083167704s
149,101.552872065s
140,101.609958464s
176,101.710391654s
195,101.793828474s
217,101.872322978s
92,101.956067845s
95,102.035349365s
79,102.102095541s
245,102.162730257s
78,102.212506511s
87,102.319532482s
66,102.462001385s
51,102.604429044s
62,102.772200233s
56,102.969934549s
60,103.177547704s
63,103.300488899s
69,103.38660409s
59,103.47879391s
234,103.66134807s
76,103.955263403s
79,104.008323436s
76,104.07017728s
89,104.126896724s
84,104.186767787s
82,104.248448538s
494,104.318666059s
13778,104.509540373s
164,104.611080541s
178,104.689225493s
234,104.764933056s
124,104.842291945s
90,104.932190748s
138,105.016518559s
208,105.100335285s
56,105.186875898s
55,105.320774243s
98,105.568398674s
27,119.708266496s
33,119.941011679s
25,120.068484951s
26,120.16533395s
25,120.298737613s
35,120.512373183s
26,120.57863795s
27,120.636903182s
27,120.669576759s
44,120.700392332s
26,120.734035398s
27,120.761762663s
26,120.796028918s
29,120.821752402s
25,120.848390908s
28,120.874002303s
26,120.907934372s
33,120.934656829s
26,120.962600027s
28,120.988917782s
29,121.030382494s
52,121.060582626s
29,121.087059911s
28,121.113572108s
29,121.144127117s
56,121.169769422s
25,121.197946348s
28,121.225280293s
89,121.258732499s
28,121.339812668s
28,121.383814451s
38,121.422536021s
27,121.45279395s
28,121.479905604s
27,121.534629683s
35,121.564853344s
27,121.59204375s
28,121.619727783s
27,121.653258305s
41,121.68253376s
29,121.711001995s
31,121.737772068s
28,121.774907315s
36,121.805704662s
27,121.833841948s
28,121.860676013s
29,121.896521255s
34,121.924716152s
88,121.954207694s
44,122.049874022s
38,122.080275904s
36,122.111589147s
33,122.145035347s
77,122.176962704s
51,122.205421115s
42,122.232876981s
43,122.268699313s
60,122.296515675s
25,122.325114821s
92,122.353595468s
27,122.47411867s
28,122.510007002s
89,122.58355075s
28,122.721926344s
27,122.783435364s
44,122.812972858s
28,122.840069274s
28,122.870210252s
27,122.903721678s
33,122.931335449s
27,122.959992414s
29,122.987743466s
27,123.022077106s
33,123.050228059s
82,123.078336359s
102,123.176425701s
29,123.265948484s
115,123.323295229s
27,123.385777952s
32,123.413238029s
28,123.441172393s
29,123.468162863s
28,123.510101406s
35,123.538129541s
28,123.568621014s
30,123.599090246s
29,123.654971571s
96,123.684404091s
39,123.775704484s
42,123.803507201s
27,123.833592679s
27,123.862458553s
37,123.897303162s
81,123.925358173s
65,123.954749694s
29,123.984138576s
165,124.021631663s
29,124.121164626s
32,124.162380762s
180,124.191643702s
35,124.21983917s
61,124.252345573s
29,124.329787981s
101,124.390292339s
45,124.433274834s
28,124.536520992s
26,124.571603431s
30,124.599201492s
26,124.627366294s
27,124.660275995s
26,124.832535546s
113,124.875060484s
91,125.112021951s
95,125.199950394s
28,125.280311533s
28,125.31271367s
91,125.339504398s
31,125.427683983s
95,125.455650257s
27,125.550361862s
40,125.578222196s
30,125.608739762s
77,125.636008831s
87,125.669164005s
209,125.699194046s
28,125.729129984s
29,125.757191558s
69,125.793679052s
114,125.822959217s
91,125.851001832s
120,125.882674734s
119,125.923536671s
162,125.951219642s
79,126.021708244s
119,126.106884824s
123,126.255657358s
129,126.356748684s
119,126.386932303s
122,126.442019697s
126,126.555005004s
184,126.649703681s
45,126.762767847s
343,126.882330047s
107,127.247954412s
132,127.371695956s
124,127.497803906s
177,127.606584158s
90,127.743422767s
16400,127.865120727s
31,128.043954137s
46,128.109245344s
38,128.170831849s
31,128.290846074s
544,128.443539541s
64,128.808638584s
62,128.980419008s
227,129.071291253s
56,145.495623708s
57,145.522467695s
69,145.574808092s
58,145.610848558s
51,145.645602463s
53,145.676746898s
62,145.908468791s
36,146.157244061s
24,146.250579239s
26,146.313364014s
24,146.518500459s
39,146.598207913s
24,146.655561206s
24,146.725535833s
78,146.782282151s
107,146.95148326s
26,147.066231474s
88,147.10361177s
26,147.179104412s
26,147.207884536s
53,147.232470812s
24,147.259397246s
26,147.28428959s
26,147.315030799s
30,147.34038192s
24,147.367178204s
26,147.392260485s
26,147.430103943s
32,147.455467239s
24,147.481492162s
27,147.508016776s
24,147.559987652s
33,147.586629602s
102,147.612959846s
41,147.694959262s
27,147.721379221s
26,147.747788915s
36,147.779312759s
34,147.80614699s
44,147.831761116s
176,147.85776784s
28,147.962375067s
65,147.992754667s
155,148.032245066s
29,148.122267881s
28,148.156361122s
132,148.200256505s
48,148.26100187s
26,148.322406711s
26,148.37981116s
30,148.407377477s
26,148.468718724s
27,148.538670512s
29,148.594039982s
32,148.628977799s
26,148.658791657s
28,148.687429446s
26,148.772738308s
34,148.86575193s
26,148.89614666s
27,148.921922424s
28,148.95250976s
91,148.979525092s
33,149.007639877s
48,149.033848241s
76,149.068910217s
95,149.095319558s
77,149.123637757s
87,149.151406265s
86,149.184697514s
125,149.211793401s
65,149.239855221s
108,149.266188713s
122,149.342564391s
114,149.393067301s
75,149.431615421s
103,149.508571892s
110,149.602632092s
218,149.680102066s
26,149.769037394s
28,149.855989672s
27,149.976681217s
285,150.044594387s
109,150.388230279s
147,150.463493858s
80,150.570162156s
142,150.682039424s
124,150.889311699s
495,150.940567915s
176,151.155959499s
29,151.267627297s
64,151.379075302s
129,151.521805708s
71,151.604420019s
31,151.730166342s
30,151.870995267s
32,152.002240393s
115,152.116636512s
35,152.53886463s
46,152.587457538s
41,152.635458827s
36,152.759865741s
35,152.847555659s
206,152.883855048s
205,152.915540536s
59,152.946186744s
60,152.984694204s
69,153.032061667s
29,153.063271091s
31,153.094717525s
30,153.145918495s
36,153.185587819s
26,153.224152636s
29,153.260107025s
29,153.415812465s
36,153.641196561s
27,153.727215072s
29,153.787915678s
29,153.857512142s
44,153.891294327s
27,153.923335857s
28,153.953235046s
29,153.989609177s
33,154.017628579s
88,154.0470336s
35,154.140560539s
32,154.169483995s
32,154.197956718s
30,154.239941638s
41,154.271118416s
28,154.299842501s
29,154.327429345s
30,154.36141806s
56,154.390397767s
27,154.419868889s
29,154.450944848s
28,154.48492001s
141,154.514876118s
101,154.548823417s
122,154.57944478s
127,154.622621879s
169,154.651162342s
8932,154.680430689s
40,154.710828393s
34,154.764642531s
34,154.795686037s
32,154.824544937s
32,154.85383862s
35,154.977687387s
40,155.080371622s
36,155.2039595s
36,155.328792465s
32,155.490772916s
31,164.451313669s
26,164.493543338s
32,164.526362471s
33,164.562309628s
33,164.595210184s
33,164.627455477s
192,164.652927761s
44,164.775498616s
35,164.803594359s
26,164.840606639s
600,164.86679063s
404,164.900753888s
163,165.000635061s
133,165.036387916s
154,165.06229843s
197,165.265826261s
27,165.301729795s
233,165.82210209s
61,166.037157817s
219,166.121351694s
28,166.261372791s
551,166.427857062s
141,166.704004887s
140,166.736098617s
69,166.835321731s
240,166.983683543s
1989,167.188918129s
28,167.27878788s
34,167.396986062s
30,167.527345942s
29,167.621211248s
26,167.871371842s
40,168.001435914s
25,168.177011198s
28,168.29078742s
28,168.42835911s
200,168.55184371s
82,168.974452414s
80,170.752715568s
55,170.782067303s
89,170.810201514s
92,170.850395519s
132,170.877032458s
80,170.90448422s
108,170.931552056s
114,171.109221972s
144,171.159829526s
357,171.188062069s
210,171.342479009s
35,171.42675026s
107,171.522505756s
420,171.646605039s
136,171.95308207s
137,172.093768505s
188,172.189612815s
91,172.32043782s
143,172.454501371s
142,172.647011924s
194,172.715504653s
84,172.805871741s
112,172.938548934s
2707,173.09648371s
475,173.226688862s
621,173.361483017s
242,173.499545983s
112,173.681625887s
3823,173.779393893s
74,173.922574823s
79,174.061975269s
195,174.257705153s
126,174.363869839s
85,174.457320631s
92,177.184505567s
344,177.576836887s
117,178.060631336s
78,178.52074194s
66,178.608375576s
74,182.40696715s
82,182.528102934s
92,182.612725006s
79,182.807711184s
75,182.934289075s
72,183.017982172s
84,183.110393133s
96,183.426198662s
67,183.57493342s
69,183.649385313s
68,183.721338843s
57,183.788651427s
78,183.877908327s
107,183.9643594s
112,184.196956933s
30,184.441199523s
25,184.514298615s
31,184.584162887s
26,184.640504902s
31,184.721254438s
25,184.765311352s
35,184.800621308s
24,184.829224891s
26,184.861597624s
87,184.915861452s
113,185.000307853s
26,185.085330203s
29,185.116320243s
32,185.149572587s
32,185.176787477s
33,185.203047177s
27,185.227508923s
26,185.263657964s
35,185.290347796s
28,185.320156887s
28,185.345306354s
26,185.388711005s
113,185.429385133s
27,185.523141693s
63,185.555079872s
97,185.586210581s
31,185.674241806s
26,185.705409067s
29,185.732137737s
26,185.776952874s
34,185.815155108s
25,185.845478002s
27,185.872772808s
27,185.932927022s
35,185.980376755s
26,186.009213202s
27,186.034879318s
26,186.065072829s
39,186.094147813s
28,186.122218161s
28,186.148714536s
26,186.181513656s
31,186.209985709s
27,186.236265554s
29,186.263250215s
27,186.297851998s
34,186.327008868s
26,186.354323182s
31,186.380546691s
26,186.419365787s
40,186.446845227s
81,186.476765011s
54,186.563280703s
26,186.591823171s
86,186.620409253s
26,186.710260742s
28,186.740038951s
4133,186.780656975s
80,186.862559264s
38,186.913390505s
33,186.943688215s
28,186.971583554s
26,186.998374955s
25,187.029244099s
44,187.057451682s
26,187.08522689s
79,187.112383396s
25,187.146344838s
41,191.219756552s
28,191.281287526s
37,191.337933256s
25,191.3738907s
33,191.399963618s
27,191.429362591s
27,191.455492996s
25,191.495872317s
61,191.525533653s
39,191.606665388s
61,191.63220055s
32,191.67305224s
76,191.699300033s
112,191.7394159s
45,191.765034026s
160,191.797039236s
24,191.939306933s
31,191.979640908s
76,192.012747053s
33,192.237321787s
53,192.347502678s
25,192.407234228s
40,192.441394757s
26,192.467056474s
27,192.493680456s
26,192.524825137s
29,192.550020638s
26,192.576166654s
26,192.601923867s
25,192.63448059s
31,192.660016622s
26,192.686227037s
26,192.714070999s
25,192.753093408s
40,192.780235757s
26,192.808133157s
27,192.835249953s
25,192.865791047s
52,192.892080329s
25,192.918501373s
26,192.944385484s
25,192.976043944s
31,193.002586939s
25,193.030008394s
28,193.055513009s
88,193.095039059s
26,193.17542106s
61,193.252237735s
26,193.279864021s
26,193.305771772s
92,193.335365597s
285,193.415762969s
26,193.505693782s
48,193.531520317s
141,193.5648939s
30,193.646288531s
27,193.684333105s
42,193.711511864s
34,193.73948783s
28,193.765043344s
29,193.795729251s
268,194.024901845s
73,194.072930332s
28,194.120590722s
27,194.186569308s
32,194.214456428s
26,194.243710154s
29,194.272293184s
26,194.315396295s
34,194.350170099s
28,194.378172273s
27,194.405486282s
26,194.610480473s
36,194.739162286s
27,194.77882862s
29,194.805808228s
105,194.837826386s
93,194.921005058s
51,195.012195716s
171,195.073733618s
147,195.102686263s
78,195.132420685s
2444,195.1597316s
151,195.265653095s
140,195.295265033s
190,195.328909094s
346,195.37412422s
37,195.449397051s
44,195.541909507s
34,195.677634615s
100,195.761749779s
114,195.878045236s
140,195.998017019s
143,198.220070219s
196,198.337185737s
108,198.485579006s
144,198.664654015s
141,199.018142904s
156,199.088020935s
125,199.131039009s
137,199.168510933s
147,199.251705395s
226,199.368071753s
36,199.508110846s
108,199.64906606s
12564,199.846343562s
39,199.955739084s
33,200.100942686s
31,200.237457811s
28,200.396432368s
111,200.516090498s
27,200.662058224s
238,200.809902924s
137,201.180291984s
816,213.801136235s
652,213.870388789s
111,213.900398164s
90,213.989168194s
342,214.040833476s
74,214.076486089s
61,214.103872375s
75,214.268330912s
190,214.416906858s
80,215.095867416s
43,215.660738591s
28,215.98969418s
29,216.078275034s
31,216.385856583s
41,216.499479562s
26,216.563014182s
27,216.636218851s
25,216.697877152s
32,216.760168581s
28,216.827007875s
27,216.906645522s
28,216.952940412s
34,216.983532682s
24,217.012522475s
26,217.042767047s
26,217.08481853s
42,217.11243318s
25,217.140030145s
28,217.1670147s
26,217.198004047s
54,217.226942014s
24,217.255235578s
27,217.281944803s
26,217.316457385s
34,217.343486932s
83,217.370376119s
33,217.464859937s
25,217.492319799s
29,217.519666551s
26,217.570994225s
34,217.59933534s
25,217.625702944s
30,217.652949191s
27,217.686894141s
39,217.713830853s
27,217.742798789s
28,217.770045962s
27,217.803662144s
32,217.830178973s
27,217.858026974s
28,217.885829638s
28,217.920218122s
33,217.946548131s
28,217.974165793s
27,218.003103315s
27,218.042584118s
42,218.070629069s
35,218.098358685s
28,218.126636475s
27,218.158470765s
556,218.186270673s
73,218.21396344s
32,218.241689604s
32,218.276131716s
33,218.30349487s
25,218.332593466s
28,218.359868141s
27,218.40311551s
33,218.439194176s
27,218.467117155s
27,218.494685165s
28,218.958941061s
35,219.119589005s
26,219.154062832s
28,219.189762556s
30,219.222436049s
198,219.25068845s
29,219.27866297s
62,219.306208634s
111,219.33988286s
155,219.36675949s
397,219.395377572s
441,219.48572068s
143,219.708314554s
153,219.773062395s
122,219.818340447s
637,219.928508366s
32,220.33481418s
29,220.47992901s
265,220.674112862s
164,221.064562666s
144,221.21200424s
37,221.334767623s
29,221.487776195s
30,221.639337218s
32,221.959900888s
37,222.027956852s
29,222.060626837s
30,222.090389455s
29,222.168986737s
44,222.304577083s
89,222.461701716s
33,222.702013398s
29,222.733303842s
29,222.766162833s
28,222.803489795s
38,222.832849549s
31,222.863614858s
31,222.893169574s
32,222.935047525s
191,222.96606285s
109,222.996155172s
107,223.026530955s
226,223.060862118s
20954,223.089590429s
411,223.119175497s
82,223.147435125s
85,223.182552363s
82,223.216205626s
45,223.248386679s
28,223.279215293s
34,223.449471745s
44,223.581223905s
36,223.665330658s
30,223.894789337s
48,244.763941846s
39,245.21268271s
28,245.361520442s
35,245.447062266s
31,245.523733116s
46,245.565693327s
31,245.610727821s
32,245.639393359s
27,245.690092152s
31,245.717441161s
25,245.755181712s
31,245.789274112s
28,245.841878031s
100,245.873069478s
29,245.986186623s
40,246.014540329s
31,246.048545733s
28,246.080517366s
29,246.111711931s
62,246.137327889s
25,246.168755188s
26,246.197632888s
29,246.236721654s
53,246.270482044s
97,246.297766771s
124,246.328242414s
147,246.368543015s
193,246.396734183s
94,246.429562759s
144,246.458583407s
129,246.514056632s
437,246.547860782s
157,246.645372772s
143,246.832505625s
61,246.997185504s
503,247.18933227s
162,247.571221328s
681,247.84082767s
172,248.292436929s
284,248.328577228s
44,248.360435161s
33,248.523305831s
32,248.713811019s
762,248.864728043s
82,249.028430862s
28,249.200917208s
27,249.424714481s
38,249.545162265s
28,249.71415912s
29,249.88547587s
32,250.162562907s
34,250.237925795s
28,250.272634387s
30,250.305418852s
31,250.944868422s
36,251.142161311s
27,251.179660171s
28,251.207327429s
139,251.243089341s
98,251.274045358s
31,251.303536434s
96,251.334436129s
178,251.370358836s
227,251.398508308s
161,251.427651754s
623,251.459548373s
513,251.554213604s
176,251.824263079s
330,252.07061003s
193,252.296955531s
352,252.453276619s
7590,252.638444823s
2978,252.828059537s
29,253.076214533s
34,253.207586363s
36,253.402156799s
75,253.593193625s
99,253.763692852s
713,253.911441842s
119,265.247011907s
152,265.276699239s
155,265.311395899s
276,265.343571688s
30,265.413953744s
94,265.50819017s
158,265.675762381s
1224,265.753538998s
82,265.904744919s
68,266.050960281s
444,266.213535248s
48,266.641087349s
47,266.905964639s
404,266.973084152s
127,267.037458085s
44,267.195480414s
48,268.39511704s
746,268.511345472s
413,268.585674967s
83,268.652187517s
605,268.970304627s
77,269.125583655s
322,269.543764111s
77,269.769310706s
324,270.394283385s
95,270.85961159s
88,271.008042854s
92,271.088013344s
97,271.492522925s
91,271.615164229s
92,271.691174979s
90,271.852873015s
73,271.932069628s
84,272.013873744s
300,272.092340001s
145,272.36332249s
71,272.51019424s
92,272.601246441s
77,272.677915206s
185,272.786245476s
253,272.88061649s
90,272.970954895s
74,273.06364652s
69,273.139528911s
75,273.224109201s
113,273.497143685s
72,273.670957159s
76,273.742000748s
65,273.821169611s
92,273.909523809s
74,274.096251575s
91,274.298476067s
64,274.440238886s
227,274.51738239s
348,274.582732808s
446,274.662263021s
424,274.769178061s
508,274.849096375s
438,274.923759367s
453,274.99153029s
11250,275.082394038s
642,275.316331386s
177,276.298786843s
654,277.231619384s
198,277.671944091s
173,278.12178064s
261,278.601978648s
227,289.221865985s
237,289.395226241s
263,289.626041649s
235,289.756608741s
265,290.007252085s
397,290.227989544s
316,290.634975193s
469,290.862989713s
338,291.083099347s
324,291.247626666s
278,291.506394305s
323,291.726305657s
349,291.975732515s
361,292.235638676s
414,292.467467057s
390,292.716553857s
369,293.134132537s
342,293.413213091s
386,293.925048259s
312,294.254237247s
490,294.580898062s
229,294.859465765s
28900,295.186398849s
464,295.497932289s
582,295.875397083s
574,296.286942617s
1083,296.69054873s
861,297.050579307s
57,297.406336138s
102,297.762459451s
36,298.097959663s
145,298.561015411s
142,328.135941902s
90,330.20004192s
47,331.259347449s
48,331.408394524s
34,331.511744286s
46,331.550439229s
37,331.586182007s
36,331.627973235s
33,331.693803487s
48,331.728080558s
33,331.771805651s
38,331.836525607s
124,331.920602139s
45,332.057935409s
44,332.09806523s
86,332.14078769s
32,332.179649886s
33,332.214263121s
31,332.259677263s
35,332.295994241s
31,332.333176376s
64,332.377772226s
32,332.423433117s
155,332.458768454s
35,332.633385185s
77,332.667594271s
68,332.701919805s
73,332.732826281s
70,332.770077052s
104,332.801086802s
113,332.859486239s
107,332.897918166s
84,332.939528631s
79,332.971000526s
35,333.020954117s
32,333.087403796s
33,333.16436344s
37,333.230516035s
30,333.303823695s
37,333.374436851s
36,333.472350695s
47,333.568682426s
35,333.694581545s
32,333.781185279s
31,333.83650986s
50,333.904118263s
27,333.93464925s
32,333.97040544s
30,334.0078826s
39,334.037776243s
33,334.070202593s
31,334.112440846s
34,334.158702002s
39,334.195647088s
31,334.229898725s
31,334.260133719s
30,334.310273127s
48,334.339782711s
31,334.368886436s
51,334.401366196s
150,334.440366683s
33,334.578050092s
38,334.611839709s
31,334.643603425s
35,334.674828531s
72,334.720797873s
37,334.754090446s
28,334.785319656s
137,334.835820901s
32,334.988538719s
30,335.028351856s
44,335.057625722s
29,335.09549778s
30,335.167556516s
47,335.203691721s
41,335.23408558s
29,335.263942054s
25541,335.297177576s
29,335.335038692s
36,335.364769082s
27,335.402413046s
26,335.434122977s
28,335.477009598s
52,335.507458354s
41,335.537155008s
147,335.567783577s
53,361.480627298s
28,361.520749161s
28,361.556448544s
32,361.585937092s
28,361.613932005s
28,361.640017322s
30,361.691582751s
35,361.734753002s
44,361.76385784s
31,361.791829774s
27,361.875218194s
43,361.932596662s
27,361.964857221s
66,361.993150888s
31,362.025641276s
44,362.053499269s
26,362.08252997s
28,362.109101764s
26,362.147024929s
31,362.175397062s
26,362.2224455s
33,362.251323893s
28,362.287042632s
125,362.321999435s
29,362.463013644s
42,362.491021212s
33,362.519155312s
29,362.547099643s
28,362.578586859s
56,362.604830922s
27,362.634486657s
90,362.666135252s
27,362.765414642s
28,362.819405611s
27,362.862009484s
34,362.889509574s
26,362.926098294s
28,362.953867265s
28,363.00810268s
43,363.038349851s
92,363.066300127s
47,363.155740542s
29,363.185111967s
30,363.212733193s
32,363.247055074s
103,363.274387392s
31,363.373616677s
42,363.40341038s
30,363.433741262s
32,363.463891123s
31,363.512254268s
54,363.542922356s
45,363.573558141s
40,363.605684096s
42,363.641842318s
258,363.674493925s
81,363.781026161s
72,363.815080376s
82,363.847082201s
54,363.879127804s
55,363.933513188s
62,363.97855145s
81,364.020000893s
31,364.061368862s
29,364.15730965s
37,364.243279692s
27,364.315673094s
30,364.396443988s
28,364.473122497s
41,364.555562336s
27,364.609928769s
28,364.665135579s
28,364.726190489s
119,364.799365276s
27,364.908071872s
34,364.937007095s
33,364.966597794s
42,364.996071963s
1831,365.036572229s
28,365.121185049s
31,365.155509653s
58,365.183803109s
26,365.215562517s
132,365.269146688s
31,365.408675396s
28,367.176722508s
36,367.210153169s
27,367.240068093s
31,367.271013648s
30,367.326791461s
96,367.355847793s
30,367.456734095s
46,367.485550508s
33,367.518703714s
32,367.547628251s
28,367.5845924s
95,367.612079038s
31,367.710636414s
39,367.740466025s
28,367.769964056s
33,367.79928414s
30,367.845404175s
49,367.878976893s
41,367.910252129s
34,367.941383576s
30,367.975003301s
74,368.006000893s
50,368.036807245s
62,368.067691655s
30,368.106530039s
35,368.13651373s
36,368.169148035s
32,368.200186522s
29,368.247850438s
37,368.29116328s
30,368.326049418s
35,368.356267534s
58,368.42066608s
47,368.476200374s
30,368.518631119s
33,368.573330445s
33,368.60869065s
112,368.640275415s
35,368.678319087s
52,368.7097239s
66,368.7453341s
113,368.776226609s
89,368.81279328s
125,368.859915796s
130,368.928562478s
194,368.960889916s
108,368.992052949s
177,369.023922682s
155,369.119207838s
159,369.173191981s
92,369.219952211s
200,369.289801216s
242,369.394653029s
374,369.486604107s
27894,369.605796739s
38,369.737084311s
52,369.924648356s
38,370.04245615s
33,370.210661366s
27,370.371672675s
26,370.529855935s
43,370.624980721s
36,370.802686509s
37,371.052698994s
29,371.419607s
69,399.342349618s
50,399.395590856s
52,399.427857873s
172,399.491328232s
46,399.579396161s
55,399.621207042s
31,399.65849734s
26,399.685917443s
36,399.725289825s
46,399.792671914s
78,399.846093237s
25,399.898193141s
194,399.926177435s
66,400.116620306s
151,400.158696728s
315,400.205177548s
138,400.231210402s
227,400.267755172s
3191,400.293840647s
9685,400.389569115s
2067,400.418229767s
27,400.465697981s
28,400.516544287s
26,400.611655798s
35,400.677669002s
25,400.742157543s
31,401.049062917s
30,401.268077684s
40,401.469142675s
32,401.956721235s
29,414.385422875s
99,416.438801936s
26,416.537671905s
58,416.600893639s
30,416.628681206s
26,416.659926787s
28,416.700792057s
34,416.729426936s
25,416.763349896s
31,416.791221291s
25,416.834718815s
40,416.864327837s
26,416.891341827s
29,416.91724121s
29,416.949207158s
54,416.975622398s
25,417.006961652s
27,417.035884082s
27,417.069799087s
35,417.096054131s
29,417.125779435s
31,417.153353719s
30,417.192640893s
34,417.219229038s
30,417.248521799s
30,417.276377721s
30,417.33012097s
39,417.358754759s
31,417.386251133s
199,417.415803719s
33,417.510786786s
36,417.538852616s
41,417.576024082s
38,417.606035323s
30,417.63500748s
29,417.667387861s
35,417.706803592s
41,417.73431465s
27,417.770778159s
42,417.831398877s
27,417.901332655s
57,417.965907291s
38,418.004874618s
28,418.037175527s
29,418.087739717s
82,418.119263743s
53,418.147605591s
27,418.176691311s
27,418.217832917s
33,418.252794546s
32,418.281565211s
40,418.322572492s
28,418.379970504s
51,418.415277888s
35,418.446554544s
36,418.475349993s
27,418.552922553s
55,418.609634371s
28,418.638559931s
40,418.665219466s
28,418.699704561s
78,418.72715358s
134,418.759658203s
108,418.880474491s
393,418.926171496s
198,419.037872113s
95,419.073470144s
189,419.106445267s
154,419.164437409s
193,419.213207377s
110,419.247852987s
205,419.310940743s
295,419.411776644s
448,419.517521011s
33,419.648625081s
50,419.79431907s
32,419.997149815s
123,420.089992223s
182,420.278671417s
204,420.441710763s
227,420.618892524s
316,420.738516202s
129,420.941572239s
225,421.152202925s
235,421.653177735s
206,421.745837982s
196,421.799230008s
771,421.83430917s
641,422.310012291s
203,423.208659711s
750,423.437649168s
133,424.058170285s
3114,424.280015236s
44,424.601781368s
14246,424.690598331s
142,424.782221762s
42,424.996096536s
153,425.259554186s
666,425.462282023s
534,425.686882125s
120,425.913021226s
280,426.206128626s
783,426.347104919s
4885,429.468124793s
91,429.541027362s
136,443.786841169s
100,443.929628605s
682,443.973975471s
98,444.128178982s
96,444.655807486s
126,445.226235653s
65,445.440903434s
80,445.718869885s
106,446.426447627s
127,451.199035664s
169,451.480744554s
98,451.571472184s
139,451.718502625s
99,452.334125018s
389,452.505985195s
64,452.600494127s
48,452.712666227s
37,452.794598992s
37,452.875044952s
47,452.97894923s
438,453.105210746s
83,453.510047961s
32,453.592687052s
131,453.731849528s
30,454.07418789s
26,454.103155038s
26,454.160649751s
52,454.187853623s
96,454.24645971s
54,454.326732347s
87,454.516706978s
34,454.623820904s
26,454.744219488s
38,454.800212618s
26,454.92990023s
57,454.964339294s
27,454.991283732s
41,455.016749582s
66,455.069499541s
51,455.165135963s
27,455.220994411s
42,455.277685355s
155,455.341717031s
42,455.434144663s
48,455.491274475s
36,455.519079008s
45,455.560406748s
38,455.609512581s
293,455.67746501s
43,455.79951074s
131,455.884007443s
51,455.947581191s
33,455.997291094s
35,456.031112077s
32,456.071797218s
32,456.107636918s
28,456.145642111s
117,456.250083294s
50,456.490593212s
27,456.580160708s
51,456.627381358s
28,456.665865183s
32,456.697141985s
31,456.737946044s
54,456.764767674s
27,456.799461311s
29,456.8275837s
26,456.869502331s
31,456.917235308s
26,456.94880166s
44,456.995084588s
40,457.042591078s
38,457.075890059s
26,457.10597224s
29,457.139366406s
31,457.185062201s
47,457.221132109s
27,457.250923581s
121,457.278334755s
84,457.373278662s
41,457.486765684s
46,457.515581909s
68,457.542946672s
73,457.594640481s
58,457.622835576s
27,457.650781106s
29,457.679094711s
29,457.740916081s
43,457.771476331s
38,457.800464483s
29,457.827886801s
28,457.863913813s
42,457.910287202s
30,457.977830126s
31,458.04680968s
28,458.115808714s
58,458.14397188s
53,458.172437254s
29,458.200587572s
28,458.239479669s
101,458.283469774s
80,458.382906426s
45,458.412474715s
40,458.445549023s
35,458.475282089s
43,458.5260211s
75,458.587812062s
284,458.61711445s
56,458.644786s
89,458.680568301s
34,458.709838977s
27,458.739346093s
119,458.827475451s
28,458.949524378s
31,458.992968358s
28,459.06239783s
36,459.290693998s
87,459.405252104s
42,459.560282132s
39836,459.593398932s
27,459.621557603s
28,459.659746623s
31,459.708821446s
27,459.738076583s
34,459.769148055s
24,459.804842843s
92,459.834151795s
25,459.934333503s
62,499.769806072s
25,499.801699977s
34,499.83077126s
61,499.861437061s
250,499.887437524s
27,499.923334658s
26,499.948818457s
36,499.980837024s
92,500.012299318s
109,500.041318768s
122,500.066676709s
111,500.128754127s
182,500.154636742s
85,500.18551566s
460,500.243514274s
126,500.555657404s
167,500.592249756s
476,500.662770833s
73,501.010083617s
163,501.182844292s
214,501.275764506s
186,501.419422647s
221,501.588862139s
222,501.732213333s
294,501.859987154s
141,502.019516024s
230,502.180844077s
591,502.426443283s
34,502.733136567s
32,502.948259288s
958,503.130948729s
81,503.358528577s
36,503.57201316s
29,503.86261388s
36,504.005578751s
31,504.236268268s
30,504.475218314s
31,504.789693778s
36,504.867367918s
32,504.897236319s
34,504.934325156s
27,505.739407487s
41,505.966501604s
51,506.005721089s
387,506.039678554s
110,506.167744862s
216,506.205682694s
237,506.236446629s
162,506.273027939s
186,506.30214051s
234,506.340075836s
322,506.371422936s
163,506.428126635s
241,506.480241349s
250,506.634030885s
207,506.771879665s
122,506.853806792s
235,507.071542631s
245,507.303762818s
13861,507.476963154s
122,508.201701117s
34,508.381000912s
25,508.615229888s
97,508.871685669s
29,509.437352959s
33,509.672182958s
24,523.462104551s
33,523.551234407s
27,523.580818665s
25,523.610901952s
28,523.767242508s
45,523.802357528s
28,523.82768958s
27,523.863345012s
30,523.890679956s
30,523.921307344s
24,523.954253494s
92,523.987409961s
87,524.06705757s
80,524.171748819s
46,524.199070842s
39,524.23252624s
46,524.257752212s
454,524.282649678s
639,524.307062051s
105,524.342798071s
638,524.375450342s
161,524.410763375s
93,524.436852825s
100,524.50552555s
92,524.563339582s
77,524.603818628s
82,524.648429985s
46,524.972063077s
26,525.683964943s
67,525.841535087s
61,526.410722397s
43,526.640748018s
40,526.741261253s
37,526.840623227s
30,526.93090039s
33,527.00976932s
22,527.094321702s
39,527.143416323s
32,527.169961232s
92,527.237041487s
35,527.382435442s
103,527.419947767s
23,527.50828209s
216,527.547326523s
39,527.695488407s
29,527.73397804s
30,527.76549654s
96,527.812273575s
31,527.914165327s
25,527.967090544s
24,528.018508653s
68,528.05147941s
34,528.077920873s
25,528.121110722s
50,528.152402514s
76,528.177117251s
31,528.213123034s
24,528.245916548s
34,528.279812565s
29,528.305259511s
32,528.329317173s
26,528.379945088s
23,528.432950529s
41,528.458363862s
38,528.49490112s
25,528.545661043s
25,528.60789451s
40,528.64226096s
33,528.665711509s
27,528.706335655s
24,528.730706994s
125,528.76573935s
23,528.868406416s
30,528.894868854s
24,528.919313846s
24,528.961935074s
23,528.99539802s
32,529.021431408s
22,529.046790625s
23,529.105134288s
25,529.146039446s
31,529.172901393s
23,529.196661401s
25,529.226754824s
24,529.2500007s
37,529.275786671s
23,529.299236876s
49,529.330256703s
180,529.355004757s
221,529.378729592s
193,529.402587656s
234,529.435598843s
390,529.459628421s
256,529.544779375s
259,529.570114925s
81,529.611073744s
120,529.789723457s
243,529.998827444s
270,530.19904708s
140,530.429730107s
24,530.666060666s
28,530.807973181s
186,530.836072791s
312,531.068463604s
220,531.323242165s
260,531.434553757s
18246,531.526372695s
41,532.212051518s
25,532.238702008s
54,532.264683992s
34,532.429668834s
44,532.725158259s
25,532.951457319s
77,533.223064897s
42,551.409234002s
29,551.464067572s
28,551.493617217s
30,551.5207775s
55,551.56159932s
26,551.61575416s
37,551.650734902s
33,551.694952918s
124,551.720384261s
117,551.870988639s
37,551.895783772s
50,551.92844391s
87,551.967229633s
121,552.010575182s
131,552.047978121s
459,552.081214861s
92,552.142678026s
130,552.16670102s
20119,552.202150793s
60,552.41224967s
53,552.478682708s
91,552.616382955s
29,552.694931321s
128,552.891678838s
44,573.260151011s
23,573.284167898s
49,573.617338273s
149,573.671344089s
35,573.733164322s
23,573.785025293s
24,573.823050991s
23,573.851660792s
28,573.874876431s
23,573.920240913s
38,573.960155504s
23,573.98765697s
38,574.035437161s
23,574.12725465s
24,574.222830424s
23,574.246264157s
325,574.271182679s
22,574.295065978s
23,574.323320942s
22,574.346499636s
58,574.384269074s
62,574.409347699s
114,574.446254838s
124,574.469459908s
214,574.495796201s
120,574.518721149s
206,574.80822895s
186,574.866741195s
197,574.89075886s
162,574.913259762s
195,574.963244661s
259,575.025311274s
2495,575.133855237s
66,575.255173271s
189,575.45792327s
218,575.584588543s
266,575.779366564s
194,575.969615442s
301,576.17041063s
300,576.334986486s
355,576.532177546s
159,576.738657742s
241,579.255293134s
303,579.370666888s
456,579.518532982s
34,579.763604018s
25,580.024011528s
25,580.214910791s
1051,580.515302935s
17260,580.813308666s
28,581.157066716s
22,581.325610776s
74,581.579365548s
27,582.407632983s
29,582.43448846s
22,582.459675343s
24,583.362002812s
22,600.489000496s
55,600.828031493s
24,600.850212496s
67,600.878334633s
92,600.901502192s
350,600.925382059s
37,600.949991711s
95,600.981729375s
173,601.004326117s
227,601.028167371s
172,601.052137053s
234,601.106181707s
226,601.130057114s
394,601.161656597s
140,601.26869918s
277,601.600268561s
264,601.665737973s
257,601.742811719s
716,601.924666713s
547,602.558698514s
24,602.793171182s
25,603.155890535s
31,603.327759785s
216,603.571545327s
237,603.855425815s
276,604.098530537s
273,604.264324058s
392,604.528032467s
161,604.816636573s
288,605.353720216s
279,605.432762898s
290,605.458683025s
217,605.487433173s
604,605.66714444s
24,605.901959433s
46,606.183269179s
27,606.459524517s
25,606.843484787s
26,607.001863959s
32,607.291856515s
23,607.579844679s
24,607.869366454s
26,608.088077672s
35,608.725858907s
24,608.754383556s
27,608.798426675s
23,608.828128276s
118,608.853178712s
198,608.877095395s
41,608.912139635s
1631,608.936006331s
88,609.02037342s
1337,609.073316919s
113,609.215887358s
108,609.414361649s
93,609.454589563s
1048,609.497772153s
94,610.265543622s
129,611.000826495s
130,611.169573894s
66,611.45476387s
82,612.147759211s
463,612.48605459s
122,612.825100693s
81,613.808754022s
213,613.965916027s
523,614.090615557s
123,614.212543436s
96,614.295654907s
103,614.3763536s
110,614.448497485s
117,614.741032056s
125,614.8166205s
108,614.940542502s
80,615.036778414s
92,615.253423535s
86,615.694204235s
185,615.905813014s
121,615.995397453s
98,616.105300468s
101,616.205412536s
119,616.326389908s
92,616.449764393s
100,616.564527335s
171,616.647783813s
122,616.728777896s
74,616.825720028s
131,616.984323536s
77,617.121904139s
184,617.226604617s
67,617.325778227s
59,617.426592364s
33,617.539333143s
129,617.639659245s
19909,618.014386075s
28,618.135914993s
67,618.220904297s
29,618.537736585s
23,618.571832753s
36,618.641720291s
20,618.677014103s
38,618.701122117s
30,639.045748485s
29,639.077700202s
21,639.100590384s
60,639.123500919s
37,639.144897495s
21,639.173105521s
71,639.196460954s
23,639.293476738s
21,639.323968253s
36,639.354049071s
24,639.375912668s
25,639.433401258s
25,639.472165872s
30,639.496138824s
21,639.517872543s
23,639.544653833s
21,639.566806501s
35,639.590131681s
20,639.612672564s
21,639.647219743s
22,639.670398743s
25,639.698245962s
68,639.721924814s
28,639.799880626s
21,639.821467378s
23,639.855448175s
22,639.878535369s
34,639.900269889s
22,639.921113725s
22,639.947818832s
21,639.969485653s
49,639.993199047s
21,640.016897319s
22,640.044911329s
21,640.066759993s
24,640.089597606s
21,640.112160181s
22,640.146798158s
21,640.168486348s
29,640.191580141s
22,640.213197515s
23,640.258888662s
22,640.28254492s
33,640.305441262s
22,640.327187563s
24,640.352224476s
23,640.372896154s
33,640.39556982s
21,640.416842129s
22,640.445868784s
22,640.468140217s
74,640.49273071s
22,640.5697677s
29,640.594031617s
22,640.617574749s
23,640.651883506s
22,640.673759163s
46,640.6961267s
35,640.718585445s
30,640.745168807s
29,640.767638184s
245,640.790299325s
510,640.814834427s
78,640.843945666s
86,640.866635607s
28,640.890415565s
27,640.912858237s
26,640.959724697s
21,640.995210976s
32,641.026798184s
23,641.056006735s
22,641.232716016s
31,641.738604716s
31,641.883369599s
21,641.967650966s
142,642.006697697s
21,642.031623719s
35,642.05839533s
23,642.082660526s
22,642.111064981s
20,642.13795088s
26,642.161388894s
20,642.182403985s
69,642.222270746s
20,642.411077114s
21,642.444965207s
100,642.468022229s
112,642.560608307s
21,642.651035732s
40,642.672695732s
90,642.694071792s
142,642.729258034s
204,642.750227049s
340,642.772491474s
159,642.795128172s
233,642.840701418s
275,642.863096037s
271,642.885196575s
229,642.906667565s
312,642.938753724s
278,643.019838926s
413,643.162520471s
510,643.354912187s
377,644.092246133s
288,644.361502022s
291,644.625214579s
305,644.860188446s
444,645.17127355s
228,645.451802068s
289,645.866727196s
329,645.957516678s
451,646.070310492s
2467,646.366776804s
26,646.744147155s
34,647.019868683s
87,647.327531024s
52,647.634864679s
26,648.071724002s
31,648.297890233s
27,648.597832054s
116,648.906443432s
46,651.912959662s
115,651.946014572s
31,652.111262367s
50,652.136243863s
23,652.172994546s
36,652.196000496s
51,652.236369512s
22,652.28855462s
32,652.335335687s
24,652.359236749s
52,652.383466713s
104,652.433974993s
24,652.483476882s
22,652.535063223s
130,652.558438955s
179,652.594312432s
69,652.645916003s
22,652.668543006s
20496,652.701067456s
1488,652.726653223s
24,652.779776842s
22,652.82651622s
403,652.909222858s
24,652.931727779s
73,653.059313812s
24,653.333491428s
23,673.81371648s
22,675.314276801s
29,675.343063269s
22,675.365804625s
22,675.723092361s
26,675.791025752s
30,675.816520577s
21,675.839594365s
23,675.866600206s
22,675.888994651s
36,675.914334439s
75,675.936993055s
35,676.011347268s
25,676.038225819s
24,676.068178214s
25,676.091149016s
29,676.113918298s
21,676.135674644s
23,676.170646189s
23,676.19515863s
509,676.222394142s
39,676.308091377s
1554,676.332595727s
260,676.410644757s
604,676.433704649s
493,676.456962324s
74,676.733331367s
241,676.927682892s
87,677.750589378s
143,678.552359166s
22,678.815342127s
23,679.266644626s
36,679.914242773s
40,679.98825625s
21,680.068296747s
22,680.145755607s
22,680.227534859s
27,680.267963336s
22,680.39462599s
24,680.432413206s
78,680.488119516s
26,680.588410873s
23,680.611288688s
41,680.633880118s
37,680.6562386s
26,680.683149961s
25,680.705097868s
48,680.729406932s
21,680.751790533s
21,680.783913958s
20,680.80785403s
25,680.832021002s
21,680.858024133s
71,680.899405092s
24,680.990009493s
23,681.03553789s
21,681.058747133s
30,681.081415743s
23,681.102023471s
27,681.127305923s
21,681.14879158s
34,681.171345406s
20,681.193103074s
25,681.220172032s
23,681.242425392s
27,681.268346097s
23,681.29104417s
23,681.319835992s
23,681.344418368s
30,681.371877374s
34,681.393476221s
35,681.42611362s
22,681.449068774s
38,681.474910961s
41,681.497303242s
35,681.524789616s
22,681.546743468s
58,681.571494216s
39,681.5946687s
29,681.626564136s
26,681.661198468s
30,681.69497361s
21,681.719212167s
22,681.758234427s
21,681.80000352s
29,681.834397466s
20,681.858844384s
23,681.914133423s
22,681.954011348s
28,681.986317747s
24,682.012100059s
23,682.042179468s
30,682.065188792s
52,682.087675397s
25,682.10941346s
26,682.138330801s
50,682.159665605s
30,682.18194428s
25,682.204656952s
36,682.233826458s
25,682.255839264s
175,682.28116852s
89,682.310418908s
183,682.35170603s
205,682.389421827s
186,682.4169014s
176,682.442179871s
222,682.496809359s
259,682.523175528s
543,682.550419097s
569,682.825362005s
268,683.402870172s
18810,683.557086703s
82,683.796849478s
25,684.050926666s
40,684.536037349s
165,684.607010002s
40,684.924778721s
22,685.149236463s
47,685.437794777s
42,704.278743411s
25,704.36111206s
69,704.385629772s
30,704.427768477s
46,704.451821957s
37,704.500782248s
60,704.572545668s
29,704.632500297s
22,704.657357018s
88,704.704270252s
23,704.727805009s
159,704.771203492s
251,704.841202601s
36,704.869919748s
174,704.894996868s
16978,704.943056984s
14669,705.008681827s
237,705.047019658s
66,705.181861399s
34,705.337054796s
33,705.58989368s
1226,705.629065549s
23,736.957261515s
48,737.545698581s
23,737.651599997s
29,737.690331311s
25,737.741850515s
44,737.781856876s
22,737.820403501s
26,737.908262354s
26,737.933788955s
33,739.049029819s
22,739.074149399s
25,739.120170928s
26,739.147160764s
35,739.173480572s
23,739.202534588s
27,739.246240915s
25,739.270200366s
43,739.294596918s
23,739.322707706s
31,739.35244765s
24,739.378480892s
56,739.404050059s
21,739.430791386s
31,739.462660949s
26,739.487995657s
33,739.514156666s
22,739.542128801s
34,739.585229663s
26,739.608747225s
36,739.636684262s
74,739.663362887s
30,739.773898141s
29,739.802041252s
23,739.835585622s
87,739.858185141s
81,739.955094888s
23,740.03129592s
30,740.061560566s
26,740.088132791s
38,740.114515832s
22,740.139235727s
31,740.177288061s
24,740.201716715s
122,740.225153692s
31,740.249162816s
30,740.281695247s
23,740.305480341s
525,740.332373125s
61,740.362658598s
22,740.399891826s
23,740.425508264s
30,740.450556701s
26,740.479725854s
23,740.6045436s
26,740.636049557s
28,740.665845516s
31,740.688901833s
24,741.144838142s
23,741.272148874s
37,741.299180918s
27,741.322218038s
31,741.352326258s
25,741.380196146s
42,741.402574848s
22,741.426250754s
376,741.456761999s
670,741.537640153s
830,741.635250505s
334,741.72588604s
251,741.750773347s
946,741.833067997s
641,742.473102937s
23,742.732553154s
35,743.07482489s
24,743.279648654s
240,743.572634475s
975,743.890954471s
407,744.664725766s
272,745.087187925s
345,745.726200674s
319,745.802276835s
441,745.837656084s
262,745.861892176s
42093,746.057526305s
44,746.344260642s
410,746.679252039s
36,747.019115715s
28,747.436421628s
25,747.694981568s
99,748.058603535s
171,748.414517358s
217,748.817778706s
251,749.080532496s
430,791.207198968s
178,791.260451352s
296,791.624559195s
342,791.712342012s
589,791.740536925s
291,791.766966222s
52,791.836848527s
2425,792.00287973s
155,792.857623479s
227,793.092761462s
740,793.370064327s
242,793.694182858s
80,794.292996459s
85,794.631490475s
105,794.687184624s
580,794.997260455s
73,795.9458454s
417,796.967057633s
90,797.259476911s
78,797.489291608s
111,798.114658568s
82,798.473248979s
89,798.555356138s
110,798.633715669s
131,798.744778954s
87,799.264134792s
160,799.401836452s
60,799.7385103s
114,799.906794082s
150,799.984814168s
84,800.094737851s
17046,800.182832202s
41,800.27350728s
23,800.378283021s
47,800.510569852s
36,800.596550484s
31,800.759343892s
122,800.826628581s
107,801.160843273s
26,818.291804299s
30,818.335925259s
24,818.373752802s
31,818.404740676s
79,818.430323753s
82,818.567526611s
22,818.663564762s
35,818.691270573s
85,818.718615009s
27,818.804077709s
23,818.829496398s
24,818.861336848s
25,818.889683567s
30,818.913483959s
23,818.935826972s
24,818.970079449s
29,818.993581176s
42,819.024799109s
31,819.054808311s
23,819.084005371s
23,819.106783181s
853,819.131488426s
54,819.156932059s
23,819.187636365s
21,819.210794298s
29,819.236129753s
65,819.263956838s
28,819.36286055s
21,819.386266068s
27,820.098739764s
29,820.291644655s
31,820.317467197s
27,820.339884098s
26,820.368462338s
23,820.390558637s
311,820.413001166s
33,820.434205859s
115,820.462050367s
250,820.485366841s
916,820.511865553s
334,820.598763148s
441,820.624508094s
222,820.650011454s
336,820.925730313s
351,820.995360424s
236,821.078517827s
200,821.319976338s
347,821.658320315s
386,821.917445249s
613,822.237012182s
26,822.564629465s
30,822.997488211s
42,823.228064978s
372,823.57579983s
284,823.916714353s
339,824.158738702s
373,824.346511578s
472,824.700129769s
236,825.084823929s
375,825.683429253s
2464,825.772999808s
42,825.806165865s
40,825.830850183s
24,826.177164439s
41,826.454824146s
59,826.79734109s
35,827.175868723s
24,827.63490565s
61,827.87722073s
48,828.243194685s
37,830.766943283s
26,830.811549691s
128,830.852485971s
35,830.877400775s
24,830.918055477s
56,830.976215138s
52,831.011661226s
50,831.037537497s
123,831.096346159s
54,831.148116852s
3609,831.1840408s
11739,831.37588037s
16643,831.400587717s
39,831.425831162s
22,831.486372718s
23,831.559909424s
104,831.683206295s
24,833.589055827s
94,847.052323352s
28,863.796815815s
64,863.843498626s
25,863.877009572s
24,863.900070843s
34,863.925010065s
22,863.95004398s
30,863.980543715s
23,864.003992195s
28,864.044012276s
32,864.072494957s
28,864.107391437s
25,864.13586971s
46,864.163376121s
23,864.187884072s
25,864.222862807s
28,864.245896092s
401,864.272517705s
24,864.298497243s
34,864.327867896s
23,864.350942735s
712,864.389571494s
305,864.4848623s
594,864.536096945s
321,864.894410891s
322,864.965367544s
327,864.988485134s
217,865.023278391s
1674,865.2236132s
30,865.995055336s
686,866.586834592s
467,866.915100683s
445,867.232021763s
473,867.563740324s
391,867.807373398s
537,868.141013757s
195,868.564977547s
553,869.396741432s
378,869.528314617s
684,869.766602319s
28,871.037061428s
66,871.542761956s
43,871.940143442s
25,872.479772013s
21,872.677847427s
26,873.232097848s
22,873.600294644s
24,874.261239212s
23,874.320600203s
29,874.347462434s
23,874.376296006s
26,874.441319269s
25,874.486168204s
32,874.510995151s
23,874.534896578s
24,874.561412501s
23,874.583138904s
38,874.607891121s
22,874.631246525s
26,874.66105213s
23,874.684191346s
35,874.711575884s
23,874.734895754s
27,874.767007544s
24,874.792619136s
77,874.817132079s
22,874.901359259s
34,874.926575683s
23,874.949779224s
23,874.986013363s
23,875.010329372s
48,875.037903776s
41,875.060746043s
54,875.092046043s
24,875.115424953s
33,875.140069483s
22,875.162345753s
24,875.197109316s
23,875.219876125s
29,875.244672237s
22,875.267998602s
23,875.313788892s
22,875.348226464s
31,875.410982646s
101,875.436699514s
45,875.517433604s
24,875.541273087s
26,875.570938306s
32,875.594179839s
33,875.617790736s
26,875.640120002s
471,875.671433554s
259,875.770923864s
421,875.809744965s
382,875.843368396s
669,875.87017224s
296,875.901668326s
49,875.934638133s
226,875.96060821s
1359,875.988218627s
1045,876.014444592s
89,876.382112645s
620,876.635763284s
266,877.060492974s
105,877.443137796s
101,878.113183981s
84,878.462201803s
76,878.510124054s
84,878.739008525s
26,879.892835755s
23,881.013195491s
83,881.229017141s
25,882.219419368s
42,882.318532534s
23,882.423761951s
24,882.502571755s
26,882.588253342s
28,882.618230256s
22,882.6426609s
21,882.675972203s
27,882.700835569s
32,882.725515649s
65,882.750374521s
26,882.793049646s
39,882.816681443s
52,882.84146938s
41,882.869395086s
34,882.896575328s
26,882.920233161s
53,882.943195533s
82,882.969451602s
28,883.091806766s
25,883.118001255s
22,883.174063902s
26,883.217954809s
28,883.264180766s
29,883.287390781s
25,883.342820343s
22,883.370967742s
29,883.403111861s
21,883.426726082s
27,883.455275803s
32,883.481942558s
42,883.50485368s
26,883.530685632s
30,883.55886497s
22,883.586207536s
28,883.61190743s
22,883.635657599s
23,883.664999034s
81,883.686976781s
31945,883.788713138s
31,883.869994272s
27,883.896968211s
24,883.921006883s
848,883.945652267s
61,883.972056953s
25,884.00335616s
23,884.026645646s
31,884.332419768s
23,915.895126665s
23,915.97098181s
24,916.003708139s
30,916.028766929s
24,916.054931254s
23,916.739827379s
42,916.96011255s
33,916.991457945s
23,917.014579045s
23,917.044780777s
50,917.069813806s
61,917.093973638s
18561,917.118090156s
1795,917.14827544s
21,917.172830061s
21,917.197228699s
28,917.239693911s
18,917.272181219s
54,917.295887542s
3365,917.320024288s
64,917.354051319s
