6722,0ns
82,133.312978859s
71,133.378067644s
61,133.440585966s
58,133.499235337s
60,133.571846564s
60,133.626111342s
65,133.683616845s
57,133.770325494s
65,133.804235196s
64,133.865595689s
62,133.920804677s
68,134.001559685s
64,134.055735537s
63,134.132863773s
82,134.237434658s
61,134.306616592s
93,134.341339354s
85,134.403890009s
69,134.462380918s
63,134.52123067s
60,134.590098209s
57,134.647934215s
40,134.709767182s
45,134.770798816s
47,134.837923207s
40,134.906464444s
42,134.970580638s
41,135.033837332s
45,135.119947133s
43,135.179151378s
43,135.254605396s
42,135.340160049s
61,135.418144097s
47,135.48800272s
40,135.547498557s
45,135.60880919s
48,135.659385584s
46,135.701394995s
46,135.74707772s
47,135.79108835s
53,135.833952236s
45,135.878562647s
44,135.918592981s
59,135.96493161s
55,136.010544113s
45,136.051966715s
58,136.100084127s
50,136.150528716s
77,136.201747617s
76,136.247136303s
60,136.29044871s
61,136.337081445s
51,136.386599615s
57,136.432547391s
57,136.480381824s
48,136.528243138s
61,136.576153554s
42,136.63267121s
42,136.685648383s
148,136.73586411s
33,137.020296864s
51,137.082369599s
50,137.143854838s
32,137.196965096s
40,137.251012865s
33,137.311227621s
41,137.360792251s
37,137.419074364s
36,137.464051374s
42,137.508719889s
30,137.551946744s
34,137.590246455s
39,137.622949382s
106,137.657914062s
32,137.786439362s
68,137.825982377s
44,137.86674851s
103,137.899712587s
28,138.014850638s
37,138.05723997s
30,138.086606422s
43,138.12192224s
31,138.160688245s
37,138.198904049s
37,138.233020171s
109,138.26843095s
33,138.40742394s
51,138.446415871s
35,138.485170492s
37,138.515679135s
39,138.545527443s
34,138.582501619s
39,138.614235439s
40,138.657870713s
34,138.688618163s
45,138.7267605s
42,138.764447362s
37,138.801915421s
49,138.838845071s
45,138.874003407s
41,138.9075175s
48,138.95980657s
51,138.991776019s
75,139.031664691s
68,139.070615777s
55,139.104454791s
60,139.142715717s
66,139.183767658s
49,139.218964551s
54,139.264066848s
2653,139.304093329s
214,139.345154421s
149,139.532921962s
45,139.726033121s
70,139.78232906s
34,139.840333543s
108,139.905861431s
30,142.664225935s
36,142.723060885s
28,142.775556371s
40,142.831526382s
28,142.880937959s
33,142.93018005s
42,142.979477983s
34,143.031712732s
36,143.077152741s
39,143.148543252s
29,143.181617419s
121,143.221223637s
29,143.323877994s
36,143.361045606s
27,143.390053671s
34,143.430013827s
30,143.459022805s
40,143.489109304s
31,143.53428995s
35,143.569833522s
34,143.605328412s
35,143.646236679s
36,143.675654364s
110,143.737361962s
35,143.826939535s
34,143.860622643s
39,143.89093101s
31,143.922184066s
34,143.954618164s
28,143.995788026s
34,144.02578607s
34,144.06260993s
34,144.095932942s
34,144.132378927s
109,144.168448932s
41,144.279352275s
182,144.34949939s
45,144.454723443s
73,144.519314523s
31,144.552321441s
36,144.588438966s
36,144.623393525s
37,144.663336603s
34,144.701134008s
34,144.732939643s
38,144.771187384s
36,144.809543711s
34,144.8720213s
37,144.915345831s
48,144.955325084s
32,145.000778833s
37,145.038636242s
32,145.0755451s
40,145.106762421s
32,145.143065763s
36,145.17889341s
29,145.21444875s
46,145.251875582s
32,145.285554457s
36,145.323417579s
41,145.362131576s
39,145.397059736s
35,145.434816816s
47,145.482699706s
42,145.513510013s
80,145.553165436s
41,145.584639273s
34,145.625321524s
39,145.657552481s
43,145.693815451s
38,145.724004047s
141,145.769286171s
48,145.878644108s
46,145.917912416s
57,145.953924209s
44,145.999982742s
53,146.042555389s
44,146.126270557s
56,146.160305149s
63,146.202804593s
39,146.241642096s
49,146.284827391s
57,146.320422605s
51,146.369510984s
50,146.415438289s
45,146.46255464s
60,146.506825964s
58,146.555437708s
54,146.61222035s
45,146.657181856s
68,146.708590514s
59,146.757310046s
56,146.809658879s
53,146.879235612s
42,146.91529949s
103,146.968971144s
78,147.016896263s
73,147.069508517s
93,147.11942868s
79,147.169702234s
51,147.230716126s
64,147.286847018s
50,147.337844949s
80,147.388359863s
68,147.458724505s
81,147.519204916s
176,147.570719013s
58,147.777281764s
53,147.847924053s
72,147.925071583s
59,148.017016435s
63,148.094064209s
61,148.151504276s
55,148.214777285s
72,148.268878249s
56,148.34758546s
50,148.416689217s
59,148.496500455s
55,148.550039614s
165,148.618160334s
57,148.786840929s
74,148.861054925s
54,148.918381736s
71,148.984453445s
36,149.040962688s
42,149.101780407s
36,149.170362482s
39,149.220700279s
30,149.276813928s
40,149.340536289s
31,149.388932737s
41,149.454244379s
32,149.512085208s
37,149.561200131s
36,149.617682501s
39,149.692698376s
36,149.741346589s
38,149.821081471s
30,149.854087097s
47,149.895159204s
30,149.936426761s
35,149.975742082s
32,150.00650895s
38,150.045160122s
29,150.078288359s
37,150.120103812s
30,150.15235046s
41,150.190749326s
30,150.226002829s
113,150.266837208s
39,150.372296569s
45,150.418573542s
39,150.449499689s
82,150.48478993s
70,150.516694986s
59,150.555945437s
40,150.585894687s
44,150.62255588s
36,150.653974913s
35,150.695686996s
36,150.726288369s
34,150.76320345s
35,150.804064019s
35,150.839390682s
34,150.877706342s
36,150.923427199s
35,150.96374511s
33,151.048136635s
34,151.103754917s
47,151.170422086s
31,151.213767321s
35,151.264704792s
31,151.299711967s
36,151.3373228s
30,151.373001542s
36,151.407696128s
31,151.442365368s
41,151.477389889s
30,151.511832326s
38,151.549378767s
44,151.584531639s
38,151.618975993s
35,151.653393887s
43,151.70113873s
31,151.73163903s
69,151.768281488s
35,151.799536217s
34,151.836058514s
34,151.865525321s
29,151.902633214s
86,151.93384996s
31,152.043880131s
32,152.086151583s
5670,152.125676764s
73,152.163035397s
28,152.206854529s
46,152.23846922s
33,152.308442719s
51,152.340202942s
78,152.378913977s
28,152.412560951s
42,152.443614598s
40,152.47561905s
32,152.502530117s
41,152.530352412s
134,152.56165958s
26,158.297769851s
50,158.368302758s
197,158.414331129s
285,158.57949814s
401,158.678946389s
83,158.802671747s
67,158.850194187s
79,158.901645355s
112,158.927663599s
65,158.978978353s
164,159.054699867s
45,159.208277075s
31,159.260771272s
61,159.446566042s
40,159.557325861s
42,159.698153635s
64,159.782069326s
43,159.917553886s
30,159.992586631s
64,160.07049904s
25,160.165742026s
46,160.240208429s
25,160.336706919s
69,160.374061403s
48,160.433410415s
45,160.500803648s
54,160.531656578s
27,160.594122685s
59,160.633254018s
25,160.675957998s
62,160.71607502s
64,160.783501441s
46,160.814912654s
43,160.863939021s
130,160.904834861s
43,161.046903219s
66,161.09534229s
34,161.126389996s
34,161.192395861s
82,161.224155632s
42,161.283242336s
123,161.309717836s
27,161.47864865s
65,161.524516879s
28,161.558333456s
42,161.613633556s
46,161.653557199s
32,161.694084092s
65,161.731887859s
112,161.798583897s
32,161.950954075s
41,161.9948449s
82,162.028868039s
88,162.084246941s
54,162.113237828s
285,162.179014216s
129,162.29644635s
67,162.328929911s
52,162.385040196s
30,162.421412966s
59,162.468689115s
27,162.507439675s
43,162.537059207s
51,162.580235811s
49,162.662634918s
31,162.750456745s
57,162.802222453s
33,162.835998701s
56,162.880146508s
37,163.092014538s
33,163.17607575s
62,163.285767637s
63,163.336700681s
48,163.371270488s
69,163.418710151s
64,163.457813069s
66,163.492225658s
72,163.547349367s
207,163.594155309s
60,163.724862867s
67,163.779321711s
68,163.819699749s
80,163.852754422s
71,163.915439572s
72,163.950206239s
119,164.012499844s
34,164.094287277s
33,164.158159459s
91,164.217257409s
28,164.442414982s
35,164.50149687s
33,164.564657875s
36,164.631163065s
28,164.701409483s
39,164.775536275s
30,164.845608891s
33,164.926291211s
29,165.049081917s
35,165.080373887s
41,165.116269128s
53,165.150998031s
56,165.180379315s
71,165.208257113s
71,165.236480535s
81,165.271693958s
212,165.304952674s
83,165.409375649s
236,165.440163681s
64,165.538115316s
341,165.577124671s
96,165.756381221s
109,165.827073854s
74,165.905710893s
57,165.976929791s
56,166.049521765s
65,166.127539902s
120,166.20240275s
77,166.266469501s
157,166.355233711s
56,166.573114739s
79,166.663782756s
53,166.852365909s
57,166.93858078s
181,167.056180951s
112,167.242783603s
60,167.310463026s
5139,167.429078621s
64,167.501632164s
69,167.558381246s
83,167.612536854s
65,167.665963639s
54,167.718802221s
70,167.801498816s
65,167.851876355s
54,167.911634163s
54,167.979860646s
65,168.03145083s
88,168.09327747s
67,168.201679446s
65,168.254143625s
69,173.368588264s
73,173.464925495s
207,173.532353089s
98,173.733066439s
107,173.79781096s
259,173.876085628s
220,174.05143374s
71,174.142423766s
72,174.207549591s
77,174.275360786s
46,174.329967403s
60,174.411280745s
61,174.482406983s
40,174.543324302s
29,174.607596379s
59,174.723445148s
29,174.828949529s
126,174.921475987s
49,175.307337049s
48,175.380944164s
28,175.454969076s
42,175.535957949s
47,175.581642867s
72,175.642994069s
71,175.704698993s
37,175.744599797s
66,175.772804843s
122,175.80100781s
41,175.934595528s
66,175.976801548s
32,176.038319381s
43,176.086644017s
46,176.115631549s
43,176.157784999s
28,176.186935377s
38,176.277968924s
70,176.333935007s
62,176.385477877s
46,176.451542327s
40,176.4939864s
30,176.525095163s
29,176.57490571s
30,176.616228051s
28,176.648555473s
29,176.713675888s
32,176.757704102s
29,176.791670775s
25,176.847942245s
74,176.876189317s
27,176.915206805s
26,176.943625588s
26,177.025226558s
27,177.093935728s
49,177.1362852s
36,177.166529719s
29,177.196127782s
39,177.226040014s
35,177.254661484s
96,177.28401345s
37,177.371484705s
85,177.445337571s
27,177.526492544s
25,177.553321588s
26,177.603532113s
27,177.635160009s
92,177.666961454s
30,177.770588139s
57,177.836849395s
27,177.873787168s
27,177.90429604s
120,177.93185405s
39,178.017529486s
33,178.043410055s
36,178.071228528s
31,178.10865583s
32,178.13705396s
67,178.164415292s
45,178.194781268s
51,178.222716609s
112,178.252453949s
56,178.280087319s
53,178.307900463s
32,178.341874658s
28,178.4006136s
121,178.427499881s
29,178.569385875s
79,178.601530766s
37,178.764818293s
28,178.837504793s
25,178.932575919s
28,178.984316993s
27,179.018486721s
26,179.047969697s
26,179.080691036s
27,179.108843109s
33,179.137391559s
26,179.169282539s
25,179.198792951s
36,179.22642515s
28,179.253914011s
26,179.28027776s
27,179.317597619s
26,179.344100009s
50,179.371218963s
31,179.399242857s
29,179.42687839s
30,179.45304939s
30,179.479614077s
39,179.506337125s
46,179.539863739s
58,179.566428233s
68,179.592598733s
63,179.629531512s
108,179.657992467s
65,179.68473135s
58,179.711940212s
62,179.739052354s
209,179.788470776s
77,179.879616555s
88,179.909775602s
31,180.037818508s
27,180.113004887s
29,180.17004336s
31,180.247499504s
28,180.350977472s
27,180.417796766s
39,180.477067833s
34,180.540646958s
32,180.611144828s
27,180.691661225s
27,180.768242241s
150,180.798789071s
34,180.889465857s
28,180.917608574s
29,180.946509515s
87,180.978642525s
28,181.074191063s
44,181.108683943s
47,181.141038525s
32,181.168621498s
26,181.196473283s
25,181.253553294s
26,181.301553885s
38,181.342978446s
27,181.379263396s
27,181.408549117s
35,181.437469767s
28,181.465861571s
28,181.495091765s
29,181.527255967s
30,181.553814586s
35,181.598730319s
32,181.646784642s
31,181.676087838s
37,181.706166772s
31,181.732419976s
28,181.759230238s
34,181.796666932s
31,181.823825123s
52,181.852135216s
35,181.886642552s
28,181.915030322s
53,181.941310698s
61,181.969726288s
70,182.000667489s
58,182.035205378s
71,182.066204578s
78,182.098774602s
72,182.140419859s
134,182.169537801s
157,182.198900233s
91,182.228492222s
11711,182.263035562s
28,182.315564507s
42,182.347667976s
38,182.381564057s
31,182.432359443s
26,182.495370626s
61,182.562467749s
28,182.624360359s
66,182.691068579s
123,182.77832639s
28,182.842103038s
91,182.957774312s
117,194.945551976s
31,195.055555537s
32,195.085471197s
165,195.113188312s
103,195.153067354s
143,195.203428793s
89,195.268395802s
66,195.296796487s
137,195.420369996s
73,195.452363377s
53,195.479149934s
54,195.510997528s
166,195.551733937s
84,195.587742178s
133,195.627110155s
105,195.660938301s
136,195.69380282s
446,195.859546735s
50,195.930823034s
208,196.10362691s
48,196.176084199s
75,196.25976724s
36,196.396763839s
54,196.459243935s
54,196.525183996s
25,196.57890569s
38,196.731135839s
45,196.830663497s
156,196.937924317s
40,197.653231018s
40,197.702229112s
36,197.905147203s
27,197.952904397s
56,197.990434765s
188,198.068006342s
43,198.280241715s
39,198.322675727s
39,198.379213665s
28,198.443866666s
25,198.480506461s
30,198.525590645s
26,198.559328753s
35,198.597198732s
128,198.653744086s
29,198.744898759s
86,198.827508156s
239,198.868918383s
212,199.019424933s
57,199.109167107s
69,199.148961766s
35,199.19365196s
28,199.240024304s
28,199.267033371s
112,199.303710446s
64,199.353654442s
38,199.409479664s
29,199.467724809s
27,199.52900672s
26,199.589704187s
26,199.662880918s
27,199.729405824s
31,199.799354577s
27,199.86606355s
26,199.93500014s
31,199.970185249s
29,199.998391392s
27,200.027445044s
26,200.140355397s
26,200.183867305s
37,200.241383661s
32,200.272209327s
46,200.300196601s
73,200.326557395s
75,200.353051982s
79,200.38054536s
236,200.411512474s
81,200.497588403s
69,200.52657514s
68,200.553743938s
73,200.58090655s
94,200.607915465s
79,200.644895072s
95,200.671414128s
150,200.719761828s
55,200.791966614s
31,200.872330688s
33,200.941744149s
56,201.012615995s
91,201.089300577s
75,201.188351037s
87,201.259514688s
95,201.332873193s
87,201.406061603s
72,201.478650673s
61,201.562652998s
32,201.644497934s
28,201.736677794s
28,201.893076513s
3348,201.937129046s
48,201.984804098s
29,202.018046915s
36,202.072637334s
28,202.158648025s
132,202.238228518s
27,202.504694974s
48,202.583565875s
45,202.651641773s
30,202.683865944s
217,202.712531963s
262,206.138317495s
342,206.233636567s
81,206.345461554s
231,206.39483064s
78,206.425985463s
139,206.485992387s
69,206.516572455s
65,206.602543932s
74,206.640279985s
48,206.735159554s
217,206.772567275s
45,206.807443884s
25,206.999948476s
113,207.060764254s
39,207.234799599s
122,207.303742769s
70,207.420434129s
87,207.524295927s
63,207.682884346s
78,207.83346135s
51,207.906223894s
47,208.008295751s
69,208.036176739s
145,208.116163464s
43,208.421738477s
189,208.476756107s
180,208.722116007s
43,208.971097145s
37,209.038565487s
25,209.09212606s
93,209.164262754s
26,209.206877958s
46,209.251576307s
118,209.303895686s
33,209.449575s
132,209.518873519s
55,209.720406522s
27,209.765737851s
116,209.806380601s
42,209.951913997s
52,209.997673791s
76,210.023055442s
41,210.086067921s
30,210.116161469s
30,210.148891768s
45,210.174544057s
63,210.221123215s
37,210.247163023s
449,210.33676529s
154,210.432601456s
71,210.481517137s
46,210.52453721s
28,210.576485571s
37,210.637332352s
26,210.685235419s
47,210.722096001s
110,210.752378206s
32,210.898972218s
35,210.930708001s
25,210.979469467s
32,211.34969284s
352,211.435390417s
82,211.718211666s
94,211.75573857s
97,211.796620669s
105,211.833574797s
109,211.876273939s
96,211.907684604s
87,211.935294568s
75,211.969718437s
87,212.002356627s
94,212.040228322s
86,212.12086304s
106,212.158492811s
148,212.228595215s
54,212.348056289s
26,212.436881612s
29,212.516401s
233,212.614275761s
109,212.921675387s
287,213.103819689s
87,213.271789714s
97,213.365938745s
108,213.4705428s
92,213.626565525s
117,213.660523988s
232,213.707438253s
102,213.873861852s
114,213.961258253s
118,214.063696735s
325,214.183368112s
105,214.439771434s
90,214.550550001s
2861,214.644870907s
57,214.741863857s
97,214.860812146s
39,214.993902116s
46,215.027039952s
410,215.095993927s
141,215.19204093s
301,215.308488642s
188,215.416600014s
107,215.520474157s
3159,215.632422805s
132,215.760318996s
72,215.852412968s
70,215.948759185s
124,218.819255477s
52,218.878391835s
82,218.971876314s
82,219.012625146s
75,219.058942669s
181,219.469118689s
81,219.556086144s
67,219.907826114s
165,220.052328199s
52,223.434783801s
61,223.569837292s
57,223.643729828s
50,223.754019073s
68,223.826444124s
58,223.908798303s
47,223.991614185s
67,224.063143085s
230,224.221149403s
55,224.450794835s
72,224.507535815s
73,224.559322774s
61,224.612109294s
135,224.676901673s
70,224.724989024s
103,224.78476147s
58,224.853945773s
57,224.911145385s
58,224.960035154s
59,225.018466783s
58,225.082647091s
63,225.132004324s
61,225.249475651s
62,225.311132554s
64,225.384462352s
82,225.450386035s
87,225.506284808s
74,225.647925555s
242,225.712094799s
87,225.944546469s
85,226.004713492s
83,226.061561945s
90,226.12016786s
83,226.185409785s
92,226.246151283s
382,226.30365741s
91,226.544253135s
88,226.616803093s
88,226.689065716s
140,226.770471655s
83,226.85705434s
60,226.945675432s
38,227.031704205s
40,227.1162327s
28,227.206022614s
27,227.288078175s
89,227.378702013s
32,227.757984415s
27,227.850078643s
25,227.933595718s
4910,228.028446785s
180,228.17268553s
45,228.237404435s
30,228.323317744s
27,228.363718036s
31,228.402981454s
31,228.431582156s
28,228.459136213s
41,228.490963764s
27,228.516949193s
30,228.548413291s
26,228.580613184s
29,228.608300482s
36,228.633592423s
32,233.539884808s
35,233.574598732s
38,233.764268478s
47,233.797791597s
108,233.827422081s
51,233.859023123s
31,233.892735122s
55,233.91895928s
44,233.948390093s
30,233.991331418s
32,234.021557797s
102,234.047611408s
33,234.140806709s
32,234.171666639s
29,234.206268279s
37,234.25140061s
47,234.364413709s
25,234.403006037s
38,234.452805189s
27,234.506319236s
56,234.541696542s
30,234.585418833s
56,234.617553302s
45,234.648523241s
29,234.686121002s
42,234.716241847s
34,234.749580992s
26,234.788426127s
39,234.817682947s
41,234.846220006s
55,234.902203281s
120,234.931638314s
62,235.051961361s
59,235.082386826s
45,235.138619278s
47,235.183119127s
57,235.213069968s
32,235.242316823s
26,235.290989001s
31,235.319563428s
33,235.359466921s
30,235.401467264s
95,235.448898063s
25,235.575170093s
24,235.637730982s
91,235.694749197s
25,235.848497004s
31,235.877105966s
29,235.9097298s
32,235.936948061s
30,235.97311469s
29,236.000404085s
30,236.031914875s
25,236.065029562s
24,236.095733187s
36,236.126774363s
26,236.152172802s
78,236.17787485s
117,236.268907187s
35,236.358202045s
99,236.419616287s
31,236.478388932s
35,236.503456361s
26,236.540755482s
26,236.567034233s
30,236.591987077s
28,236.617094488s
27,236.643110114s
27,236.693556353s
28,236.72391471s
92,236.757379961s
26,236.861410174s
26,236.892229824s
24,236.924354934s
24,236.959274511s
24,236.990634734s
28,237.016979024s
24,237.047701445s
25,237.075598401s
101,237.103155694s
24,237.198568502s
24,237.224491882s
54,237.251397329s
44,237.278243444s
27,237.304853218s
25,237.329243938s
24,237.353791753s
23,237.378918303s
23,237.40746913s
23,237.431858099s
27,237.457897493s
23,237.500149173s
23,237.534518063s
28,237.558625993s
96,237.58383709s
84,237.732915733s
84,237.808959038s
28,237.883366709s
28,237.906524204s
128,237.930472675s
57,238.006660978s
191,238.030455102s
70,238.112843029s
128,238.137759703s
51,238.16440181s
27,238.192614172s
35,238.219897813s
80,238.247596069s
83,238.276279093s
77,238.312920942s
82,238.354803847s
92,238.404436082s
89,238.4625848s
77,238.516922843s
83,238.582039952s
93,238.649187929s
106,238.722934251s
90,238.855749492s
163,238.892776389s
266,238.934355135s
211,238.965521254s
187,239.050137032s
130,239.123815645s
227,239.199961451s
127,239.287200482s
344,239.385292041s
106,239.624999047s
98,239.726658387s
132,239.821062554s
89,239.917712741s
75,240.028631748s
180,240.353888332s
100,240.389737784s
225,240.688668117s
216,240.869902316s
122,241.073265142s
389,241.214101917s
101,241.584817533s
4166,241.670136185s
79,241.778105793s
83,241.91706241s
69,242.011497235s
91,242.064779519s
102,242.24968634s
34,242.365499373s
52,242.59638761s
75,242.789868982s
43,242.909397286s
24,243.007255554s
22,243.213891618s
37,243.288363701s
34,243.414207289s
23,247.572344596s
24,247.666948161s
104,247.742706677s
164,247.95740125s
38,248.226657579s
167,248.249988311s
43,248.34606228s
39,248.368856758s
25,248.393372063s
55,248.417003052s
41,248.447874165s
25,248.470708752s
276,248.521234168s
59,248.557143567s
76,248.582578067s
29,248.661314s
3949,248.699892752s
24,248.723749015s
23,248.823583218s
26,248.864573594s
36,248.889869283s
82,248.936333645s
27,249.072037585s
39,249.096978625s
61,249.373457512s
38,249.431800351s
36,249.509375104s
25,249.539614624s
102,253.489532586s
24,253.565183234s
25,253.600102109s
129,253.626365216s
27,253.710363193s
25,253.736666566s
24,253.802155474s
24,253.850062254s
24,253.88870896s
25,253.913975537s
29,253.939470477s
30,253.978002467s
34,254.014034627s
38,254.041580697s
34,254.06702415s
35,254.094089797s
25,254.149053903s
25,254.192433713s
37,254.221903124s
30,254.249373682s
33,254.274366223s
33,254.298757456s
91,254.323219582s
49,254.349377535s
28,254.378114507s
30,254.403773675s
42,254.436132552s
33,254.474609433s
29,254.509661294s
38,254.542497915s
28,254.577469443s
28,254.603181046s
28,254.638479947s
28,254.665720707s
47,254.696887645s
28,254.732167495s
25,254.788258639s
26,254.856693174s
27,254.905073916s
24,254.9344263s
24,254.975676712s
25,255.007546264s
81,255.040968901s
30,255.137356747s
55,255.166381068s
33,255.196165201s
29,255.245745683s
25,255.272018515s
130,255.300372667s
52,255.403466581s
68,255.42876086s
69,255.459254211s
89,255.484492899s
102,255.510111786s
95,255.539788013s
131,255.593899933s
151,255.629614169s
261,255.656334471s
52,255.746761535s
174,255.77562524s
301,255.813467568s
251,255.866568726s
3943,255.929885419s
115,255.99908187s
38,256.085408906s
36,256.191796152s
27,256.267225105s
29,256.35239263s
29,256.552840798s
25,256.65695167s
63,256.70856112s
58,256.820476285s
28,256.887669151s
24,257.062241899s
28,257.332995019s
45,257.546467588s
31,261.508388861s
24,261.651653081s
36,261.70730921s
30,261.7465448s
28,261.78051875s
27,261.811119716s
26,261.840421952s
33,261.86700332s
98,261.92114037s
29,262.042237711s
32,262.068990179s
36,262.116029211s
33,262.140873381s
50,262.172299833s
34,262.205172299s
34,262.236681196s
86,262.263548522s
38,262.292469025s
24,262.320368156s
39,262.354399886s
25,262.379698809s
41,262.409424932s
24,262.451398056s
23,262.479947004s
32,262.513389751s
26,262.548223734s
27,262.582793429s
24,262.636246692s
26,262.668040539s
36,262.703044892s
35,262.791941096s
33,262.830517326s
34,262.855539356s
27,262.882327689s
40,262.920884273s
28,262.950847739s
25,262.986467922s
32,263.010781905s
25,263.042882049s
47,263.069191186s
94,263.094033724s
35,263.121222885s
25,263.148015799s
197,263.183986945s
46,263.28839785s
30,263.315267007s
27,263.355637142s
40,263.384606256s
94,263.410853531s
30,263.512577071s
26,263.590144255s
199,263.647609486s
44,263.771217852s
36,263.85690118s
26,263.91297364s
54,263.945488905s
62,263.974981515s
25,264.01551379s
156,264.045267471s
45,264.13951564s
36,264.164857881s
52,264.19830468s
63,264.24532883s
32,264.365007232s
47,264.406109804s
41,264.446177293s
86,264.472872971s
60,264.528120488s
26,264.553763287s
123,264.616199268s
29,264.656730522s
64,264.699901738s
47,264.743081282s
27,264.800256661s
129,264.848138703s
32,264.997158605s
82,265.047522034s
55,265.089464441s
264,265.176010948s
148,265.239243009s
230,265.265737771s
112,265.389069384s
225,265.415582539s
180,265.483562795s
334,265.511106564s
233,265.628500029s
137,265.686028622s
136,265.719598459s
562,265.791752164s
131,266.269190314s
185,266.381186994s
218,266.605876906s
76,266.804234618s
162,267.02024912s
143,267.063718509s
461,267.203298161s
320,267.32870994s
138,267.571298806s
97,267.710359088s
235,267.85068682s
134,267.984621331s
157,268.288739717s
90,268.393780552s
86,268.545369139s
98,268.740583541s
76,268.959246265s
10918,269.034857887s
133,269.185437434s
85,269.328426169s
89,269.80165885s
110,270.100030941s
135,270.219316991s
110,270.350678897s
140,270.587344339s
244,270.673465449s
169,270.87634579s
117,270.970091951s
66,271.053105373s
64,271.156421601s
72,271.233246804s
66,282.144506852s
64,282.24531149s
82,282.365362069s
37,282.449879294s
37,282.572636158s
36,282.711231672s
36,282.806174431s
120,282.943950343s
100,283.476855758s
25,283.680198009s
28,283.759460669s
32,283.826574378s
33,283.908560589s
32,283.94735239s
32,283.978524648s
29,284.016544617s
24,284.056017313s
24,284.111229399s
106,284.143812889s
120,284.254263667s
46,284.334969212s
33,284.368453849s
69,284.395688871s
2214,284.429110292s
45,284.46496547s
33,284.495375992s
42,284.522984864s
36,284.547541649s
27,284.572161155s
26,284.60914185s
26,284.636135788s
139,284.678285924s
26,284.800006111s
25,284.847920694s
73,284.912667554s
28,287.21824706s
30,287.260544292s
25,287.297783458s
40,287.323122657s
31,287.350966977s
38,287.377959737s
40,287.435830567s
25,287.486742208s
45,287.515809757s
32,287.543514168s
25,287.569756234s
30,287.593145476s
35,287.617940925s
64,287.64231865s
28,287.671302657s
69,287.695135073s
40,287.724535437s
34,287.755900917s
24,287.794463177s
42,287.832410687s
37,287.862640548s
29,287.903357393s
33,287.948707415s
31,287.976510397s
75,288.006166334s
185,288.036230795s
46,288.164942312s
70,288.233916356s
115,288.274369874s
38,288.375166036s
36,288.413232347s
133,288.441211997s
36,288.557523401s
30,288.614299557s
38,288.714257007s
34,288.768522898s
28,288.815750571s
36,288.887527412s
44,288.922240099s
24,288.956816122s
28,289.003205877s
49,289.039796061s
53,289.075824918s
35,289.121039145s
127,289.167751874s
45,289.209351703s
38,289.244573965s
87,289.274471937s
38,289.314104595s
41,289.342744904s
59,289.377112079s
51,289.407470508s
55,289.444614089s
42,289.486968266s
61,289.511762286s
39,289.540797312s
56,289.595404848s
128,289.644924626s
29,289.896645192s
25,289.991842199s
73,290.033356699s
43,290.196880018s
66,290.301681794s
30,290.331554297s
29,290.393156415s
25,290.423309169s
30,290.456580909s
34,290.485401772s
37,290.520400684s
25,290.556385789s
24,290.582742429s
35,290.60610435s
25,290.631274054s
24,290.655809237s
24,290.693889457s
24,290.733607307s
46,290.765031512s
34,290.795807927s
29,290.824705413s
30,290.850933246s
29,290.879949837s
29,290.911680519s
26,290.954590086s
31,290.979530598s
42,291.004981238s
34,291.040890925s
36,291.067097836s
118,291.091551979s
42,291.187423305s
112,291.252361309s
39,291.283048276s
52,291.313366114s
86,291.340131993s
83,291.440308273s
29,291.547609336s
27,291.589683886s
107,291.622850317s
25,291.779513938s
26,291.823421077s
58,291.868070238s
53,291.911505915s
30,291.939952874s
29,291.966450206s
26,291.992849174s
28,292.019763402s
26,292.049983552s
25,292.076136837s
31,292.107410724s
28,292.146580615s
25,292.186265451s
30,292.211323841s
26,292.240609007s
25,292.267685352s
26,292.322968778s
27,292.370935597s
37,292.405749307s
35,292.437451998s
32,292.466890234s
99,292.491297214s
150,292.577516648s
89,292.661691451s
125,292.714328925s
99,292.740557885s
97,292.767688814s
280,292.805315916s
54,292.90268509s
42,292.9374474s
61,292.969534142s
60,292.999210232s
106,293.026594972s
110,293.122635908s
109,293.194645338s
129,293.273409861s
124,293.332792483s
112,293.437734313s
107,293.523876221s
158,293.609405218s
131,293.709213988s
118,293.802696037s
141,293.845700156s
150,293.898430319s
49,293.953608031s
84,294.013551827s
141,294.117627986s
126,294.239679273s
156,294.353252346s
116,294.490617467s
166,294.595674108s
150,294.705383844s
137,294.824913482s
93,294.994973699s
175,295.106418958s
90,295.230112552s
104,295.373965262s
18936,295.535471782s
330,295.800371131s
549,296.065190309s
168,296.364419417s
115,296.527604225s
69,296.646082085s
76,296.758621991s
85,296.928148839s
69,297.026026208s
135,297.106266882s
184,315.58433963s
179,316.352567998s
41,316.477378956s
66,316.61872873s
27,316.917954055s
39,317.026157581s
26,317.200192005s
42,317.279965882s
25,317.353148283s
41,317.439229929s
30,317.522165219s
35,317.655396021s
24,317.726808515s
55,317.774985993s
27,317.84546757s
40,317.949103946s
24,318.070400705s
70,318.125047676s
92,318.165202303s
90,318.20646602s
56,318.234704671s
27,318.276337557s
54,318.303234847s
45,318.329558961s
36,318.375197974s
25,318.410250029s
58,318.436151844s
123,318.491633549s
26,318.584927403s
40,318.655269436s
94,318.748016117s
32,318.804613992s
83,318.894417948s
105,318.921648104s
26,318.976323077s
61,319.021810387s
114,319.05857657s
52,319.084415457s
53,319.143019117s
48,319.16756446s
55,319.204060353s
28,319.252791974s
157,319.293311527s
40,319.332255534s
104,319.35931131s
26,319.457803327s
51,319.542561269s
90,319.630955135s
309,319.676465723s
172,319.737467605s
27,319.816563837s
45,319.879760324s
82,319.957636515s
112,319.985260357s
25,320.061996443s
93,320.089620763s
78,320.248340298s
102,320.289333231s
129,320.36996147s
55,320.419863429s
28,320.471846012s
52,320.49944609s
56,320.871693909s
172,321.040585502s
81,321.069635596s
28,321.117082613s
89,321.143467896s
49,321.311564105s
29,321.338194909s
65,321.431344894s
52,321.510154868s
49,321.537137811s
59,321.640128316s
229,321.797184465s
399,321.934432153s
32,322.215929603s
48,322.307248601s
29,322.351427525s
93,322.384161184s
30,322.551117391s
30,322.585866654s
83,322.640887145s
25,322.926931502s
30,323.075599593s
27,323.241038912s
25,323.276316854s
27,323.325248732s
27,323.35253422s
34,323.380333861s
26,323.411958875s
26,323.444383144s
73,323.474702806s
109,323.505232246s
394,323.536542323s
165,323.619224063s
172,323.649673766s
143,323.677488002s
81,323.702926503s
102,323.730866231s
185,323.758365462s
237,323.793085393s
22221,323.818106445s
375,323.844970522s
463,323.911175111s
366,324.024636711s
193,324.135522038s
116,324.260600865s
56,324.410503797s
58,324.588950987s
35,324.724856738s
41,324.885151146s
27,324.975927072s
42,325.079049347s
1015,325.230275599s
52,325.474767855s
53,347.678971264s
76,348.082675734s
56,348.460668073s
57,348.752551332s
45,349.092606744s
30,349.210873587s
27,349.278363623s
27,349.332652087s
27,349.39878753s
29,349.440134002s
30,349.466817404s
30,349.493393538s
27,350.518831207s
25,350.552644878s
37,350.60373171s
134,350.668307734s
35,350.847332063s
58,350.893028795s
28,350.924924468s
24,350.952905506s
27,350.980004615s
28,351.007365929s
32,351.039530039s
37,351.070454889s
74,351.09674967s
92,351.12322603s
100,351.160387657s
81,351.188931767s
75,351.215869063s
67,351.28636629s
46,351.331039878s
32,351.389531433s
27,351.415839098s
106,351.443808509s
35,351.525986044s
61,351.596689916s
29,351.674823368s
95,351.763094682s
27,352.022045852s
172,352.135663337s
34,352.23057293s
429,352.267895399s
112,352.305115337s
33,352.338182481s
27,352.36521804s
27,352.399229927s
25,352.429383439s
26,352.466214078s
26,352.496112687s
31,352.524273256s
27,352.601427869s
26,352.644837906s
33,352.670497616s
55,352.697028989s
32,352.731344479s
34,353.157720097s
28,353.238681855s
144,353.30310473s
68,353.334143866s
66,353.362129562s
108,353.3869813s
112,353.413543843s
113,353.439895586s
108,353.470622602s
133,353.497223283s
151,353.524127392s
139,353.554789788s
369,353.605687903s
503,353.70882773s
278,353.980641465s
117,354.2065818s
31,354.309091431s
75,354.42199987s
184,354.553942109s
164,354.71781583s
195,354.832069222s
195,354.973086373s
168,355.088709184s
171,355.218409828s
166,355.382666191s
992,355.537673843s
105,356.157636173s
155,356.23324784s
199,356.393920175s
190,356.556046893s
196,356.760042875s
168,356.968671948s
210,357.110990148s
211,357.287867771s
198,357.45745088s
164,357.660904781s
16493,357.830986542s
41,358.470354866s
128,358.535929424s
420,358.712555237s
431,358.909415463s
145,359.117995282s
100,359.290682585s
379,359.46898494s
129,359.664969464s
181,359.90940056s
223,360.080188266s
86,376.696731597s
773,376.758563915s
157,377.359084049s
77,377.741861s
115,377.87900218s
112,378.030920694s
74,378.411954326s
107,378.493523317s
140,378.721784543s
220,378.794968382s
106,378.864554541s
232,378.943642709s
149,379.028570986s
176,379.381995873s
1331,379.487490034s
196,379.741286475s
110,379.962691395s
52,380.040781221s
61,380.139361333s
54,380.254557094s
83,380.335783911s
63,380.4329071s
89,380.56193155s
128,380.803851141s
78,380.902770656s
74,381.077602818s
78,381.282908233s
78,381.417987609s
87,382.809331801s
108,383.007733786s
94,383.080356457s
98,383.169509277s
96,383.232114014s
92,383.285085144s
106,383.370215232s
206,383.428456174s
114,383.517690637s
118,383.640223908s
119,383.728438863s
443,383.797415104s
18021,384.048661331s
278,384.344810312s
514,384.533138501s
228,384.642847012s
604,384.841553411s
2864,384.964554979s
326,385.062731029s
265,385.200749958s
447,385.32123099s
352,385.4606072s
327,385.610321966s
364,385.955819624s
459,403.354276499s
298,403.651135191s
510,403.942219691s
454,404.177859799s
749,404.44903047s
11354,404.677075919s
550,405.11795359s
424,405.543671375s
537,408.469330207s
669,408.709174931s
436,409.179529606s
486,409.512776443s
516,409.858274567s
351,410.211537489s
514,410.681930416s
566,410.976559095s
324,411.500760159s
582,411.884445132s
185,412.659340083s
103,423.912695516s
45,424.56960038s
41,424.996093705s
75,425.448977756s
31,426.200590369s
30,426.642396326s
136,427.087589354s
115,428.458413216s
31,430.022633306s
30,430.085931205s
33,430.302998225s
33,430.360062333s
40,430.40528265s
31,430.48870679s
34,430.521770787s
43,430.551528505s
35,430.587106691s
31,430.619050133s
35,430.688106731s
138,430.720861044s
45,430.834681193s
32,430.864706883s
33,430.898549992s
32,430.933287335s
29,430.974003294s
32,431.003460288s
44,431.040478393s
35,431.083170226s
39,431.119619822s
76,431.151030887s
244,431.185976577s
91,431.320717258s
92,431.370312204s
93,431.403368781s
94,431.437064651s
162,431.469625116s
648,431.498993715s
31555,431.531165022s
500,431.574306956s
78,431.606112749s
56,431.646141713s
46,431.715219776s
51,431.790550947s
63,431.858636824s
33,431.940438853s
33,432.014215367s
32,432.153730127s
30,432.240059499s
48,432.318101657s
40,432.462392191s
58,433.110097168s
31,464.502719142s
31,464.741900254s
32,465.248709066s
28,465.323459943s
26,465.372619713s
31,465.420430917s
26,465.479906887s
27,465.538129103s
41,465.574858903s
27,465.604259433s
26,465.63829441s
25,465.686871176s
26,465.721897856s
100,465.785997517s
28,465.817294582s
24,465.84957612s
116,465.878258579s
27,465.993588309s
31,466.022389649s
28,466.063267667s
27,466.091601744s
46,466.11767474s
55,466.143837566s
141,466.170200227s
170,466.270564681s
30,466.381451424s
31,466.409185031s
37,466.439458624s
51,466.467211973s
56,466.498631057s
53,466.525604921s
52,466.554059851s
47,466.589068251s
38,466.644284088s
49,466.750752215s
37,466.828366673s
27,466.870897543s
27,466.92581367s
28,466.960277585s
178,466.994180608s
57,467.029481201s
89,467.058895344s
28,467.205956547s
27,467.263687858s
28,467.309823243s
33,467.357211676s
28,467.416377904s
45,467.454071624s
67,467.481352208s
57,467.508624728s
66,467.537931562s
77,467.715826011s
100,467.769514468s
113,467.801510868s
52,467.834970303s
46,467.863347223s
76,467.892127128s
81,467.919640417s
85,467.948179405s
94,467.980784481s
108,468.009028427s
116,468.037520163s
101,468.093864292s
85,468.153471375s
92,468.214044661s
551,468.291769981s
145,468.570653296s
200,468.63150573s
65,468.707897048s
29,468.793481657s
30,468.870457552s
35,468.966115199s
127,469.076295254s
403,469.200784817s
114,469.471277735s
122,469.577488108s
114,469.716050512s
142,470.010810673s
139,470.142230256s
132,470.365414601s
175,470.413906153s
226,470.473515888s
336,470.504726921s
167,470.763214468s
188,470.909090407s
141,471.070868401s
499,471.161650415s
18569,471.29954227s
266,471.682547882s
129,471.823294768s
54,471.996501092s
104,472.234869656s
138,472.278175232s
468,472.385335159s
417,472.553003536s
129,472.737295161s
274,472.894815942s
291,473.059041431s
70,473.979873591s
82,492.077154293s
87,492.375412747s
36,492.52823977s
33,492.584113528s
30,492.677260676s
31,492.835941874s
26,493.304966366s
34,493.654517859s
37,493.797614084s
32,494.120938299s
26,494.230188654s
30,494.328199526s
29,494.414243923s
29,494.480516123s
35,494.56249341s
52,494.651055934s
185,494.687749936s
73,494.790939865s
49,494.818915997s
30,494.851820036s
28,494.891197464s
105,494.922487809s
26,495.010684227s
28,495.039455441s
27,495.069877866s
25,495.103440259s
113,495.159649378s
25,495.41582468s
29,495.463704891s
26,495.496253738s
25,495.524809198s
27,495.573710775s
27,495.600024415s
91,495.629770391s
71,495.709888336s
128,495.738023207s
157,495.766897491s
152,495.797760528s
199,495.823306121s
280,495.848996381s
95,495.930531696s
47,495.957916147s
31,495.985295065s
37,496.022035581s
154,496.048742246s
126,496.076016742s
63,496.133012483s
42,496.267389199s
40,496.400023787s
50,496.550420719s
41,496.750759426s
42,496.873431625s
50,496.91746496s
47,497.050935943s
32,497.142614199s
27,497.210009298s
32,497.237777201s
30,497.269355813s
27,497.404974678s
45,497.543048789s
189,497.603494479s
222,497.650376941s
100,497.694111378s
109,497.73433232s
188,497.783122858s
197,497.827653828s
208,497.86721189s
178,497.922840083s
256,497.965886247s
253,497.998167133s
207,498.030841622s
168,498.061135497s
67,498.089193361s
177,498.116728004s
227,498.303063206s
188,498.547591029s
242,498.610495808s
113,498.733463027s
47,498.925422738s
52,499.14361071s
48,499.315838538s
17345,499.509324618s
32,499.760772606s
25,500.040372788s
26,500.210354503s
32,500.393953796s
27,500.485694999s
25,500.66312467s
32,500.850378827s
27,501.059496241s
27,501.28922169s
25,501.429895276s
26,501.464570879s
39,501.515244549s
27,501.567848751s
25,518.918980766s
82,518.953922134s
30,519.044849896s
26,519.071371101s
31,519.098649752s
25,519.130240308s
25,519.158485347s
43,519.184691731s
42,519.211414442s
37,519.237947068s
141,519.276898642s
68,519.359163076s
59,519.387464812s
64,519.412570056s
46,519.443481826s
33,519.470244894s
26,519.501616304s
26,519.527126331s
30,519.553100135s
30,519.596118577s
26,519.638447676s
56,519.676083216s
51,519.721579385s
71,519.748939629s
46,519.818027864s
37,519.880899982s
52,519.940586648s
42,520.005945103s
44,520.051308847s
107,520.083184838s
29,520.173012091s
58,520.229396488s
30,520.264664048s
26,520.315288997s
40,520.368121305s
26,520.439275147s
30,520.484638647s
25,520.53646326s
27,520.573916981s
53,520.618402665s
33,520.66290162s
24,520.696202652s
27,520.730824489s
28,520.771895928s
29,520.799513575s
24,520.831020071s
26,520.860284666s
35,520.888175456s
25,520.928655118s
25,520.956116092s
31,520.982136983s
31,521.012403156s
52,521.038962378s
66,521.092776984s
92,521.124087301s
234,521.151965283s
187,521.179381797s
537,521.208304874s
175,521.288423624s
149,521.323801738s
149,521.349659294s
163,521.37552716s
166,521.407569946s
145,521.437189453s
81,521.482679178s
46,521.544904622s
35,521.614941339s
28,521.796886932s
31,521.923563491s
170,522.133169407s
58,522.322961492s
31,522.524467904s
30,522.70393522s
31,522.872209423s
27,523.037649564s
31,523.233248815s
35,523.376162027s
40,523.526480063s
32,523.637656658s
27,523.686806194s
32,523.716841368s
29,523.752228225s
69,523.782005524s
145,523.955215586s
206,524.010080922s
120,524.041894262s
28,524.075800976s
35,524.107545655s
116,524.134123825s
237,524.166638565s
629,524.19433055s
238,524.301870566s
551,524.334475158s
205,524.560745195s
241,524.758170216s
235,524.908238856s
263,524.935645813s
240,524.968660307s
75,525.071311765s
31,525.326504107s
222,525.540219171s
219,525.711595022s
261,525.935528966s
198,526.19550505s
19519,526.38552241s
50,526.590499684s
33,526.746184663s
28,526.946559995s
70,527.145533424s
40,527.402596109s
48,527.660923153s
45,527.931248801s
40,527.963984966s
219,528.034686077s
94,528.240998363s
82,528.474084548s
168,548.448159335s
48,548.644317452s
433,548.674166524s
38,548.810236402s
122,549.019697922s
37,549.077818972s
564,549.160333289s
457,549.188821984s
188,549.215907646s
187,549.242184787s
353,549.269610113s
183,549.296212904s
88,549.383367025s
84,549.416124044s
92,549.460064274s
343,549.737889403s
139,549.864959744s
101,549.903884807s
83,550.026315741s
88,550.064041417s
81,550.628952024s
81,551.034239899s
124,551.199730734s
81,551.457415129s
67,551.811258915s
79,551.924903498s
78,552.080217773s
93,552.16695762s
54,552.253448458s
45,552.599343405s
51,552.685382747s
57,552.848174043s
36,552.93049413s
56,553.014637125s
27,553.100612782s
24,553.181851964s
24,553.306074817s
114,553.386205769s
24,553.605220933s
27,553.706083775s
26,553.757981889s
24,553.796863046s
29,553.845792746s
29,553.89191061s
35,553.950298198s
25,553.999663711s
26,554.044114014s
30,554.068250624s
27,554.093689741s
26,554.118282111s
26,554.177808314s
26,554.20396385s
37,554.23274078s
28,554.259889095s
30,554.28661365s
32,554.311442809s
30,554.338559734s
28,554.370203371s
26,554.401717003s
89,554.431986767s
25,554.515604041s
45,554.541831336s
44,554.568704959s
31,554.594714868s
27,554.632583944s
138,554.658582144s
29,554.751920765s
60,554.807739336s
29,554.835488637s
28,554.869370091s
31,554.896794484s
40,554.923943709s
34,554.96476222s
27,555.013745171s
99,555.044381842s
31,555.162845464s
32,555.206434272s
42,555.238412251s
33,555.268137355s
26,555.300760152s
34,555.329347261s
32,555.358877595s
29,555.390637168s
26,555.429082501s
29,555.465757264s
32,555.492944592s
25,555.526282288s
48,555.553888388s
42,555.581090142s
51,555.618653174s
132,555.650088869s
127,555.697085507s
161,555.722864967s
107,555.757243152s
29,555.785561969s
206,555.822866601s
644,555.909562939s
262,556.011977608s
235,556.058820708s
36,556.110864672s
120,556.227406897s
214,556.351974593s
46,556.51570295s
16129,556.637705948s
53,556.666301395s
38,556.69597911s
32,556.724870665s
26,556.872776724s
33,557.070716971s
36,557.280177972s
25,557.490699141s
30,557.78137113s
37,558.000894138s
30,558.049774487s
39,558.138079204s
41,558.37465642s
62,558.419017841s
165,574.56638097s
30,574.691392414s
66,574.720858382s
65,574.751828411s
53,574.790177293s
67,574.815670811s
61,574.845939009s
32,574.883857137s
31,574.913731664s
33,574.940307629s
43,574.978988611s
49,575.055207215s
120,575.132580658s
37,575.253024383s
38,575.317997689s
29,575.379738073s
42,575.434336577s
90,575.503895257s
29,575.626232599s
28,575.659015192s
26,575.695612858s
27,575.737525528s
28,575.787330889s
25,575.828909613s
43,575.870267513s
140,575.907393208s
202,575.946021528s
27,576.05665668s
782,576.087957393s
173,576.119197439s
24,576.148598662s
28,576.177472493s
28,576.204509309s
27,576.230975006s
25,576.260399875s
26,576.28528899s
122,576.329441418s
156,576.366913603s
27,576.623116444s
422,576.648059104s
63,576.673369088s
54,576.70093296s
1807,577.977318139s
50,578.203442005s
40,578.232552481s
172,578.259498178s
61,578.43431911s
30,578.589182275s
30,578.61882651s
26,578.65024793s
25,579.06842109s
39,579.131835822s
33,579.188172757s
25,579.234076328s
25,580.932956951s
624,580.995069758s
29,581.150679666s
29,581.201971938s
29,581.263799683s
29,581.322058259s
34,581.357103886s
42,581.382602514s
50,581.408596947s
33,581.448348103s
57,581.481807751s
61,581.507101739s
38,581.533123942s
81,581.559117516s
141,582.075230632s
185,582.127645189s
353,582.184689574s
260,582.215710913s
1097,582.244396637s
26482,582.383466013s
43,582.428795981s
39,582.46268996s
29,582.524684924s
26,582.581782549s
96,582.635261958s
29,582.767264919s
25,582.932327972s
26,583.256421218s
25,583.408947879s
285,583.71397614s
100,583.995484434s
25,584.343091775s
26,584.603835161s
152,611.161479455s
24,611.305890508s
39,611.336436829s
61,611.432134774s
169,611.461653642s
37,611.540820278s
36,611.820968485s
32,611.878682106s
41,611.952381289s
29,611.978610863s
26,612.005379724s
30,612.106619437s
27,612.131381715s
26,612.157073538s
46,612.185365246s
108,612.221156584s
149,612.296299868s
128,612.357811693s
140,612.416006727s
321,612.457146769s
431,612.575897508s
550,612.662789328s
157,612.690611746s
445,612.717401129s
91,612.757507722s
84,612.865341509s
70,613.021349376s
82,613.129736658s
80,613.269150228s
80,613.399369027s
35,613.548742214s
43,613.593349514s
31,613.666174374s
26,613.705212245s
26,614.044289044s
25,614.553787051s
45,614.687183779s
32,615.190742752s
30,615.282454636s
33,615.372437768s
30,615.443101459s
26,615.523917542s
23,615.605616637s
23,615.68189336s
27,615.719437205s
23,615.760019971s
22,615.796931509s
81,615.824013367s
23,615.913152245s
95,615.948202626s
22,616.045050569s
123,616.073709635s
28,616.198153347s
29,616.232078512s
49,616.257153627s
200,616.279817402s
74,616.372736955s
59,616.396485852s
54,616.421489741s
54,616.446673566s
49,616.472510239s
52,616.495170259s
26,616.519467851s
32,616.543562406s
31,616.571976897s
25,616.595393082s
29,616.625623284s
25,616.679636321s
24,616.744080943s
38,616.795304896s
33,616.875592201s
24,616.950877721s
24,617.019438726s
24,617.063746938s
55,617.119849868s
42,617.170345256s
25,617.222577252s
26,617.247396034s
25,617.279856652s
73,617.312440513s
28,617.391540904s
22,617.429565216s
25,617.463009648s
29,617.487875999s
28,617.512516931s
23,617.537240642s
144,617.592110347s
203,617.632420733s
291,617.660067477s
81,617.687810914s
148,617.714049605s
225,617.738327484s
248,617.763611097s
235,617.787712269s
222,617.816331854s
255,617.839492012s
271,617.863136302s
227,617.894328048s
199,617.922785647s
96,617.946182903s
15790,618.072089068s
57,618.629815993s
21545,618.801605679s
125,619.014944389s
30,619.285373101s
103,619.496141836s
131,619.730461866s
130,619.983526674s
132,620.273211166s
165,620.471057364s
186,620.676428414s
176,620.797294931s
1080,621.005531009s
94,621.189009091s
83,636.586263866s
25,658.283012884s
253,658.343469156s
65,658.436139145s
31,658.570864273s
28,658.692817125s
26,658.827660871s
32,658.992189781s
33,659.196724784s
32,659.340436425s
128,660.4530352s
172,660.549394076s
168,660.580549928s
48,660.607582109s
47,660.633978333s
37,660.660226931s
137,660.913966527s
124,661.039734857s
111,661.06696849s
50,661.092467047s
45,661.124249114s
23,661.16058971s
23,661.288920729s
25,661.439638808s
32,661.626883889s
24,661.676883339s
80,661.731241866s
25,661.836055431s
23,661.907775231s
23,661.983359162s
34,662.073171632s
122,662.190581716s
27,662.311089719s
26,662.341570726s
28,662.366561548s
27,662.391235287s
24,662.422583451s
23,662.448184654s
34,662.471699062s
30,662.497913489s
23,662.522353066s
23,662.556254786s
23,662.584550139s
47,662.612696549s
26,662.643808419s
23,662.676742647s
30,662.704804985s
71,662.731765631s
184,662.75973346s
196,662.787586845s
217,662.811349714s
262,662.835060015s
183,662.869033964s
189,662.899026014s
199,662.923174049s
239,662.947122242s
225,662.970756834s
216,663.018084417s
235,663.041226389s
313,663.067761249s
49,663.098860276s
142,663.170336287s
220,663.325352125s
258,663.536490365s
242,663.749850763s
268,664.032319273s
297,664.174042591s
334,664.397630472s
249,664.577638281s
224,664.843733134s
334,665.034198069s
54,665.265024648s
27,665.494999549s
24,665.835997825s
120,665.859655981s
930,666.010659877s
55,666.24111315s
34,666.499869315s
25,666.705732798s
25,666.982883633s
22,667.258534729s
30,667.62112801s
25,667.821483125s
26,668.089088649s
78,668.437236601s
24,668.565125176s
104,668.65107397s
240,669.615796957s
260,669.667770872s
17918,669.703653032s
89,669.730461145s
78,669.756092395s
140,669.778649671s
105,669.80935815s
88,669.834855673s
42,669.862345571s
32,669.884329793s
29,669.911046545s
30,669.937803671s
25,669.965009715s
88,670.025000304s
27,670.304977521s
26,670.538507585s
29,688.45041154s
38,688.523830386s
400,688.605435743s
64,688.685377488s
84,688.833321181s
24,689.060729039s
37,689.097955502s
24,689.128781517s
30,689.154280563s
24,689.243517869s
43,689.270233475s
37,689.295048562s
32,689.325075277s
23,689.364477402s
23,689.765287949s
31,689.789305743s
116,689.854824287s
46,689.880626831s
48,689.914271388s
165,689.937803964s
233,689.975430473s
221,689.999986852s
235,690.031040814s
273,690.055240069s
300,690.080286563s
460,690.136441639s
365,690.168825999s
709,690.192666749s
568,690.216806598s
151,690.241802539s
492,690.365265852s
471,690.38907137s
638,690.45449319s
628,690.604809011s
172,690.85976511s
221,691.042681406s
754,691.30906934s
93,692.145035786s
724,693.313583941s
18646,694.084235842s
94,694.609961158s
117,695.112517315s
114,695.750396708s
313,696.33090295s
104,696.469419401s
113,696.766594384s
145,697.27899302s
132,697.366734033s
1043,697.524489097s
102,698.146287109s
94,698.271298571s
93,716.839583078s
145,717.075662234s
140,717.201163274s
92,717.316359267s
95,717.620538765s
106,717.729412953s
115,717.837349113s
205,717.983864888s
181,718.116117433s
271,718.310017016s
138,718.953468409s
278,719.098034222s
446,719.26163043s
620,719.366241003s
217,719.458102683s
223,719.603095108s
215,719.74033529s
262,719.837303269s
169,719.923887543s
174,720.039856809s
50,720.128046503s
33,720.36049913s
30,720.512000817s
63,720.681505598s
23,720.902256339s
25,721.054015145s
24,721.310491937s
24,722.176882617s
68,722.373704948s
26,723.061171806s
35,723.3110741s
94,723.522286517s
22,723.681884937s
29,723.746006666s
23,723.768668801s
58,723.794448313s
38,723.819834162s
22,723.844161888s
31,723.867565679s
24,723.889988162s
22,723.913065189s
29,723.940050703s
24,723.975120607s
76,723.997617399s
35,724.091753573s
25,724.12106238s
31,724.144755112s
43,724.204435992s
33,724.240821736s
41,724.265326276s
23,724.290895686s
24,724.321976519s
24,724.344408759s
21,724.374010322s
22,724.398940199s
27,724.42696099s
23,724.449731474s
40,724.474290742s
47,724.503618452s
133,724.535319369s
38,724.636141304s
25,724.678285096s
22,724.708869213s
51,724.734446438s
23,724.75976086s
21,724.782109551s
23,724.803286351s
29,724.831104399s
21,724.853755633s
22,724.881792592s
25,724.917215609s
26,724.96752702s
21,725.016201578s
22,725.066980549s
28,725.099110687s
28,725.14039362s
22,725.163196251s
24,725.214059569s
26,725.23670803s
34,725.259510784s
25,725.282946472s
21,725.312995631s
24,725.334068857s
25,725.357117509s
23,725.381033089s
23,725.409358951s
22,725.430716168s
35,725.453434803s
172,725.482080298s
52,725.557113279s
55,725.583327241s
30,725.617512089s
32,725.642298161s
61,725.66566852s
52,725.690024927s
38,725.714682s
27487,725.73837855s
30,725.761778363s
40,725.785350273s
27,725.812662025s
38,725.845034067s
60,725.891245105s
85,725.967481947s
76,726.036110637s
197,726.07690998s
128,726.131196885s
89,726.163896461s
6681,726.225706873s
8207,726.273802566s
187,726.314563975s
211,753.795072804s
27,753.830897679s
27,753.857419475s
41,753.900597823s
39,753.940100008s
56,753.982422485s
46,754.025563703s
43,754.110103504s
21,754.229320639s
21,754.388323789s
76,754.545465303s
21,769.651974248s
22,769.869629881s
111,769.894211932s
90,770.030932109s
28,770.198700296s
22,770.231796756s
25,770.254847828s
27,770.275471412s
25,770.296792401s
23,770.319017976s
22,770.362736176s
23,770.383455546s
33,770.406644001s
22,770.42998799s
20,770.453520021s
23,770.475039502s
28,770.496926262s
22,770.51998508s
75,770.547688396s
21,770.624631032s
22,770.650129702s
39,770.673403232s
32,770.696849661s
25,770.720436499s
31,770.754388627s
33,770.775911416s
140,770.798039786s
50,770.821307973s
24,770.849876102s
24,770.87218735s
24,770.896173473s
23,770.91957852s
23,770.947571273s
23,770.969302375s
27,770.992029722s
23,771.031338276s
75,771.064922882s
22,771.145562708s
369,771.294953002s
51,771.39448966s
100,771.418492959s
164,771.441616092s
197,771.465098706s
219,771.488926533s
226,771.516813843s
356,771.539165281s
323,771.562531907s
220,771.590577382s
226,771.614527722s
132,771.63718071s
222,771.660997018s
277,771.752370793s
245,772.006285312s
306,772.037917464s
342,772.149529504s
54,772.299269884s
25,772.51988712s
40,772.69872459s
319,772.940766981s
283,773.293169627s
244,773.645254477s
928,773.819831151s
212,774.448052399s
256,774.665899541s
325,774.948611546s
283,775.23335778s
271,775.615398275s
317,775.643101434s
386,775.69916188s
54,775.725305571s
221,776.049955932s
21340,776.288748524s
69,776.574091314s
57,776.884176745s
450,777.255625931s
74,777.951364239s
34,778.308261972s
332,778.540567581s
214,778.850092002s
47,779.154217683s
49,779.568692522s
197,779.592582559s
614,779.829212423s
1175,801.174855215s
353,801.336119075s
366,801.426330661s
77,801.869011746s
102,802.202049959s
105,802.418210959s
83,802.465609212s
327,802.515959308s
241,803.979532174s
431,804.466089781s
113,804.851950297s
1598,804.931602451s
26,805.115951239s
22,805.203670635s
22,805.285716701s
22,805.39642108s
27,805.501999847s
22,805.54736159s
23,805.640220099s
33,805.691702978s
117,805.804803824s
44,806.448973521s
72,806.63445498s
48,806.76895159s
35,808.331501431s
24,808.355851496s
23,808.378325914s
26,808.400122797s
22,808.42746068s
22,808.449049311s
27,808.472276423s
21,808.50547704s
22,808.538898272s
75,808.56384831s
23,808.715652199s
22,808.764660781s
32,808.811304431s
25,808.848251854s
24,808.872366021s
25,808.898870288s
24,808.921330452s
23,808.943988015s
22,808.971421165s
24,808.993388611s
114,809.016263627s
211,809.044783658s
200,809.069273521s
86,809.090877094s
33,809.114256632s
33,809.137063631s
24,809.169540038s
24,809.193555064s
414,809.218766344s
45,809.244447638s
24,809.269976225s
25,809.292722174s
24,809.316027987s
22,809.340574785s
22,809.455310091s
23,809.60539155s
28,809.859662079s
21,809.953354033s
22,809.986410865s
26,810.019657516s
23,810.044464969s
23,810.069380866s
217,810.48366999s
331,810.526829995s
13041,810.552682859s
67,810.578658632s
114,810.603585428s
109,810.626138189s
131,810.649085675s
102,810.672586228s
114,810.70122189s
184,810.722745509s
114,810.745188739s
105,810.771739638s
119,810.794765396s
87,810.817166129s
27,811.019879846s
98,811.331761704s
83,824.346262638s
31,824.434060567s
225,824.502411876s
33,824.619891261s
74,824.727935522s
25,824.858660452s
33,824.960846538s
71,825.073971393s
74,825.496552891s
30,825.733738876s
23,825.871691327s
22,825.897663391s
22,826.101206312s
22,826.152325938s
83,826.228781667s
69,826.318712978s
57,826.342257732s
44,826.367721423s
68,826.394461378s
50,826.418434327s
75,826.441691114s
49,826.471827826s
46,826.496251555s
99,826.518104878s
147,826.540630479s
40,826.56367463s
45,826.597728739s
28,826.620427168s
353,826.648567317s
3239,826.717987074s
217,826.775034754s
164,826.799552668s
52,826.843347659s
65,826.911941066s
40,826.987799618s
242,827.037200387s
119,827.358130385s
169,827.398226472s
189,827.444375593s
219,827.468754467s
57,831.130248296s
40,831.394048897s
33,831.493579299s
35,831.525483657s
41,831.590646473s
30,831.6424045s
27,831.700920411s
23,831.761053967s
47,831.877103158s
21,831.997517296s
21,832.16303845s
31,832.351047573s
23,832.414403549s
22,832.499995045s
22,832.590710328s
25,832.635874063s
45,832.668922775s
26,832.703845388s
22,832.745236251s
24,832.78681435s
127,832.814837694s
239,832.837879595s
273,832.88555274s
340,832.906632497s
374,832.928831633s
19341,832.960521175s
32,832.984372433s
30,833.006152311s
27,833.0292022s
25,833.053770753s
381,833.099248205s
25,833.173057089s
46,833.299939467s
25,833.49429678s
102,833.797499426s
118,853.865312182s
72,853.962104697s
376,853.98775095s
60,854.013024725s
43,854.03722524s
46,854.35310763s
36,854.394980655s
9969,854.4430999s
15773,854.468373831s
31,854.516310537s
23,854.547237778s
22,854.571113551s
21,854.607908648s
21,854.637091613s
21,854.684154855s
26,854.737219258s
23,855.123474754s
23,855.179352298s
27,855.223396266s
178,855.267444122s
253,855.314266816s
265,865.292611888s
336,880.901770751s
427,881.09787326s
81,881.127234555s
174,881.150213414s
335,881.171231597s
343,881.192538417s
313,881.214862445s
295,881.24082845s
1261,881.264679584s
987,881.493534431s
1030,882.309660421s
64,883.004921749s
26,883.318018264s
73,883.713377504s
22,884.620812067s
23,885.123569301s
23,885.507660068s
27,885.923704789s
22,886.254400103s
99,886.569445472s
24,887.603274844s
23,887.667825933s
24,887.692250284s
33,887.718284567s
27,887.743472907s
23,887.768449647s
26,887.790886751s
25,887.815084654s
22,887.83847125s
24,887.865666867s
35,887.888150365s
30,887.911588743s
38,887.96389849s
41,887.98832634s
378,888.012355211s
341,888.03680046s
124,888.061481251s
303,888.095151055s
123,888.122659048s
1188,888.147330425s
1006,888.173935775s
202,888.19972438s
232,888.222310617s
1409,888.247438184s
147,888.341769443s
135,888.377066378s
605,888.688716571s
208,889.034989722s
285,889.151655011s
171,889.451707714s
114,889.585225728s
176,890.814440817s
102,891.802085741s
115,891.970153521s
116,892.26832925s
100,893.24751985s
98,893.425226242s
119,893.646909753s
57,893.798282989s
98,893.940344362s
103,894.560549094s
93,894.684345011s
39,895.034225161s
28,895.191806417s
39,895.361369557s
36,895.540409601s
29,895.62800914s
34,895.760461223s
43,895.875681697s
123,895.971348152s
73,896.073004268s
66,896.193278356s
66,896.251718821s
103,896.358576717s
224,896.58070417s
63,896.698753086s
23557,896.728791593s
72,896.753413616s
59,896.789248643s
90,896.900106566s
82,897.103862527s
23,897.228125381s
32,897.264387089s
109,897.324250618s
33,921.017211288s
32,921.113811488s
51,921.192966974s
34,921.249014081s
23,921.275169044s
23,921.309146218s
26,921.332894279s
56,921.358622768s
45,921.391164705s
24,921.417301101s
24,921.439966018s
30,921.473517788s
22,921.506437563s
22,921.545926826s
29,921.581360456s
42,921.615592357s
23,921.675254618s
77,921.708654018s
22,921.784032617s
24,921.840437599s
24,921.883547423s
34,921.908422824s
60,921.93496863s
56,921.964646486s
57,921.987272604s
37,922.009857595s
61,922.040102967s
23,922.067011842s
32,922.105864718s
32,922.130565297s
93,922.158337458s
24,922.229647998s
23,922.253924724s
24,922.288036458s
34,922.311496978s
61,922.374103055s
46,922.435638454s
33,922.491692654s
54,922.525925468s
36,922.588068023s
38,922.620093677s
33,922.648628629s
34,922.681562189s
37,922.706830667s
109,922.745610768s
196,922.770188957s
208,922.793220747s
276,922.818494567s
302,922.842854566s
295,922.900531943s
376,922.942105009s
411,922.984011416s
56,923.019433099s
231,923.074056776s
375,923.11361387s
379,923.148083265s
382,923.182729053s
371,923.220829063s
384,923.305679081s
445,923.523608209s
584,923.712219306s
570,924.02124433s
663,924.278421525s
262,924.602120719s
357,924.954749091s
508,925.40661613s
40111,925.43875047s
712,925.685143307s
708,926.020463445s
170,926.44093546s
123,926.733800582s
89,927.146503148s
23,928.366568157s
27,929.098269719s
36,929.784814452s
62,930.091319376s
1368,930.374412344s
197,930.952166485s
34,972.585826428s
100,972.804527598s
29,972.900718858s
78,972.952126838s
34,972.976084641s
65,973.011929592s
45,974.385376298s
39,974.444466363s
62,974.50613432s
32,974.575311787s
42,974.617515291s
30,974.651984629s
32,974.685313046s
49,974.712849477s
48,974.748342811s
50,974.781700838s
54,974.81139125s
66,974.84981386s
59,974.883763157s
45,974.931135634s
52,974.988904334s
29,975.034623546s
180,975.095945677s
60,975.212963254s
189,975.297559731s
60,975.326611s
34,975.374457178s
29,975.42825045s
26,975.480948801s
83,975.540252761s
24,975.704386421s
58,975.769893012s
25,975.824437313s
32,975.911448532s
137,975.971892754s
40,976.082459737s
36,976.159286595s
30,976.231250518s
35,976.26003834s
505,976.284952184s
169,976.315494801s
23,976.393915635s
23,976.420063232s
27,976.452557765s
26,976.476922004s
30,976.508245882s
28,976.647862123s
22,976.688252825s
32,976.725318317s
24,976.757360462s
41,976.784962901s
74,977.297155899s
76,977.363844583s
223,977.441451475s
80,977.467950245s
79,977.49161601s
89,977.515026091s
236,977.542727174s
287,977.567903675s
285,977.600456236s
369,977.627729716s
384,977.65231265s
320,977.684398121s
315,977.708879609s
222,977.733349813s
282,977.774314915s
1345,977.848768726s
673,978.230155399s
103,978.349289914s
28,978.613246319s
35,978.851014001s
388,979.168363763s
388,979.51665557s
297,979.940462965s
387,980.185474033s
33710,980.556157527s
85,980.797920473s
40,981.080471376s
168,981.415512371s
27,981.772044328s
93,982.381997056s
69,983.097748631s
59,983.137556193s
11263,983.230881886s
436,983.26376655s
3710,983.654516008s
119,984.700685512s
83,1018.436991135s
91,1018.49380538s
327,1018.551181811s
68,1018.715859639s
57,1018.763336129s
878,1018.787651338s
215,1030.123277015s
47,1030.5559854s
1380,1030.944344161s
1842,1031.335022484s
227,1034.362601524s
545,1034.489157082s
234,1034.581204193s
62,1034.680343528s
62,1035.012416108s
64,1035.068870008s
66,1035.132598603s
81,1035.664472218s
37,1035.984672178s
33,1036.026018204s
26,1036.241267061s
30,1036.289418779s
26,1037.667707287s
25,1039.416303208s
34,1039.613832016s
74,1040.278290747s
26,1040.641763187s
28,1040.706961975s
22,1040.773756467s
24,1040.854308111s
28,1040.890204049s
25,1040.929823157s
24,1040.956385707s
88,1040.987271479s
115,1041.013519978s
164,1041.039576697s
214,1041.074484959s
194,1041.097605127s
185,1041.122791463s
63,1041.148862151s
31,1041.175251962s
28,1041.203852913s
24,1041.226136853s
24,1041.250190536s
78,1041.27805531s
25,1041.36585074s
22,1041.442478548s
27,1041.561375534s
23,1041.729643448s
30,1041.936973909s
24,1042.153197417s
25,1042.316233644s
35,1042.378133558s
25,1042.41329144s
24,1042.441016548s
24,1042.465143975s
24,1042.493719664s
160,1042.51735883s
297,1042.54444499s
407,1042.569120147s
486,1042.592382514s
16954,1042.619340669s
32,1042.643265686s
42,1042.665548281s
82,1042.698048639s
121,1042.78290332s
24,1042.858586233s
26,1042.955024848s
25,1043.315976431s
22,1043.687057856s
23,1044.210032138s
24,1061.163175314s
28,1061.19950593s
23,1061.239419602s
48,1061.276890835s
28,1061.300464682s
24,1061.324427358s
23,1061.34929046s
25,1061.404955194s
35,1061.443258628s
33,1061.469876045s
17084,1061.497118049s
894,1061.522015345s
29,1061.544890683s
17,1061.568567563s
15,1061.592835154s
20,1061.621103129s
22,1061.644090439s
24,1061.692616937s
18,1061.721409553s
18,1061.746532136s
31,1061.769904786s
21,1061.79366912s
15,1061.831138306s
44,1061.864765305s
