6085,0ns
55,30s
60,30.638092003s
71,30.700096871s
54,30.764357067s
65,30.830996062s
63,30.893486992s
124,30.952291895s
49,31.005719105s
61,31.091835904s
53,31.164864306s
84,31.218147222s
61,31.276561366s
63,31.340295806s
57,31.404408757s
84,31.464927693s
57,31.525950739s
57,31.616282979s
64,31.711734302s
72,31.766833548s
60,31.824497884s
62,31.894938196s
59,31.964572013s
134,32.028854455s
70,32.091037567s
70,32.158555015s
68,32.229202752s
67,32.289370392s
48,32.349671058s
52,32.416896922s
53,32.482748882s
62,32.545013647s
34,32.606091686s
41,32.692378366s
40,32.801705172s
50,32.873214243s
40,32.945359902s
42,33.012757506s
42,33.070958803s
76,33.124568345s
35,33.178482061s
44,33.225328599s
46,33.281554477s
62,33.318068019s
47,33.358926783s
44,33.402625385s
46,33.452673454s
65,33.490643931s
41,33.536510447s
47,33.602656633s
47,33.671293701s
62,33.708669136s
40,33.752024243s
47,33.822941678s
45,33.879888375s
96,33.925687481s
67,33.971811139s
52,34.020886573s
53,34.079977492s
69,34.122458173s
61,34.173719279s
55,34.226385024s
58,34.276084687s
71,34.317598717s
40,34.367836734s
41,34.417780127s
38,34.507884544s
54,34.575041806s
35,34.627401582s
39,34.686213768s
37,34.75048362s
62,34.812510383s
31,34.871229698s
39,34.93008342s
31,34.996462614s
54,35.037668399s
35,35.078143523s
36,35.120298442s
33,35.173358516s
49,35.20929936s
28,35.248690114s
34,35.289914324s
27,35.346782397s
42,35.379708738s
30,35.4177209s
36,35.459382958s
31,35.505883338s
86,35.540172656s
41,35.575630373s
33,35.611630165s
33,35.658336038s
46,35.687967331s
40,35.721709783s
35,35.753650036s
33,35.792353419s
45,35.824252936s
29,35.859109699s
39,35.902650485s
30,35.978370218s
45,36.022129039s
32,36.053138156s
37,36.091390339s
31,36.135956109s
62,36.172821754s
29,36.208557961s
36,36.244713674s
31,36.287678455s
57,36.321340646s
43,36.35713286s
42,36.39274725s
41,36.432983859s
53,36.467797736s
36,36.503724857s
40,36.541094309s
38,36.596694279s
50,36.626980997s
41,36.66315208s
44,36.708238434s
42,36.76008349s
96,36.804296971s
70,36.841813211s
57,36.893252012s
60,36.937915724s
85,36.972967636s
49,37.014214604s
51,37.055315888s
49,37.104245451s
68,37.143913226s
46,37.192269329s
52,37.243817552s
50,37.331623674s
65,37.400663672s
51,37.462329626s
60,37.522690196s
54,37.598510074s
82,37.652817486s
33,37.704195318s
40,37.755414895s
33,37.817570767s
65,37.868903538s
35,37.92122997s
37,37.975156557s
35,38.034127317s
39,38.089792201s
33,38.145741751s
37,38.206442252s
31,38.280993356s
44,38.316863003s
31,38.354810175s
38,38.406125039s
32,38.453812253s
82,38.492002173s
28,38.527869483s
35,38.56447892s
29,38.60188828s
57,38.638756285s
36,38.674398162s
37,38.709898931s
36,38.749612619s
44,38.783866216s
34,38.820437422s
37,38.86118724s
39,38.935844802s
43,38.964357044s
39,39.000224874s
39,39.038274343s
38,39.08647972s
67,39.125321357s
30,39.164410823s
37,39.200408577s
32,39.241476018s
63,39.277869942s
38,39.315880378s
43,39.357338361s
43,39.399308624s
46,39.437059942s
35,39.476479581s
39,39.523247183s
37,39.581970552s
3412,39.613780672s
31,39.650211537s
37,39.705135834s
44,39.748925316s
116,39.793432516s
61,39.837641374s
58,39.878152979s
56,39.921652878s
54,39.956452841s
37,39.994023358s
41,43.407413362s
43,43.444894445s
49,43.47689601s
30,43.517575596s
35,43.569760764s
29,43.675912804s
43,43.738624884s
29,43.796908762s
36,43.858388373s
28,43.906555837s
59,43.94369657s
30,43.987845131s
34,44.032855648s
31,44.078943288s
52,44.109417002s
33,44.143942044s
36,44.17817645s
30,44.216920253s
44,44.246939262s
32,44.282946724s
34,44.316836603s
31,44.370575096s
43,44.402784171s
31,44.436111935s
36,44.484135078s
32,44.520981151s
74,44.556684541s
34,44.591155501s
33,44.625425953s
33,44.668821766s
59,44.700350805s
33,44.7357757s
37,44.768796797s
28,44.808461173s
48,44.841380436s
33,44.875879295s
38,44.920556741s
33,44.982970685s
42,45.019300044s
39,45.051424588s
35,45.093436081s
38,45.144174293s
58,45.181732831s
33,45.215157321s
35,45.249867035s
34,45.292649093s
65,45.327882367s
39,45.364740259s
45,45.405259672s
58,45.440446059s
54,45.482387421s
38,45.515626782s
47,45.557250874s
41,45.616590075s
56,45.647598406s
57,45.686569008s
39,45.738418699s
41,45.785826584s
130,45.829712726s
71,45.891358876s
74,45.931697361s
101,45.983603257s
84,46.033515596s
75,46.073212945s
75,46.115593692s
80,46.179267089s
86,46.224169908s
80,46.270828516s
100,46.314973019s
73,46.443122694s
70,46.512459189s
66,46.588516939s
91,46.690820757s
64,46.776900572s
74,46.853272904s
62,46.921922682s
62,47.005820733s
62,47.090822542s
82,47.176014484s
61,47.269934821s
56,47.348132633s
57,47.422666417s
65,47.499058068s
51,47.568817257s
56,47.635987099s
48,47.707209964s
83,47.770248731s
71,47.831920158s
82,47.906127889s
74,47.977909811s
91,48.040774405s
34,48.096400984s
75,48.15658642s
44,48.220151294s
67,48.274923337s
52,48.328548893s
32,48.386557253s
36,48.467540676s
52,48.540094595s
31,48.623705031s
42,48.695089964s
33,48.779481444s
42,48.815817964s
37,48.889163284s
37,48.943405926s
35,49.000847365s
52,49.056280738s
30,49.08786771s
36,49.125428484s
29,49.175761086s
55,49.210402921s
35,49.249679455s
42,49.290138701s
34,49.325495921s
45,49.366098191s
29,49.401806806s
35,49.440042939s
29,49.490382762s
42,49.522098157s
30,49.556530184s
36,49.604590791s
30,49.645411893s
109,49.68856342s
54,49.722548543s
59,49.758123171s
41,49.799064495s
60,49.83006886s
38,49.864964141s
46,49.898724021s
37,49.937240693s
45,49.96942698s
32,50.004573169s
36,50.043774191s
31,50.146525383s
40,50.203009747s
31,50.266384848s
39,50.313125222s
34,50.361757992s
65,50.401176262s
32,50.449249351s
40,50.490633322s
32,50.532560167s
60,50.565103883s
38,50.599937072s
37,50.635120803s
37,50.674117201s
51,50.705579659s
34,50.744390393s
40,50.785409525s
38,50.843058418s
49,50.879213309s
31,50.916898774s
36,50.96853536s
31,51.009812077s
74,51.052549417s
28,51.087412492s
52,51.132198278s
27,51.175649408s
51,51.214113093s
30,51.251972282s
32,51.298057677s
26,51.338098853s
40,51.370647941s
25,51.406551201s
31,51.449390273s
26,51.511394722s
39,51.558277893s
27,51.591946513s
33,51.625758303s
27,51.670302687s
50,51.701358652s
27,51.733259872s
33,51.760538887s
36,51.799409693s
80,51.82565648s
32,51.856711198s
51,51.885514121s
47,51.9228547s
88,51.950079539s
58,51.98336362s
68,52.011982703s
44,52.061463284s
43,52.089413253s
32,52.12266588s
36,52.184719879s
46,52.243381664s
147,52.294881934s
58,52.328981844s
102,52.392700037s
48,52.466924612s
77,52.532209687s
62,52.599839981s
66,52.638310939s
62,52.678937532s
6501,52.709765063s
53,52.744915011s
72,52.801476592s
34,52.939495162s
60,52.99757355s
26,53.099638654s
32,53.156222993s
64,53.225112159s
54,53.288002152s
32,53.354081561s
30,59.788862779s
30,59.918133s
57,59.97225257s
39,60.044874855s
50,60.083230799s
28,60.140011286s
56,60.167007117s
25,60.219601136s
42,60.265026463s
25,60.318551968s
49,60.351952493s
64,60.381509972s
28,60.436418938s
58,60.479744482s
74,60.531005326s
38,60.560824466s
50,60.588261056s
27,60.644425045s
81,60.681932081s
72,60.712747738s
27,60.741026552s
31,60.788191627s
64,60.853270848s
28,60.881662982s
62,60.941003795s
43,61.01501666s
39,61.05463297s
57,61.105185952s
41,61.160070452s
62,61.236486519s
83,61.28680551s
43,61.313922538s
32,61.34654501s
49,61.410731794s
72,61.438827195s
67,61.501289337s
47,61.551116793s
59,61.584249699s
67,61.654282063s
66,61.683465451s
27,61.747122176s
47,61.829716242s
34,61.873724675s
70,61.906677617s
43,61.989325586s
50,62.031996885s
129,62.102558071s
82,62.144881669s
49,62.2037466s
44,62.269537529s
91,62.336305623s
52,62.363668181s
53,62.414081916s
49,62.446915686s
39,62.51605479s
74,62.560595185s
40,62.615189198s
72,62.739161759s
51,62.822399336s
49,62.872521839s
51,62.946820216s
30,63.024534844s
113,63.064083837s
28,63.117395151s
54,63.167638689s
50,63.252034408s
77,63.278295937s
55,63.318499973s
28,63.393536041s
60,63.443831224s
58,63.493571803s
26,63.545681644s
64,63.575159652s
26,63.687901257s
69,63.71653771s
26,63.788364713s
61,63.850228354s
26,63.900572527s
89,63.956144815s
49,63.984358417s
30,64.046110368s
53,64.104156709s
45,64.131759559s
66,64.196086032s
44,64.225044888s
30,64.292467575s
52,64.319787571s
39,64.38148451s
43,64.409457009s
53,64.497985111s
55,64.55091936s
42,64.578627152s
51,64.636988559s
56,64.679468558s
90,64.744422895s
27,64.788392501s
46,64.820430209s
51,64.871253762s
126,64.912605097s
87,64.95382584s
84,65.00912595s
48,65.062912887s
89,65.10555786s
69,65.156591205s
104,65.214138609s
63,65.303754206s
54,65.331361582s
45,65.378618309s
78,65.483864664s
80,65.566119971s
276,65.67740617s
79,65.734405158s
191,65.793066206s
66,65.874521562s
103,66.010826631s
75,66.057378718s
127,66.12036489s
156,66.17364372s
79,66.209386208s
61,66.298773434s
59,66.379399217s
71,66.645499045s
81,66.724986794s
52,66.923247141s
67,66.994089073s
63,67.087595271s
76,67.197503316s
60,67.28865602s
76,67.45604093s
109,67.523588183s
70,67.586173908s
63,67.644393707s
57,67.723911418s
89,67.799560441s
73,67.860257225s
56,67.921433092s
51,67.983560053s
61,68.060117245s
63,68.120845415s
58,68.195827215s
63,68.314977054s
95,68.385810085s
156,68.444568262s
96,68.498197401s
63,68.588754074s
54,68.663482225s
80,68.718754004s
64,68.775318469s
92,68.835780092s
105,68.896965039s
4397,68.958357047s
86,69.024781509s
85,69.126147112s
106,69.299725225s
125,69.362268029s
130,69.425319122s
66,69.488799979s
72,69.559257136s
74,69.624795622s
158,69.721998301s
160,74.063725112s
820,74.219387807s
252,74.306370432s
57,74.39208197s
54,74.501036018s
54,74.624359791s
54,74.75537043s
66,74.821859158s
49,74.895656852s
31,74.968835164s
62,75.127843312s
63,75.368426109s
46,76.305854497s
43,76.386970379s
113,76.421636778s
69,76.473349738s
79,76.528726209s
42,76.586089421s
80,76.648882691s
94,76.700589419s
35,76.75820846s
33,76.811482117s
152,76.856577834s
27,76.905195912s
51,76.95302847s
72,77.060821513s
59,77.13039182s
49,77.210054615s
58,77.262560853s
27,77.351995734s
110,77.428571728s
27,77.464418738s
66,77.539846246s
46,77.650389281s
74,77.678351891s
87,77.730024632s
65,77.804875476s
68,77.861931295s
33,77.912050006s
63,77.969728511s
70,78.025752298s
53,78.10743077s
64,78.135202081s
68,78.20131517s
43,78.26341452s
31,78.32232828s
102,78.409739306s
25,78.495109097s
34,78.54502801s
27,78.578396553s
51,78.641490815s
31,78.711617261s
32,78.767776707s
26,78.829150176s
41,78.897939132s
27,78.940896415s
33,78.974378449s
34,79.074799714s
65,79.101312052s
35,79.135337919s
33,79.168884156s
33,79.214218876s
46,79.246859387s
28,79.278778215s
32,79.30694623s
26,79.347378806s
52,79.375333872s
33,79.408785691s
41,79.457808878s
31,79.510220221s
45,79.545663772s
39,79.577942657s
32,79.612342877s
31,79.659162011s
36,79.686320778s
35,79.718761224s
34,79.760450512s
28,79.80306808s
72,79.842537787s
48,79.877973747s
131,79.911136417s
84,79.960534671s
82,79.989684563s
81,80.021266205s
39,80.055564558s
46,80.091229187s
46,80.126808657s
69,80.160507403s
31,80.189506637s
40,80.261258752s
44,80.311371675s
42,80.441692808s
31,80.531480828s
55,80.60879936s
63,80.690836886s
26,80.730098901s
54,80.777617499s
26,80.825654717s
60,80.892983754s
39,80.925847503s
30,80.967885638s
62,81.009523266s
34,81.053578539s
44,81.099317003s
26,81.139599828s
44,81.201632248s
34,81.228064194s
63,81.282072299s
28,81.320628251s
31,81.368640618s
62,81.409225033s
26,81.459939078s
31,81.502732806s
26,81.537056015s
78,81.580595809s
46,81.607131699s
51,81.653734098s
63,81.686327948s
84,81.749287257s
49,81.776839564s
74,81.809918318s
70,81.871618643s
87,81.898422364s
71,81.93025449s
79,81.978246456s
73,82.035621799s
123,82.086691266s
27,82.139953288s
53,82.206502007s
78,82.285605364s
125,82.342734202s
98,82.41149322s
40,82.490923555s
34,82.569235886s
64,82.643208249s
59,82.720506493s
80,82.800469407s
85,82.912486614s
96,82.940513655s
77,83.0000456s
86,83.141862593s
81,83.216372548s
271,83.306533128s
3721,83.338258689s
47,83.375969097s
26,83.438243846s
52,83.506357111s
34,83.5832856s
39,83.677882354s
31,83.76524256s
32,83.846748336s
29,83.930263094s
26,84.019992645s
31,87.852211671s
32,87.998836435s
31,88.047316964s
27,88.079422024s
38,88.125101268s
45,88.161280675s
43,88.200041757s
63,88.231774494s
35,88.264578529s
52,88.294084185s
31,88.320528695s
32,88.354623783s
26,88.385423715s
39,88.416403541s
26,88.443133998s
32,88.4831962s
26,88.52993514s
43,88.572091689s
27,88.634568135s
32,88.685829743s
26,88.722977163s
63,88.755168829s
25,88.785761641s
67,88.812886397s
26,88.851242677s
50,88.878369165s
29,88.910797777s
31,88.939460213s
26,88.980677771s
39,89.008690622s
25,89.040919495s
44,89.068128349s
26,89.130428851s
65,89.156501243s
76,89.223667616s
28,89.2566501s
56,89.300421381s
47,89.330585466s
27,89.361741079s
34,89.388768988s
26,89.427268534s
89,89.45359648s
33,89.498032873s
42,89.526873322s
30,89.589743472s
73,89.666267243s
44,89.723261493s
35,89.751104165s
35,89.798256469s
42,89.825377534s
58,89.859818716s
60,89.939397155s
30,89.980275628s
72,90.019927649s
67,90.055524603s
84,90.104710366s
65,90.170164419s
63,90.204713537s
70,90.242198796s
52,90.27868042s
46,90.316885679s
61,90.376612362s
55,90.43676454s
50,90.468980134s
44,90.556802753s
55,90.619358539s
44,90.687977013s
80,90.759253004s
31,90.817238243s
54,90.888259279s
30,90.940307877s
52,90.988398803s
33,91.04832156s
55,91.104943977s
27,91.15594743s
101,91.204968304s
552,91.254901617s
64,91.302236613s
50,91.379251627s
70,91.413534958s
58,91.465316231s
34,91.495971716s
137,91.548327314s
46,91.598860757s
56,91.638434916s
166,91.665955051s
24,91.806168228s
53,92.344677971s
25,92.383863078s
60,92.434858351s
31,92.505427037s
64,92.566846015s
39,92.651832476s
54,92.736582221s
31,92.805474481s
40,92.893395667s
26,93.004962717s
47,93.030230059s
34,93.083769894s
33,93.115280696s
48,93.170284599s
55,93.238854554s
33,93.266187559s
35,93.307019659s
44,93.360999455s
51,93.393542107s
38,93.432607578s
36,93.473637122s
31,93.507441927s
39,93.543858417s
27,93.575116407s
35,93.625003199s
26,93.684139455s
38,93.714860877s
27,93.748694056s
32,93.822314126s
26,93.867638763s
68,93.902082119s
43,93.934323467s
42,93.965989819s
30,94.004423176s
52,94.032186029s
36,94.067951039s
39,94.097178535s
33,94.133388656s
40,94.161540974s
26,94.194258352s
32,94.222282599s
26,94.289993649s
39,94.333531963s
27,94.378341574s
33,94.413772976s
27,94.458844139s
49,94.497159699s
26,94.536603629s
32,94.570558928s
26,94.609643649s
51,94.636376492s
28,94.668349856s
34,94.697573779s
28,94.734390999s
42,94.761882115s
27,94.795598416s
35,94.824251149s
27,94.87313481s
46,94.899793456s
56,94.931836296s
68,94.970244453s
69,95.009631607s
82,95.039072894s
26,95.073944695s
34,95.102821069s
32,95.144542998s
62,95.172576079s
62,95.208185234s
67,95.238148828s
83,95.286624575s
104,95.345448339s
72,95.412728479s
90,95.48944964s
91,95.559585427s
107,95.586421287s
86,95.620712766s
92,95.674673729s
94,95.716235208s
139,95.781499885s
30,95.85227975s
72,95.942053479s
101,96.038661335s
147,96.119096605s
119,96.20643052s
77,96.310962712s
80,96.405528892s
146,96.490790097s
51,96.5827954s
31,96.68691762s
34,96.80895212s
37,96.839310918s
34,96.920224088s
35,97.097591208s
87,97.184480354s
4489,97.324336436s
51,97.367271599s
258,97.485409366s
83,97.60114412s
96,97.638422468s
96,97.66966179s
109,97.706482806s
32,97.744091145s
78,97.778069875s
39,97.812765917s
63,102.167394169s
25,102.390386176s
110,102.44158065s
121,102.700652056s
44,102.790196796s
30,102.880759174s
68,102.977295056s
79,103.08686693s
46,103.121848617s
79,103.197631757s
110,103.237601814s
3938,103.300898277s
26,103.406001615s
26,103.436328706s
35,103.558043221s
27,103.602349795s
27,103.633843551s
26,103.722487726s
33,103.780217196s
26,103.827013597s
30,103.917633267s
26,104.016297405s
57,107.954776483s
24,107.981491706s
27,108.009019778s
25,108.04371477s
47,108.071753951s
31,108.099035657s
26,108.128085671s
30,108.159147945s
36,108.185534847s
26,108.216239572s
44,108.243606222s
37,108.300496211s
32,108.325717319s
26,108.352952986s
27,108.386504166s
26,108.425871391s
40,108.457381012s
25,108.483860395s
26,108.515605084s
26,108.550679522s
82,108.593847846s
62,108.62111401s
34,108.661101161s
27,108.691228478s
42,108.718655806s
40,108.745503012s
61,108.772502565s
69,108.812228367s
84,108.83840284s
66,108.864809106s
74,108.935297305s
76,108.98545563s
332,109.042088687s
59,109.070386164s
39,109.098541121s
27,109.139921908s
54,109.187669625s
68,109.249732866s
48,109.331496387s
29,109.403446935s
60,109.471642648s
28,109.545358239s
34,109.629068719s
29,109.946243238s
52,110.006640615s
28,110.046278763s
40,110.084544176s
33,110.127033458s
145,110.196013802s
37,110.244872283s
67,110.275293426s
82,110.334506111s
109,110.369485693s
84,110.396854093s
82,110.439276803s
179,110.47805759s
116,110.507364643s
79,110.547017636s
91,110.586020772s
100,110.727758112s
126,110.764534994s
93,110.838776777s
101,110.957820271s
106,111.03115331s
3125,111.115865598s
27,111.200205991s
70,111.387939923s
26,111.491962518s
56,111.578687046s
32,111.668531631s
35,111.783070377s
33,111.893969972s
42,111.988054827s
28,112.087894977s
34,115.03007755s
28,115.310576567s
38,115.377797564s
27,115.40810611s
29,115.445021563s
37,115.491216283s
157,115.524525727s
50,115.559076897s
33,115.593988528s
44,115.635461651s
109,115.664000468s
49,115.698112853s
81,115.729385953s
34,115.765121543s
66,115.79477726s
75,115.822888323s
42,115.861780242s
41,116.01909646s
51,116.073416245s
41,116.103286853s
34,116.216792225s
50,116.265867408s
321,116.350616073s
75,116.395059465s
291,116.430425295s
81,116.526721962s
85,116.569120083s
256,116.612474584s
172,116.655317269s
77,116.713308535s
95,116.747783088s
103,116.781369341s
99,116.833308669s
82,117.153579951s
88,117.307361707s
104,117.519718335s
268,117.606220918s
270,117.687349559s
96,118.019112588s
101,118.114658086s
110,118.228410024s
115,118.290350836s
113,118.393771553s
67,118.512399109s
81,118.579252677s
122,118.662753282s
65,118.768812143s
69,119.0375114s
66,119.307249985s
49,119.406919332s
57,119.506659296s
54,119.615788714s
59,119.742187869s
60,119.843870641s
81,119.911807447s
73,120.046528945s
57,120.114321655s
166,120.181190627s
101,120.249410508s
101,120.316741287s
98,120.369477922s
101,120.425846417s
106,120.484853867s
71,120.53942735s
64,120.602943147s
65,120.684302109s
72,120.758755856s
67,120.815362625s
74,120.987545471s
83,121.087537844s
99,121.182204306s
77,121.280045798s
86,121.400440551s
87,121.502146705s
106,121.564452733s
150,121.629052476s
84,121.696852065s
79,121.768268608s
89,121.837557269s
81,121.918735595s
89,121.999296737s
86,122.097927082s
89,122.173044992s
86,122.261198668s
91,122.350523245s
82,122.507979907s
92,122.596141628s
173,122.676275399s
69,122.756204067s
73,122.844902024s
53,122.926614304s
106,123.015673521s
71,123.104503743s
30,123.192217003s
34,123.278756002s
25,123.369447134s
27,123.453481839s
25,123.544668806s
32,123.720784692s
25,123.80038862s
26,123.872871133s
25,123.921508323s
39,124.028565799s
24,124.100083044s
26,124.131139122s
24,124.164685737s
42,124.190650442s
27,124.217492263s
26,124.245779634s
25,124.276067425s
33,124.301803612s
26,124.328157315s
27,124.354969945s
25,124.393816954s
34,124.419063191s
27,124.444897177s
28,124.480601661s
25,124.512859114s
56,124.540376011s
26,124.566428171s
27,124.593298044s
25,124.625955293s
45,124.652615875s
30,124.680351011s
11350,124.708224199s
26,124.739938981s
63,124.767264371s
44,124.795661784s
38,124.822881483s
35,124.878862562s
34,124.905318263s
35,124.932202093s
36,124.96348723s
38,125.003425533s
64,136.324998844s
25,136.385213198s
46,136.413270464s
26,136.475471589s
60,136.520755613s
47,136.558189465s
33,136.597146072s
30,136.628482209s
48,136.664082457s
26,136.700379502s
27,136.739578471s
26,136.80315679s
43,136.829418033s
27,136.875321815s
42,136.927307853s
26,136.980946291s
146,137.01520533s
188,137.047942074s
64,137.08664363s
57,137.12164248s
92,137.148610031s
42,137.176253793s
50,137.20504663s
34,137.246238263s
48,137.274580052s
29,137.317312935s
25,137.344726891s
24,137.490424382s
33,137.679295135s
32,137.743276173s
25,137.806522761s
27,137.893518865s
40,137.941038366s
26,137.987054673s
26,138.02210399s
25,138.0699902s
62,138.10035095s
28,138.125816572s
41,138.153023151s
26,138.183972387s
43,138.216937641s
30,138.242480992s
28,138.270763834s
32,138.309954109s
42,138.337198384s
31,138.363046446s
27,138.408089406s
27,138.451181543s
57,138.481414133s
27,138.521750571s
27,138.549781195s
28,138.593636087s
70,138.622155961s
39,138.650941666s
40,138.69520835s
50,138.725878034s
84,138.757687131s
47,138.78505353s
64,138.813807424s
75,138.870234359s
91,138.898902554s
71,138.927432733s
81,138.975725783s
76,139.025087324s
44,139.067064087s
25,139.10810919s
37,139.167370397s
88,139.241653632s
56,139.295293398s
41,139.360721061s
27,139.450597146s
26,139.527990545s
101,139.602481444s
62,139.684793703s
92,139.75191564s
80,139.794968888s
34,139.821291203s
27,139.869671134s
26,139.969964494s
27,140.017790224s
126,140.04586093s
46,140.072729717s
25,140.099598372s
25,140.205782265s
45,140.277361302s
38,140.366285815s
29,140.437624771s
24,140.469618878s
31,140.497281135s
25,140.523574836s
25,140.552051129s
24,140.677389773s
31,140.723995478s
25,140.749549669s
25,140.780046152s
24,140.819895163s
114,140.859374702s
30,140.888424203s
68,140.914124889s
90,140.944815124s
107,140.970652127s
75,140.996167037s
78,141.023254883s
109,141.052260102s
140,141.078328348s
82,141.103819682s
94,141.129874745s
109,141.246524135s
145,141.277121106s
95,141.353984276s
109,141.477563952s
116,141.551110825s
196,141.625965694s
26,141.704823318s
28,141.830330534s
27,141.952574837s
101,142.04326557s
89,142.133267386s
89,142.264100806s
116,142.38855964s
160,142.488550356s
97,142.595634516s
116,142.727419085s
123,142.895246193s
147,142.922491875s
108,142.950355206s
124,142.989652771s
122,143.080717171s
195,143.174495786s
31,143.272597881s
90,143.404849946s
125,143.539714768s
189,143.650479109s
92,143.760085758s
38,143.909559461s
155,144.032307461s
101,144.14473568s
34,144.266930749s
37,144.405784864s
36,144.571345065s
187,144.603207502s
151,144.70895916s
160,144.922162269s
56,145.071291666s
167,145.110400812s
200,145.185100353s
3001,145.362046382s
66,145.403909211s
242,145.440153718s
66,145.477736889s
62,145.563819448s
57,145.72546047s
92,145.896926981s
65,146.03408599s
59,146.062818955s
72,146.228696141s
51,149.28613848s
75,149.431852205s
35,149.504278229s
48,149.740422671s
50,149.807193694s
24,149.869572164s
25,149.927156592s
24,150.019474032s
44,150.085465704s
25,150.144813114s
24,150.220129963s
23,150.289446666s
31,150.34556189s
23,150.384865215s
24,150.431423921s
23,150.480969154s
30,150.506051373s
24,150.53154265s
24,150.567373522s
24,150.600318039s
51,150.626391277s
23,150.651124096s
24,150.675129967s
23,150.705938931s
42,150.729683585s
28,150.754164662s
24,150.780476145s
23,150.809047003s
31,150.833407877s
23,150.858039932s
24,150.883293925s
23,150.933944631s
31,150.958267127s
24,150.982403422s
25,151.011777626s
24,151.048430575s
39,151.077315372s
24,151.101573542s
25,151.125858451s
24,151.155902963s
46,151.179594702s
35,151.203747372s
25,151.229677287s
24,151.258527654s
32,151.283593202s
24,151.308446248s
26,151.334042513s
25,151.372119154s
32,151.396739051s
25,151.422162393s
31,151.461127042s
25,151.501473556s
90,151.529111915s
45,151.554615021s
66,151.580037205s
24,151.611571485s
89,151.637030402s
133,151.662824622s
29,151.690390517s
202,151.720227928s
99,151.746271666s
2548,151.777823393s
30,151.804501231s
24,151.89427595s
33,151.939063957s
26,152.005261574s
25,152.05861764s
25,152.118984957s
39,152.252612911s
26,152.281423564s
27,152.485482445s
24,152.583775357s
42,155.133171308s
27,155.163621983s
26,155.191136754s
27,155.2233607s
32,155.248941611s
25,155.274274874s
27,155.300593626s
24,155.341365924s
33,155.366816813s
26,155.394258527s
27,155.429793481s
25,155.461915975s
53,155.48946196s
24,155.518320061s
27,155.544108021s
26,155.575119686s
42,155.601148224s
30,155.628106635s
29,155.65552331s
26,155.687003247s
35,155.713907063s
25,155.740997469s
26,155.767869126s
27,155.820363669s
33,155.845474961s
26,155.872899036s
27,155.90434177s
40,155.942092386s
67,155.972723634s
26,156.001835852s
32,156.03160889s
25,156.064136875s
47,156.090167708s
38,156.116421636s
32,156.146499319s
31,156.177244605s
45,156.204039141s
25,156.231141184s
27,156.280326434s
25,156.33937386s
33,156.371033829s
26,156.398116934s
27,156.438734008s
26,156.482428199s
66,156.515709869s
214,156.548962757s
56,156.587702484s
55,156.620565917s
82,156.646745291s
40,156.67355911s
35,156.701708941s
32,156.732511061s
49,156.759670021s
29,156.786676004s
31,156.81391627s
26,156.879117565s
34,157.094370067s
26,157.15065342s
26,157.211162318s
25,157.288185212s
40,157.328727608s
25,157.363617107s
27,157.396799751s
24,157.445388725s
43,157.476690449s
26,157.507775006s
26,157.535626422s
25,157.567586109s
32,157.594154141s
25,157.620803125s
26,157.647794765s
26,157.687866347s
33,157.713951879s
26,157.741318638s
27,157.776591427s
26,157.809160398s
55,157.836548875s
25,157.863288346s
26,157.890352715s
25,157.92210763s
57,157.948181802s
55,157.974650546s
26,158.003268761s
40,158.034518868s
94,158.061570191s
61,158.088816626s
91,158.11660523s
102,158.171353721s
132,158.196991911s
97,158.223006491s
118,158.25371185s
124,158.31158681s
187,158.362179807s
9117,158.388669427s
27,158.438003113s
34,158.528447566s
66,158.598286849s
39,158.686640122s
27,158.811386988s
25,158.92433303s
33,159.026968172s
24,159.144682224s
26,159.283446653s
25,168.484674862s
32,168.55713171s
26,168.590525037s
26,168.65241545s
25,168.696641488s
403,168.724953262s
68,168.751941198s
28,168.77856984s
25,168.811446364s
47,168.836526844s
38,168.863309111s
29,168.89087333s
24,168.921629892s
36,168.948809423s
24,168.975306038s
35,169.00208804s
25,169.404738126s
52,169.47315908s
26,169.501022595s
35,169.532471006s
35,169.574555473s
41,169.614061403s
35,169.643188325s
39,169.668726505s
36,169.703732241s
52,169.729096461s
28,169.764450799s
36,169.79294463s
40,169.842150259s
47,169.869084212s
36,169.90372789s
26,169.94008331s
37,169.980017569s
50,170.015868548s
38,170.054157507s
27,170.102036993s
25,170.143530046s
96,170.172712986s
187,170.209432743s
133,170.25085767s
52,170.29753351s
89,170.334421358s
637,170.361359438s
1752,170.401862621s
294,170.449640152s
240,170.48891449s
1654,170.516221863s
47,170.54266998s
30,170.638047259s
40,170.898839921s
28,170.959470991s
28,171.017344231s
35,171.247962086s
163,171.955900089s
30,173.637850486s
53,173.787949179s
86,174.0943199s
195,175.701338394s
126,175.728587823s
40,175.762310466s
140,175.800193954s
103,175.828474132s
36,175.856701252s
78,175.902495404s
168,176.056028528s
205,176.086927211s
177,176.147441008s
216,176.348144868s
95,176.516266296s
406,176.558754518s
309,176.631060795s
11040,176.794336265s
121,176.842241443s
299,176.878456266s
90,177.006597997s
91,177.183282168s
94,177.370850625s
137,177.588432513s
102,177.783435589s
84,177.81985769s
237,178.22457233s
93,181.903065906s
79,189.581144913s
93,189.712145792s
71,190.005275367s
75,190.091549003s
58,190.1878547s
51,190.284099719s
57,190.415161338s
69,190.518421973s
64,190.602561079s
56,190.84417002s
68,190.938836005s
74,191.03611257s
73,191.098214506s
54,191.170253248s
2528,191.245316447s
46,191.304020398s
39,191.354921515s
37,191.423065678s
87,191.482194044s
90,191.546953387s
31,191.603655792s
42,191.673355509s
27,191.746369499s
53,191.819991846s
32,194.269540086s
25,194.406000741s
24,194.448899078s
32,194.489112846s
24,194.52833713s
26,194.616955041s
23,194.706566829s
32,194.738011641s
25,194.77914826s
25,194.81435604s
24,194.861696374s
39,194.894253428s
23,194.919004921s
25,194.945232393s
23,194.976920824s
46,195.002016383s
35,195.027648637s
25,195.05427369s
24,195.083701552s
33,195.109468064s
24,195.134997381s
26,195.161325529s
25,195.199259914s
33,195.22321952s
25,195.247855403s
26,195.28588903s
25,195.326808961s
62,195.353540635s
44,195.379088423s
25,195.404682338s
24,195.436980473s
47,195.462263715s
40,195.488665325s
29,195.517034978s
24,195.547395321s
32,195.573615967s
26,195.599392185s
24,195.626335678s
23,195.6874646s
30,195.732076109s
24,195.758501818s
25,195.787736475s
24,195.829861283s
39,195.870987295s
25,195.89992077s
26,195.925485817s
26,195.956242698s
44,195.983172239s
26,196.007786242s
26,196.033735601s
25,196.06202736s
33,196.087177882s
26,196.112079868s
26,196.137969888s
25,196.176285482s
32,196.201565562s
29,196.22761279s
27,196.265507517s
25,196.298383589s
54,196.32521403s
25,196.351393407s
26,196.378013539s
25,196.410322838s
43,196.43731756s
29,196.463338429s
28,196.490987488s
24,196.521397266s
33,196.550905962s
25,196.577881655s
26,196.604241053s
25,196.657959299s
33,196.683602301s
26,196.709753501s
26,196.74017548s
27,196.778718236s
41,196.808991902s
25,196.836756422s
27,196.862752822s
24,196.894938343s
47,196.920611749s
37,196.946551443s
31,196.975379621s
30,197.005470581s
44,197.03229013s
26,197.058637838s
26,197.087217306s
24,197.127662231s
34,197.15380658s
27,197.180898039s
29,197.220271394s
25,197.26342167s
65,197.296246714s
50,197.327489976s
42,197.364702065s
49,197.396926955s
73,197.423308142s
43,197.449530646s
35,197.476434281s
31,197.508561462s
47,197.535912442s
29,197.565060183s
27,197.592317799s
24,197.656882191s
31,197.707774479s
26,197.750078609s
28,197.804326061s
24,197.873346633s
39,197.916664244s
26,197.952111401s
25,197.984631381s
25,198.031300781s
43,198.061696872s
29,198.088368229s
26,198.115457577s
24,198.14530791s
32,198.171636143s
26,198.199933099s
26,198.22591481s
24,198.264514381s
33,198.291722206s
25,198.317303744s
27,198.353261943s
25,198.385297901s
56,198.415135226s
25,198.442010083s
28,198.467254155s
25,198.498482482s
43,198.525695287s
29,198.551495249s
26,198.578676091s
25,198.61008127s
33,198.63609583s
24,198.66367865s
25,198.690464603s
25,198.745584089s
34,198.770925041s
43,198.799648228s
61,198.829960274s
73,198.868088098s
146,198.898136603s
32,198.924582444s
78,198.950711158s
97,198.983487315s
85,199.00877261s
44,199.034451082s
29,199.062185645s
27,199.096405287s
119,199.14287352s
80,199.205344455s
121,199.288585961s
123,199.422398766s
158,199.454658181s
152,199.540944105s
30,199.658802003s
29,199.728377522s
63,199.758070777s
46,199.787705068s
27,199.816520857s
25,199.939850228s
46,200.034992704s
39,200.151104385s
30,200.304126675s
25,200.435418729s
35,200.573379002s
26,200.603588546s
27,200.633682873s
28,200.696298089s
34,200.743030401s
28,200.769835633s
29,200.800836897s
28,200.841742886s
41,200.881545181s
26,200.911733515s
27,200.937750112s
27,200.972057136s
44,200.998728529s
29,201.025673063s
28,201.056207222s
28,201.087735518s
37,201.116534283s
90,201.145823305s
146,201.175184748s
146,201.216094739s
178,201.243172199s
122,201.270092216s
146,201.307905419s
155,201.342558708s
70,201.37241674s
27,201.401345189s
29,201.430677944s
27,201.466772302s
46,201.580480099s
68,201.720645059s
111,201.894664405s
146,202.046689983s
190,202.170605058s
110,202.315569209s
148,202.46874123s
159,202.524480865s
180,202.552730454s
128,202.582017583s
153,202.6149493s
162,202.65622214s
209,202.730202099s
4146,202.852105164s
87,203.022383637s
77,203.178221341s
49,203.312514886s
97,203.453670517s
35,203.644589926s
34,203.791897109s
52,203.929828355s
32,204.077277901s
33,204.258322401s
33,208.430821324s
40,208.614501789s
35,208.661296976s
34,208.753468833s
48,208.855681114s
71,208.895061791s
211,208.929979245s
67,208.974474408s
71,209.015105108s
9182,209.048150443s
4077,209.082079646s
149,209.117070966s
83,209.157343669s
120,209.191541348s
87,209.239459913s
76,209.26958718s
116,209.339744089s
61,209.552761744s
35,209.620050625s
40,209.696305287s
58,221.551923243s
59,222.989614745s
24,223.101465326s
29,223.186316373s
24,223.305857391s
44,223.394005156s
29,223.474764398s
25,223.589714138s
26,223.647759921s
31,223.683365722s
23,223.724716513s
25,223.784284715s
30,223.842519695s
32,223.867678686s
30,223.896768135s
27,223.932664513s
26,223.965440305s
58,223.994999134s
25,224.020586109s
28,224.047202836s
25,224.077775287s
47,224.102577387s
36,224.127979255s
28,224.161117111s
26,224.191351227s
36,224.222924442s
25,224.249342918s
33,224.276742725s
24,224.333430842s
33,224.359529619s
26,224.386954652s
28,224.419275395s
29,224.460220523s
40,224.497269727s
25,224.525603142s
28,224.552733197s
30,224.587891299s
47,224.613752562s
43,224.647156416s
33,224.674586342s
25,224.705627748s
36,224.732175659s
27,224.760305748s
26,224.791245565s
41,224.830471391s
36,224.858367806s
27,224.884848047s
27,224.929639905s
26,224.971364677s
77,225.00664098s
44,225.039435473s
26,225.066353185s
28,225.102080926s
46,225.130160784s
46,225.156662188s
31,225.201017383s
25,225.23515375s
38,225.263095687s
25,225.289843587s
26,225.316931424s
26,225.394033335s
34,225.439086416s
33,225.465019278s
27,225.49893372s
25,225.539304398s
51,225.586901933s
25,225.617790354s
26,225.644824823s
25,225.681828767s
43,225.707877956s
27,225.733996746s
27,225.763215362s
26,225.798237696s
80,225.828353032s
58,225.855383189s
89,225.88268259s
98,225.933508148s
135,225.959199879s
96,225.985222017s
119,226.021430964s
125,226.054374866s
97,226.082031427s
26,226.108712764s
31,226.141671686s
28,226.220638393s
98,226.288488191s
96,226.374199545s
104,226.493315161s
114,226.610643857s
59,226.708203379s
95,226.826281434s
160,226.975201606s
156,227.038197753s
200,227.065480934s
136,227.096718505s
168,227.130213566s
188,227.226621218s
128,227.323852216s
54,227.441994577s
31,227.539642911s
138,227.601796944s
172,227.722326038s
68,227.874072694s
88,228.06037707s
224,228.230881635s
85,228.37694835s
28,228.537278047s
39,228.755044143s
38,228.833126766s
45,228.890344806s
36,228.919638863s
136,229.104862408s
191,229.252693507s
352,229.304127866s
279,229.456001513s
72,229.647820587s
78,229.696839278s
98,229.726127733s
43,229.765909438s
38,229.807482307s
34,229.850131177s
50,229.886607214s
32,230.05039307s
27,230.273793143s
26,230.567363864s
34,230.846948564s
30,230.919912263s
28,231.004070439s
27,231.096363197s
40,231.14046215s
27,231.1777679s
2172,231.214077643s
29,231.263117228s
47,231.295689095s
27,231.32309206s
27,231.351815807s
26,231.384090625s
36,231.414855189s
26,231.442945699s
27,231.470964334s
25,231.510699874s
36,233.67795135s
27,233.711892996s
28,233.753166156s
26,233.788534722s
57,233.816376676s
25,233.843746011s
26,233.872078676s
25,233.907077495s
44,233.93451128s
30,233.961667432s
27,233.990031977s
26,234.024108309s
35,234.051910267s
28,234.080105094s
27,234.107586s
25,234.163668025s
34,234.189882913s
28,234.216263163s
31,234.247208686s
26,234.286722697s
41,234.31836044s
26,234.345678443s
28,234.373528987s
26,234.408062323s
61,234.43644795s
232,234.463997303s
103,234.492048004s
28,234.523406696s
35,234.551778086s
26,234.582793157s
28,234.610602181s
26,234.651228774s
34,234.678593973s
47,234.706309582s
124,234.747600483s
761,234.802754181s
64,235.027263957s
46,235.132642507s
27,235.161330097s
1052,235.195758901s
48,235.223821186s
39,235.251797431s
29,235.280939462s
54,235.313256164s
185,235.361400705s
27,235.48551944s
26,236.248338682s
470,236.311609951s
3583,236.358513897s
26,236.459866634s
26,237.444498582s
26,237.486690585s
82,237.526524519s
35,237.556268173s
36,237.611838437s
242,237.795992024s
298,237.82306608s
244,237.849168666s
308,241.87211454s
212,241.903119443s
276,241.930087413s
11029,241.956066044s
71,241.983831916s
34,242.06738321s
205,242.102331676s
73,242.151756262s
35,242.554741634s
42,242.719457227s
455,242.99695528s
56,243.282062144s
79,243.495790005s
31,254.461160458s
125,254.774597427s
35,254.827985411s
66,254.887194222s
27,255.09054707s
353,255.138086229s
93,255.172820898s
428,255.2255481s
318,255.670735372s
535,255.727599899s
300,255.807615961s
318,255.844215801s
437,255.964048981s
568,255.999648738s
28,256.066716411s
218,256.108251836s
300,256.447160919s
541,256.588404549s
194,257.025326482s
119,257.583650452s
376,257.86693966s
234,258.158239904s
46,258.509203365s
44,258.949710342s
136,259.450427512s
325,259.499458587s
250,259.736859721s
311,260.372510818s
135,260.684412024s
698,260.785149442s
399,260.941951162s
98,261.360327613s
78,261.482332636s
408,261.525946758s
104,261.567964597s
4148,261.809731668s
96,262.092265588s
193,262.368291797s
133,262.68677855s
105,262.733790335s
488,263.421425094s
149,263.824719032s
103,263.920194836s
255,264.000875985s
293,264.412472266s
220,268.38994723s
117,268.666514936s
116,268.761911211s
119,268.959430083s
144,269.099307403s
233,269.188784872s
78,269.682172891s
115,269.827809407s
133,270.039352351s
95,270.223690867s
199,270.486657084s
421,270.704960714s
220,270.818832922s
136,270.952838188s
111,271.089178197s
188,271.268279136s
526,271.434931421s
118,271.526982554s
111,271.628546081s
67,271.764774891s
127,271.884941956s
104,272.079296107s
117,272.528923932s
76,272.75334257s
217,272.866345352s
104,272.971248446s
120,273.172562008s
87,273.72333275s
116,273.835924674s
91,273.933640141s
125,274.037246678s
96,274.135049319s
160,274.249105036s
102,274.350902236s
305,274.535745717s
114,274.654253768s
404,274.76525596s
163,274.866970497s
366,274.971931324s
133,275.08184346s
138,275.184997214s
133,275.298950554s
360,275.417097022s
215,275.552492816s
186,275.737029864s
167,275.971501931s
18322,276.152862904s
731,276.500982353s
451,276.680313545s
452,277.015427651s
400,277.170731388s
352,277.280332353s
348,277.550098329s
337,277.816042438s
342,278.044442679s
782,278.187607641s
591,296.012603086s
592,296.70499935s
519,297.562915897s
505,297.915488057s
499,298.436090034s
473,298.758079745s
355,299.147445218s
509,299.434002656s
400,299.749521958s
407,300.235200345s
12841,300.860188836s
684,301.448326398s
634,302.040096714s
524,302.559321869s
957,303.069663815s
250,303.735714741s
219,304.196023569s
92,304.54843789s
392,305.05972638s
146,305.459487575s
49,317.295594252s
36,318.7110452s
32,319.431059541s
35,320.029128344s
78,320.556848882s
37,321.511298218s
44,321.761108005s
33,321.98112091s
74,322.071739737s
50,322.465611716s
32,322.615882337s
31,322.660358148s
42,322.697275576s
29,322.730607741s
42,322.766193799s
31,322.843947195s
42,322.881385529s
37,322.926089337s
39,322.966741788s
30,323.037106088s
62,323.085934838s
30,323.117873646s
29,323.15038757s
38,323.191723259s
77,323.221920752s
55,323.264211701s
48,323.300970255s
80,323.338201716s
81,323.375838222s
34,323.415540261s
44,323.448523127s
33,323.508662118s
41,323.539630312s
30,323.569713978s
31,323.644764958s
29,323.704915784s
108,323.758704066s
145,323.821657621s
80,323.878943527s
85,323.952676778s
78,323.990198156s
50,324.030879472s
43,324.071551959s
41,324.106285433s
53,324.138228817s
40,324.168774279s
38,324.199014866s
31,324.307566877s
41,324.456160687s
45,324.534305147s
1869,324.624962325s
36,324.696281265s
48,324.747046098s
28,324.790411116s
31,324.833285227s
28,324.886538166s
52,324.925288085s
32,324.963374156s
28,324.998369927s
38,325.036005997s
35783,325.081833355s
28,326.953282537s
28,326.990264089s
28,327.03649243s
40,327.065791757s
30,327.097338811s
30,327.14076396s
51,327.17776419s
73,327.209809619s
33,327.23811642s
29,362.959966201s
31,363.05966294s
56,363.088214678s
37,363.117057032s
32,363.149779757s
38,363.186744687s
53,363.218744671s
31,363.272456984s
49,363.36310869s
72,363.446055849s
84,363.488018158s
70,363.534754515s
92,363.583319423s
115,363.660703428s
100,363.695939445s
36,363.740398483s
80,363.802913778s
104,363.867656575s
144,363.908994912s
61,363.968333894s
31,364.046014033s
35,364.12125313s
114,364.19981655s
91,364.29564129s
122,364.429424289s
126,364.515518219s
176,364.556732748s
111,364.670591112s
126,364.822104714s
147,364.928289862s
508,364.965470734s
56,364.993187137s
27,365.029669142s
27,365.149995456s
50,365.257055006s
40,365.370000937s
34,365.532087992s
26,365.675041729s
34,365.787983132s
26,365.917428072s
28,366.077896322s
27,366.553895922s
36,366.610476696s
28,366.637504646s
28,366.671209433s
27,366.715977688s
133,366.757230058s
35,366.791460705s
82,366.819074863s
158,366.852241511s
148,366.879740402s
86,366.908034783s
136,366.937939262s
162,366.971189844s
230,367.000116791s
121,367.028689528s
165,367.057034305s
184,367.194333418s
216,367.225542445s
148,367.332104524s
177,367.535111423s
194,367.633214173s
278,367.720899251s
32,367.856897811s
29,368.046305637s
28,368.242108712s
221,368.379383937s
101,368.542783483s
128,368.763202872s
219,368.942561552s
271,369.091927874s
109,369.270482149s
227,369.488232606s
187,369.723838615s
272,369.750971167s
152,369.780078183s
204,369.848887571s
241,370.02967462s
298,370.142216348s
29,370.281946514s
150,370.53623051s
219,370.751241616s
302,370.898616562s
15973,371.118495625s
58,371.345579031s
46,371.575161614s
150,371.736527312s
43,371.945241331s
55,372.213179212s
53,372.445699948s
182,372.475634495s
58,372.654772497s
29,373.027164984s
28,389.044981911s
377,389.14693462s
344,389.192609834s
84,389.339746864s
310,389.391117441s
237,389.439095442s
120,389.490914886s
109,389.606853837s
159,389.739587205s
129,389.770667346s
109,389.800080823s
51,389.8299584s
43,390.205892951s
47,390.550815922s
54,390.63469413s
39,390.951533479s
27,391.182354429s
43,391.302943563s
25,391.412562086s
31,391.573519882s
25,391.702251932s
49,391.812282055s
27,391.862540155s
30,391.910691221s
25,391.953612388s
36,392.008671384s
26,392.048549524s
30,392.076922054s
25,392.119320968s
32,392.145339612s
26,392.177035232s
27,392.21343256s
26,392.251595628s
59,392.27948942s
24,392.309804463s
27,392.337025607s
26,392.37160105s
45,392.400976967s
30,392.427927143s
29,392.45605892s
25,392.486105784s
34,392.513054699s
26,392.540551707s
26,392.568078706s
25,392.626503589s
33,392.651453903s
31,392.678867186s
27,392.710990029s
66,392.751187124s
78,392.782672123s
26,392.811805405s
27,392.8391918s
85,392.87227496s
98,392.898628124s
48,392.925107719s
3548,392.954176462s
32,392.984677093s
37,393.016768724s
48,393.044182762s
27,393.141017285s
27,393.18925485s
37,393.21565598s
34,393.243075998s
32,393.35476716s
32,393.444745683s
83,396.968578228s
55,397.023724959s
32,397.05678098s
31,397.093335121s
71,397.141713927s
50,397.16863843s
39,397.19943088s
29,397.235773041s
39,397.269624439s
28,397.30163997s
31,397.336196852s
26,397.418115377s
33,397.473810216s
26,397.506127839s
27,397.544747282s
32,397.611899019s
43,397.661439662s
26,397.699017669s
27,397.730590237s
27,397.76868967s
44,397.796662582s
28,397.827367543s
27,397.856129491s
26,397.88710337s
34,397.913881654s
27,397.940556292s
27,397.974732737s
26,398.017027228s
33,398.043586164s
27,398.071162374s
28,398.109722247s
26,398.14304836s
54,398.172545859s
34,398.199922182s
27,398.227807481s
25,398.261086948s
48,398.288945879s
35,398.316531095s
27,398.345420728s
26,398.376319611s
37,398.404036658s
26,398.431924307s
28,398.459978784s
27,398.513373769s
34,398.547678353s
28,398.575228967s
28,398.605885329s
27,398.650281942s
43,398.686407964s
26,398.713708932s
27,398.741791481s
27,398.777925882s
49,398.80480044s
40,398.833299804s
34,398.863402458s
41,398.895227903s
33,398.924018822s
25,398.95199732s
26,398.980885444s
24,399.023159498s
33,399.049829652s
25,399.077817831s
29,399.120479217s
91,399.166042261s
494,399.202703968s
412,399.245053411s
65,399.272394131s
65,399.304667253s
69,399.330165168s
49,399.35667936s
37,399.384037642s
40,399.41494874s
46,399.441322531s
29,399.471202404s
26,399.605456576s
27,400.058054213s
33,400.470774369s
26,400.535338464s
28,400.609377421s
26,400.670588793s
55,400.720416113s
25,400.757266547s
26,400.799491331s
26,400.843821886s
45,400.873162734s
29,400.899733042s
26,400.929495537s
24,400.960401297s
33,400.988026212s
25,401.016472052s
30,401.043758722s
28,401.098147525s
32,401.123780774s
26,401.150875733s
26,401.188556445s
24,401.222080041s
53,401.252096819s
24,401.277844819s
27,401.303273947s
24,401.335815541s
115,401.361197571s
128,401.391466404s
130,401.422906666s
185,401.453483261s
2508,401.479854659s
152,401.50613713s
252,401.531566479s
228,401.584171765s
321,401.609252738s
194,401.636026816s
215,401.676064974s
228,401.780735293s
356,401.905169736s
35,402.060241278s
154,402.29715429s
215,404.746992815s
22613,404.923404579s
44,405.169959011s
35,405.454191048s
33,405.719864524s
39,405.921221856s
31,406.138293216s
31,406.393074718s
31,406.681056426s
42,406.716936024s
30,406.906371944s
33,429.658845257s
28,429.711308583s
93,429.745257538s
63,429.780164018s
33,429.814052155s
31,429.853030804s
64,429.884937804s
43,429.919892636s
33,429.951281816s
71,429.989232697s
33,430.020108747s
31,430.053171364s
33,430.082866508s
40,430.176116494s
33,430.240323461s
61,430.274308456s
61,430.309635055s
27,430.369322548s
98,430.414266596s
26,430.474790216s
57,430.519297759s
40,430.553153439s
71,430.583140467s
58,430.616926649s
123,430.658851452s
166,430.707807164s
83,430.75256233s
71,430.813387438s
27,430.852597602s
32,430.939166782s
405,430.966600574s
59,431.035073247s
27,431.094884188s
189,431.159193575s
60,431.266474879s
25,431.317706099s
33,431.484884653s
25,431.566654923s
51,431.639048056s
31,431.66628137s
33,431.971653772s
27,432.104595803s
41,432.164173136s
26,432.272805787s
33,432.382974219s
27,432.442187718s
40,432.468246552s
27,432.501320909s
34,432.53294248s
28,432.578596041s
52,432.612076698s
28,432.644224874s
36,432.673425922s
28,432.71337042s
66,432.740969683s
51,432.774375461s
38,432.804429841s
59,432.842417733s
51,432.870697852s
36,432.904864576s
43,432.934066688s
43,432.984828519s
57,433.014437532s
63,433.0512245s
37,433.109315481s
42,433.161024444s
100,433.205597282s
119,433.260466579s
81,433.304454039s
145,433.354051273s
302,433.395788528s
89,433.439501254s
87,433.486584704s
84,433.554599137s
134,433.598555559s
305,433.641226271s
80,433.681887934s
61,433.779737643s
71,433.904758209s
135,433.981190444s
93,434.132011851s
65,434.427597584s
81,434.52138618s
69,434.608201695s
73,434.6908938s
79,434.852469538s
102,435.123575886s
109,435.203336225s
60,435.267853966s
46,435.336566608s
57,435.472834369s
75,435.566423335s
54,435.633306878s
26,435.713283216s
41,435.78337046s
26,435.857091219s
37,435.946819879s
26,436.038805516s
63,436.148134949s
24,436.208815959s
29,436.259661646s
28,436.313220445s
50,436.388991412s
29,436.443830055s
34,436.472486075s
25,436.511201555s
39,436.537774233s
25,436.574678604s
33,436.603211209s
24,436.664958304s
39,436.690372937s
26,436.721461146s
33,436.755984157s
27,436.799322606s
51,436.829075282s
24,436.863685333s
32,436.890052455s
26,436.92812994s
56,436.954524816s
37,436.987523677s
34,437.014987453s
36,437.052148205s
35,437.07932959s
33,437.11217821s
33,437.145274604s
26,437.190761212s
40,437.21638578s
27,437.248985686s
34,437.292619102s
26,437.339026652s
73,437.371224227s
48,437.403050007s
29,437.440728947s
32,437.476559932s
62,437.508593491s
42,437.54207494s
35,437.571194606s
31,437.609331344s
41,437.637039122s
25,437.671121775s
31,437.698345542s
25,437.770473867s
38,437.821860012s
26,437.848774045s
35,437.886306235s
33,437.943726571s
47,437.986625705s
25,438.023942611s
32,438.05519337s
24,438.095688026s
50,438.121468736s
26,438.153067733s
33,438.180854876s
26,438.217252523s
39,438.24414921s
27,438.280002247s
33,438.31470469s
26,438.360568614s
41,438.386900334s
27,438.418711268s
33,438.456773288s
30,438.494454513s
61,438.521587598s
26,438.554281376s
35,438.581635958s
27,438.620867888s
52,438.649098439s
31,438.681972238s
34,438.711285616s
39,438.749512872s
62,438.778137887s
32,438.811199817s
82,438.843086985s
110,438.902896032s
53,438.929981145s
59,438.965602267s
114,438.999503117s
45891,439.045671782s
44,439.078421345s
30,439.112133133s
27,439.166994156s
31,439.214521574s
58,439.267587956s
53,439.336486198s
34,439.455977056s
49,439.494045613s
40,439.570132415s
30,485.526316781s
32,485.562342137s
24,485.605572591s
38,485.636695437s
30,485.66928519s
33,485.720509164s
28,485.774332058s
547,485.815839616s
480,485.863688117s
86,485.892132896s
96,485.93330658s
69,485.961804636s
47,485.993553442s
45,486.02129712s
54,486.057940376s
41,486.087976965s
30,486.122024858s
33,486.15192168s
25,486.697998094s
39,487.178505912s
26,487.264582897s
33,487.367240553s
26,487.429765586s
46,487.478130424s
25,487.522586615s
32,487.578563237s
25,487.619579443s
52,487.650217813s
26,487.682815912s
32,487.711327409s
24,487.74785726s
38,487.774656444s
27,487.808181692s
31,487.836094216s
25,487.881664614s
38,487.907286869s
26,487.939778134s
30,487.978670148s
26,488.017525298s
96,488.044301218s
25,488.076346154s
26,488.101708079s
30,488.139727476s
139,488.167636349s
80,488.19904273s
102,488.22631806s
138,488.262552854s
220,488.288642403s
122,488.32020155s
178,488.346651202s
198,488.44147354s
228,488.467195772s
202,488.493535304s
230,488.573929598s
230,488.666982874s
349,488.748317077s
29,488.861721074s
141,489.02206458s
244,489.215378329s
384,489.358141205s
70,489.529605248s
29,489.788290783s
41,489.96719378s
228,490.175511168s
176,490.402344761s
241,490.667515657s
267,490.946514484s
286,490.975922778s
242,491.17413024s
250,491.621442973s
287,491.780531283s
1153,491.817522688s
74,491.848237567s
29,491.889828056s
40,492.132462669s
60,492.34071356s
44,492.585066314s
37,492.90424454s
33,493.125713284s
42,493.390925991s
26,493.637956255s
34,493.9614185s
27,495.025661273s
40,495.101080515s
28,495.130210941s
18386,495.177207124s
26,495.230481696s
125,495.275432791s
27,495.313123891s
34,495.347760252s
28,495.388411492s
106,495.41580652s
28,495.449586083s
35,495.47879044s
28,495.517587964s
107,513.899678886s
58,513.935145042s
109,513.962479534s
159,514.087525818s
228,514.115087668s
185,514.151955088s
255,514.250038471s
238,514.28483411s
429,514.313642374s
32,514.348547561s
35,514.3784314s
126,514.487561111s
57,514.555217337s
38,514.666657891s
36,514.875705824s
36,515.069537218s
39,515.25753076s
30,515.517245349s
97,515.794580962s
237,516.153946248s
58,516.184141281s
154,516.218493246s
226,516.350604444s
242,516.40222051s
191,516.442936293s
26,516.480195571s
32,516.515264169s
193,516.553415034s
258,516.584563751s
144,516.719598053s
44,516.939220531s
61,516.977768182s
49,517.176976241s
35,517.400435395s
87,517.690725739s
385,517.792774247s
444,517.819074911s
85,517.856875183s
32,518.119696654s
34,518.417916307s
214,518.461745917s
573,518.517353829s
83,518.562356538s
436,518.610100126s
156,518.657574012s
101,518.88210293s
115,519.283095094s
199,519.603907549s
107,519.641947002s
98,519.67525151s
46,519.71026283s
44,519.92273188s
56,520.497586347s
51,520.5854488s
40,521.023336946s
30,521.173930818s
49,521.276186821s
24,521.390360156s
32,521.590780484s
25,521.696945587s
50,521.797292186s
27,521.841714775s
33,521.891866776s
25,521.943143797s
41,521.997989902s
45,522.035536555s
31,522.066967329s
31,522.114497352s
41,522.139106068s
30,522.171082294s
33,522.209941594s
24,522.246403009s
62,522.273956602s
25,522.306763476s
31,522.333353231s
26,522.390577629s
49,522.419633368s
33,522.451169211s
37,522.484958961s
25,522.522988777s
39,522.554839177s
25,522.587166002s
27,522.615603849s
29,522.674331755s
39,522.699704392s
26,522.731158362s
35,522.763680234s
26,522.807187086s
48,522.847550804s
24,522.877679939s
32,522.903755173s
25,522.941418759s
57,522.967696436s
35,522.998430658s
32,523.029248967s
30,523.064865891s
33,523.094733918s
31,523.127539404s
27,523.154883986s
33,523.202198228s
60,523.227372757s
41,523.258778003s
32,523.304065446s
32,523.349639629s
141,523.379495134s
46,523.410899739s
22405,523.442690924s
34,523.475801736s
111,523.506767207s
71,523.533789483s
35,523.575113833s
38,523.632729447s
43,523.669877367s
35,523.703329559s
36,523.736067797s
35,523.876586675s
41,546.238624196s
63,546.329954387s
42,546.396696214s
37,546.481130015s
43,546.548841612s
27,546.584770913s
27,546.626454639s
31,546.664892848s
46,546.702249734s
26,546.738630474s
34,546.777460298s
34,546.817976942s
39,546.882092992s
31,546.923187952s
25,546.959648804s
31,547.001307596s
34,547.029033467s
26,547.055567744s
31,547.099956555s
34,547.133484643s
57,547.166743489s
29,547.19516672s
27,547.231118774s
31,547.269496536s
48,547.30027964s
40,547.325879554s
27,547.359570814s
25,547.39183212s
41,547.418253838s
29,547.449727556s
38,547.484568806s
25,547.541764163s
32,547.571346176s
45,547.599096122s
32,547.635261238s
25,547.679551815s
48,547.720658016s
24,547.747301856s
42,547.774889747s
88,547.814685155s
208,547.844555934s
228,547.883104283s
41,547.910986525s
62,547.941023234s
73,547.987083128s
45,548.019388017s
34,548.04624607s
24,548.093036682s
92,548.118263833s
46,548.168842158s
43,548.382865125s
26,548.633681956s
135,548.699003401s
331,548.763146571s
118,548.791559633s
69,548.863191475s
87,548.909224247s
61,548.943882848s
39,548.971555425s
31,549.082865011s
43,549.108381227s
27,549.151104447s
25,549.178571426s
24,549.312683935s
31,549.644269041s
25,549.762222311s
25,549.837611605s
24,549.919462607s
38,549.98126483s
23,550.020080387s
24,550.053019798s
23,550.095910497s
43,550.124314507s
25,550.149350171s
28,550.176683374s
24,550.205518235s
30,550.231942554s
23,550.257129408s
24,550.283069032s
23,550.320106068s
31,550.344128336s
23,550.368396136s
26,550.403345035s
22,550.43571698s
49,550.461883322s
22,550.490277966s
23,550.515378944s
64,550.545238815s
64,550.568632651s
103,550.593053594s
128,550.618475252s
274,550.64755813s
435,550.671983485s
278,550.69791952s
310,550.72155677s
404,550.770428051s
548,550.793304885s
247,550.816443285s
281,550.906072585s
332,550.945588003s
447,551.059576527s
54,551.207498599s
216,551.522259135s
316,551.959437353s
520,552.233801194s
66,552.52908402s
27,553.073431414s
27,553.479051617s
229,553.725733328s
177,554.019676133s
24592,554.394537784s
28,554.74643525s
32,554.794254314s
24,555.074718072s
25,555.651135616s
33,555.885519592s
1049,555.914015419s
67,555.941127284s
46,555.96964992s
23,556.220904361s
75,580.914066708s
38,580.969194441s
34,581.000674821s
23,581.030506504s
54,581.055056152s
22,581.080197681s
23,581.115643438s
28,582.162816211s
40,582.230782429s
23,582.277002875s
36,582.309785641s
31,582.376779868s
72,582.415261304s
23,582.449552873s
57,582.474427849s
24,582.527566636s
64,582.550855574s
56,582.574552248s
24,582.605986864s
47,582.643970069s
56,582.680190945s
26,582.712823995s
64,582.769083423s
42,582.808553247s
44,582.831749065s
27,582.889698165s
39,582.945828563s
25,582.978030647s
105,583.034944227s
23,583.059162226s
26,583.12764707s
31,583.164009849s
59,583.190820355s
40,583.254929768s
25,583.300004299s
40,583.341963187s
146,583.369790143s
101,583.408406749s
263,583.43586737s
599,583.539436542s
686,583.564586373s
314,583.590003693s
366,583.627317076s
522,583.681086942s
918,583.722350783s
110,583.74818466s
328,583.78995584s
403,583.937474028s
732,584.077200903s
331,584.399260076s
45,585.084568574s
485,585.636637189s
187,585.955112641s
41,586.35235477s
38,586.97554355s
410,587.750503909s
476,587.820927554s
18564,588.233280463s
59,588.976117068s
38,589.56915601s
789,589.63596214s
571,589.850519537s
86,590.303873198s
198,590.351681079s
400,590.389822762s
167,590.559326825s
130,591.02579058s
99,609.824169429s
265,609.881497008s
488,609.93993712s
76,609.987233398s
70,610.770858008s
97,611.338756088s
218,611.422916881s
135,611.629147527s
90,612.023752141s
98,612.196259453s
102,612.326865932s
111,612.543793894s
111,612.683725226s
194,613.17943664s
530,613.251200447s
124,613.328497459s
97,613.419712084s
100,613.637055795s
283,613.781720924s
135,613.863617519s
95,613.961686291s
122,614.071645538s
145,614.615586969s
100,614.725873998s
164,614.913581395s
133,615.434110287s
82,615.559692266s
86,615.656842725s
73,615.774230875s
114,616.044827485s
88,616.197284631s
95,616.28184485s
89,616.423408125s
128,616.551018818s
85,616.70243071s
186,616.798784375s
93,616.92965854s
161,617.011861885s
55,617.098897843s
55,617.177683044s
48,617.28629251s
145,617.374660092s
50,617.470195417s
44,617.563322826s
22,617.687944521s
47,617.773348564s
34,617.960712201s
23,618.056749338s
26,618.215350196s
31,618.271519901s
25,618.325966734s
26,618.375036028s
23,618.518753389s
29,618.590522286s
23,618.614448238s
31,618.653350585s
22,618.693212618s
96,618.718821658s
58,618.745006343s
25,618.769767607s
22,618.800572789s
45,618.827298609s
38,618.852659777s
27,618.878151044s
22,618.904619718s
39,618.928270557s
26,618.959901018s
24,618.983729688s
24,619.081456449s
31,619.139802299s
24,619.162775298s
23,619.190963959s
23,619.230717035s
37,619.269478479s
23,619.296761643s
29523,619.321095183s
24,619.35894305s
43,619.38572321s
28,619.410341504s
33,619.437869622s
22,619.466153024s
38,619.49120521s
22,619.514661363s
32,619.539636193s
32,619.576322279s
49,649.061869391s
23,649.123548328s
33,649.160264475s
35,649.190913802s
62,649.219877534s
39,649.253695309s
22,649.284757038s
21,649.314416187s
41,649.337508667s
26,649.369671921s
23,649.404306199s
22,649.451015298s
29,649.475018281s
22,649.508130552s
24,649.544877547s
22,649.623693789s
30,649.645757295s
23,649.668273139s
24,649.695298764s
23,649.731677602s
40,649.759183295s
23,649.782247123s
23,649.805907235s
23,649.834382128s
48,649.857215278s
38,649.881105015s
31,649.906296996s
29,649.934223896s
39,649.958630398s
23,649.982919823s
24,650.007748576s
28,650.04692567s
70,650.070279348s
33,650.094305556s
28,650.134392334s
26,650.1788706s
65,650.211983049s
60,650.242914759s
43,650.276041191s
51,650.306287553s
46,650.330297646s
41,650.354809265s
36,650.400165153s
40,650.46178719s
35,650.489308816s
22,650.518528462s
23,650.543926798s
21,650.60856956s
29,650.669322839s
23,650.712436122s
147,650.769845736s
22,650.811220854s
41,650.852797018s
22,650.889171911s
41,650.931054216s
27,650.966279484s
45,650.989015755s
27,651.012123937s
27,651.036568455s
23,651.063362566s
510,651.086735159s
22,651.233795096s
181,651.257609795s
23,651.297704066s
33,651.320798951s
26,651.362315871s
26,651.401892034s
78,651.437841121s
50,651.46280531s
22,651.490273775s
36,651.561000182s
23,652.024465923s
41,652.047409626s
37,652.228924313s
45,652.256788037s
29,652.285810342s
45,652.31339932s
24,652.338658505s
175,652.418665581s
23,652.468181076s
31,652.502963425s
25,652.527849285s
25,652.556024275s
24,652.592606247s
36,652.637375277s
22,652.677468915s
23,652.708159922s
21,652.750881514s
52,652.775177515s
38,652.950654988s
25,652.977258636s
23,653.005547642s
31,653.031558816s
38,653.056930846s
62,653.081874158s
129,653.117291942s
156,653.140056761s
124,653.163375838s
142,653.203748862s
233,653.248477415s
772,653.2776701s
65,653.301878542s
27,653.327198595s
24,653.358322742s
55,653.406130458s
42,653.466207064s
28,653.649603782s
24,653.766706564s
31,653.894581409s
25,654.049190775s
24,654.304686846s
24,655.019101536s
30,655.08511127s
24,655.111523763s
27,655.141453605s
202,655.191504045s
617,655.234124764s
75,655.262534266s
314,655.287880913s
436,655.318647005s
210,655.344002496s
188,655.368177907s
233,655.394948379s
276,655.423116302s
362,655.44843094s
197,655.4886274s
289,655.744242656s
295,656.30654015s
31103,656.372245748s
25,656.762297833s
29,657.23905726s
24,657.380897395s
369,657.561971591s
28,657.800861738s
24,658.111901205s
30,658.405983909s
114,658.649580278s
41,658.939756627s
24,690.226127083s
27,690.279466101s
35,690.305294622s
30,690.33451261s
26,690.360134906s
28,690.730594667s
31,690.757556837s
33,690.781494314s
23,690.85783834s
31,690.927048747s
386,690.969226775s
32,690.99733644s
31,691.026429519s
33,691.055668734s
519,691.08615832s
386,691.117970003s
68,691.14394684s
57,691.172098707s
335,691.205734735s
55,691.228843308s
98,691.261763077s
71,691.646452875s
132,691.679586937s
138,691.721201793s
4179,692.230108939s
30,692.61039925s
340,692.694466428s
720,692.752613098s
61,693.081844916s
279,693.125307441s
1290,693.179796695s
18358,693.311149959s
231,693.421200156s
86,693.492128604s
304,694.579464762s
104,697.827422054s
41,697.858579714s
37,698.198427298s
59,698.919113296s
61,698.988038281s
35,699.265909896s
39,717.113057615s
61,718.910116027s
23,719.141603811s
33,719.229098477s
23,719.532683699s
57,719.637466387s
41,719.679047368s
43,719.71889167s
22,719.776318578s
44,719.838002849s
42,719.873117612s
24,719.913458856s
29,719.974110459s
30,719.997374823s
52,720.030957857s
34,720.065673734s
23,720.128369401s
77,720.153299972s
21,720.196658538s
23,720.220155815s
22,720.263345873s
78,720.30664482s
42,720.330671465s
34,720.362979514s
22,720.409634115s
61,720.443639731s
22,720.4774237s
24,720.50181535s
46,720.578048851s
30,720.600256092s
23,720.623073867s
41,720.680200414s
28,720.724006714s
36,720.767341988s
121,720.8015499s
90,720.825600747s
22,720.886315393s
82,720.909774891s
51,720.944680979s
25,720.98312507s
42,721.010466375s
50,721.034038372s
44,721.081202589s
80,721.10487375s
47,721.210474791s
51,721.278861424s
57,721.351204455s
58,721.40993762s
51,721.464233128s
161,721.508954414s
82,721.534031993s
25,721.577993459s
137,721.626816971s
96,721.671510174s
109,721.751931609s
42,721.802087635s
54,721.850988832s
138,721.932445611s
80,721.967610419s
43,722.021731879s
23,722.18029093s
99,722.263319391s
23,722.289311481s
24,722.452624453s
22,722.52341766s
35,722.633075936s
28,722.67535566s
23,722.730426964s
163,722.867223733s
41,722.948327742s
26,722.991491992s
24,723.017149943s
23,723.114653434s
30,723.138922611s
22,723.16278081s
24,723.186091359s
24,723.220255823s
32,723.24912627s
25,723.272987995s
33,723.44748807s
25,723.477687472s
58,723.504289719s
25,723.528784675s
26,723.552781023s
25,723.582261481s
82,723.605435131s
72,723.630208257s
101,723.694064307s
218,723.723352506s
805,723.749600961s
255,723.782929581s
525,723.810071747s
599,723.86980564s
548,723.896079674s
35751,723.921695865s
29,723.952824116s
26,724.030769567s
46,724.109040943s
25,724.23185192s
25,724.497188181s
26,725.253950742s
53,725.593951997s
45,726.192682234s
36,726.77258106s
45,762.865287773s
34,762.911772953s
25,762.939621737s
27,762.967514609s
25,763.012379107s
41,763.038513845s
39,763.064027683s
42,763.1113585s
52,763.159662993s
648,763.200029145s
624,763.247008383s
67,763.273386508s
72,763.306735466s
68,763.332481449s
43,763.359735429s
45,763.396834084s
51,763.428013921s
57,763.470310505s
31,763.511443554s
29,763.590043667s
24,764.211812187s
57,764.835660915s
27,764.905173008s
33,764.981559496s
27,765.044209192s
39,765.087466376s
24,765.133042506s
29,765.188552435s
25,765.243079092s
49,765.274572931s
26,765.303242818s
30,765.330625919s
23,765.385448944s
32,765.420809064s
28,765.446792352s
26,765.475564053s
23,765.514082432s
32,765.542654588s
24,765.567827478s
25,765.606647095s
24,765.642241639s
57,765.673686866s
30,765.698800153s
25,765.723683875s
39,765.759543925s
45,765.783789463s
28,765.810543599s
26,765.836545758s
38,765.866072806s
371,765.891449206s
213,765.916702585s
347,765.942599267s
413,765.999113483s
620,766.029549935s
350,766.06855747s
373,766.100326241s
416,766.139566237s
499,766.16864797s
39,766.195347086s
221,766.299200805s
394,766.632260438s
650,766.896722734s
86,767.237779207s
39,767.764501643s
26,768.282106433s
228,768.613271808s
260,769.002232865s
430,769.461423901s
508,769.840560211s
469,769.880533832s
27995,770.18140063s
25,770.92034311s
23,771.204714043s
1225,771.233706494s
51,771.272791653s
30,771.300319564s
22,771.554104887s
52,771.887733347s
37,772.291086666s
29,772.892273792s
22,801.15583162s
31,801.193679442s
29,801.219148105s
24,801.243896402s
23,802.468041092s
36,802.520661007s
26,802.550929907s
25,802.585308583s
25,802.625595941s
45,802.662772211s
23,802.692796146s
25,802.71607381s
24,802.746289299s
48,802.775830736s
31,802.799481668s
25,802.825129004s
25,802.858583653s
36,802.885092391s
25,802.910577764s
25,802.936719432s
25,802.98126338s
71,803.005298702s
222,803.030651188s
272,803.07092249s
328,803.103578593s
629,803.135495688s
24,803.160668623s
25,803.187723362s
24,803.222437538s
404,803.248201132s
255,803.273821346s
235,803.301343733s
345,803.405600871s
480,803.646448062s
264,803.918919703s
444,804.296852712s
383,804.82319723s
576,804.84838767s
315,804.873692782s
360,804.995133431s
395,805.30228816s
607,805.574494729s
32,805.848180259s
188,806.247018931s
426,806.64301077s
710,806.970077737s
20757,807.419339457s
49,807.888478021s
218,808.357087944s
52,808.669598006s
37,809.027009701s
40,809.510867472s
45,809.968475533s
46,810.000424857s
241,810.269486545s
66,811.082076085s
37,832.041997992s
1160,832.103185361s
3218,832.324981707s
149,832.370744556s
248,832.415750368s
620,832.454896814s
175,832.493941208s
141,832.543972217s
109,832.788708967s
281,832.827166227s
617,832.893997439s
135,832.933736434s
491,834.116080439s
133,837.310045307s
135,837.465765612s
175,837.716185021s
228,838.328771541s
15974,838.517867364s
128,838.658119896s
212,838.752235203s
121,839.038521973s
145,839.673972481s
79,839.776734345s
114,840.272677597s
198,840.401891372s
158,840.58758938s
62,840.749835401s
45,856.619619179s
76,856.951868187s
78,857.081029423s
57,857.292520526s
33,857.424158392s
25,857.559895507s
94,857.639921833s
29,857.753654214s
58,857.953132436s
31,858.110085878s
53,858.174055283s
35,858.218882262s
31,858.298137144s
28,858.37375417s
38,858.431892253s
29,858.464802162s
26,858.491095979s
26,858.58419189s
36,858.614339639s
33,858.67319185s
27,858.710100988s
24,858.75753261s
42,858.793443395s
25,858.824828498s
33,858.855800703s
27,858.892170656s
52,858.922298826s
34,858.948747607s
26,858.977923539s
25,859.012518426s
33,859.04591753s
23,859.073596285s
25,859.099675956s
50,859.140501689s
33,859.16619467s
25,859.199721996s
25,859.246437337s
33,859.287415196s
74,859.313804081s
46,859.341431156s
33,859.368786145s
23,859.399837815s
46,859.423963439s
37,859.449297426s
27,859.502973197s
25,859.532516377s
30,859.558996097s
28,859.584403025s
24,859.619191421s
34,859.692319703s
32,859.739107202s
32,859.771681006s
25,859.800691138s
26,859.841226202s
41,859.878592999s
25,859.906169011s
25,859.932355214s
26,859.960868452s
45,859.990381908s
26,860.014814022s
26,860.052437927s
206,860.081322965s
129,860.114609317s
33,860.139891139s
254,860.1674277s
336,860.207189356s
391,860.233074051s
277,860.258060654s
333,860.29520093s
339,860.328884261s
70,860.3555599s
24,860.394361295s
28,860.652425214s
28,860.718301157s
44,860.781191344s
29,861.064701097s
26,861.456090361s
25,861.794499359s
31,862.08332346s
24,862.410562982s
33,862.686054598s
29,862.75488532s
33,862.77961733s
25,862.812118712s
26,862.844599949s
24,862.882828984s
53,862.912739642s
29,862.938894314s
26,862.965226804s
24,862.995796969s
49,863.020574196s
41,863.057344943s
31,863.085154286s
30,863.116557243s
41,863.142470082s
26,863.168834857s
33,863.194484123s
29,863.246739501s
33,863.276487611s
26,863.302249424s
27,863.343785812s
25,863.387375902s
70,863.423833358s
472,863.45448608s
83,863.489315157s
99,863.521374842s
57,863.547783354s
40,863.581424083s
35,863.613281077s
39,863.643578522s
36,863.670143715s
24,863.697300307s
27,863.723921137s
27,863.793388484s
32,864.266573285s
25,864.349785684s
42,864.455302385s
26,864.506870395s
37,864.54756958s
28,864.583593285s
26,864.624068786s
23,864.659986865s
45,864.684963944s
25,864.712304765s
27,864.742409243s
22,864.772354774s
30,864.797258966s
22,864.840016506s
25,864.866780373s
176,864.903248128s
481,864.931779782s
280,864.958393219s
396,864.993331019s
363,865.027953862s
28361,865.053713495s
25,865.08062649s
25,865.104424705s
24,865.133736971s
47,865.156768845s
28,865.182737091s
28,865.499345026s
23,865.910046504s
32,866.202647122s
24,866.585280081s
31,895.180070166s
23,895.243036409s
31,895.26918966s
35,895.293982605s
25,895.324889763s
24,895.365694535s
38,895.394588438s
24,895.422534545s
29,895.446828805s
26,895.478508721s
48,895.503395102s
33,895.534547252s
25,895.560571154s
26,895.589359528s
36,895.625498392s
26,895.651075131s
25,895.676523027s
27,895.713996767s
34,895.739068794s
24,895.768242367s
25,895.811234982s
24,895.850926724s
71,895.877019471s
50,895.90217462s
31,895.929584111s
24,895.964611174s
46,895.99171814s
43,896.016624368s
35,896.046860594s
23,896.078907699s
42,896.104048702s
25,896.129766378s
32,896.161940204s
23,896.226413529s
45,896.277944179s
24,896.309354297s
33,896.338704002s
24,896.380130118s
53,896.424130377s
23,896.458644394s
33,896.482834351s
23,896.52641337s
54,896.550840765s
38,896.583261577s
30,896.609572156s
24,896.652372781s
43,896.684846569s
23,896.71120577s
25,896.736936458s
23,896.789795881s
65,896.813883141s
24,896.846767957s
40,896.893684119s
38,896.937359248s
68,896.969006408s
43,896.993766901s
43,897.01881721s
46,897.061802937s
55,897.086430808s
46,897.111672938s
52,897.165286158s
46,897.200040435s
31,897.225331056s
44,897.265011618s
25,897.304125337s
48,897.391287199s
32,897.41613149s
44,897.459331602s
34,897.523570939s
24,897.578166528s
123,897.60800304s
45,897.681094859s
48,897.707492245s
89,897.739673803s
142,897.783900767s
59,897.834129655s
97,897.860896778s
40,897.890836854s
97,897.942201808s
77,897.969058529s
33,898.049894853s
37,898.117161439s
325,898.162997011s
85,898.211363871s
27,898.315749658s
28,898.45343296s
77,898.508890181s
58,898.613905439s
64,898.705431921s
457,898.74487186s
649,898.822458089s
155,898.856858084s
90,898.911138468s
132,899.270164731s
115,899.298442363s
90,899.325350598s
41,899.354463479s
34,899.430535678s
48,899.490177321s
56,899.554062968s
36,900.017070958s
25,900.664633104s
38,900.818463539s
24,900.90868788s
25,901.041883751s
24,901.156492849s
42,901.247301975s
25,901.288305223s
24,901.324361813s
24,901.371062746s
32,901.428124336s
24,901.464861925s
24,901.49119889s
24,901.528375112s
31,901.553086684s
34,901.578109981s
25,901.613168006s
24,901.644639154s
50,901.670494175s
23,901.694886057s
25,901.720919011s
29,901.751243904s
47,901.77603214s
28,901.800816072s
26,901.827666169s
24,901.857278591s
31,901.892049574s
26,901.91796733s
24,901.943516525s
23,901.993577501s
30,902.017896037s
23,902.042754477s
168,902.077503921s
381,902.119757171s
522,902.148902414s
27,902.175652111s
27,902.200823172s
25,902.231220195s
47,902.258420891s
34,902.282717752s
27,902.308546021s
31,902.336114642s
45,902.360304642s
28,902.596008911s
51,903.034682922s
405,903.431824757s
471,903.460045645s
320,903.487327858s
359,903.526903885s
66905,903.566697054s
918,903.594344304s
67,903.621225037s
33,903.663168878s
57,903.705639597s
47,903.734779401s
38,903.857774938s
35,904.347448477s
24,904.733813976s
31,905.063823318s
30,972.21956957s
24,972.253531028s
23,973.173276102s
31,973.238762625s
23,973.304298822s
24,973.334009406s
40,973.375427955s
41,973.422436342s
24409,973.450419927s
363,973.476177536s
24,973.506596481s
47,973.537639224s
67,973.562005517s
2876,973.587838651s
867,973.616999067s
46,973.641333014s
94,973.668954512s
