7340,0ns
51,18s
56,18.130126248s
57,18.17375583s
63,18.236543611s
53,18.29702146s
75,18.358074806s
68,18.419050821s
75,18.482309753s
48,18.533230676s
56,18.594659389s
60,18.656119945s
63,18.712491147s
53,18.766117651s
62,18.82988849s
63,18.88536202s
68,18.963073477s
56,19.013947509s
60,19.084692299s
59,19.156416166s
69,19.210938881s
66,19.263601923s
81,19.327737972s
757,19.387327083s
87,19.450765361s
72,19.506786951s
57,19.56993058s
56,19.637517114s
51,19.697428404s
48,19.754492729s
46,19.824764176s
45,19.887559788s
43,19.9750873s
34,20.703327839s
34,20.792094301s
38,20.883376725s
43,20.947195744s
37,21.001735732s
37,21.061584414s
49,21.112050189s
46,21.152725523s
33,21.197261001s
34,21.243863078s
44,21.285758621s
40,21.321404488s
34,21.355228318s
40,21.400470438s
41,21.436791519s
47,21.477215818s
40,21.513691483s
36,21.562096302s
42,21.607613789s
46,21.642725305s
41,21.679454199s
43,21.723457385s
53,21.76155338s
68,21.79765672s
52,21.836807445s
48,21.881846075s
55,21.925645201s
61,21.96680553s
48,22.002520971s
49,22.052833326s
52,22.095694712s
46,22.138517695s
37,22.180095561s
34,22.234256134s
41,22.301840131s
40,22.355032926s
31,22.403447583s
34,22.464026141s
40,22.517575189s
42,22.569645862s
31,22.615072225s
33,22.668573452s
37,22.71352136s
37,22.752482369s
31,22.785897775s
32,22.832469331s
36,22.867878372s
33,22.902067454s
29,22.934001335s
30,22.975830776s
37,23.016913539s
40,23.049140175s
31,23.081800919s
35,23.121957525s
54,23.156460493s
49,23.189497717s
31,23.220477077s
30,23.258541507s
39,23.290126233s
38,23.320346281s
30,23.353677446s
32,23.39635555s
38,23.430460294s
35,23.465763774s
30,23.49678254s
31,23.551285084s
35,23.599224003s
39,23.631275764s
31,23.661472083s
34,23.703750734s
42,23.739841572s
39,23.772644148s
29,23.803865826s
31,23.844408412s
39,23.878229593s
37,23.910422004s
34,23.941379241s
33,23.982604931s
36,24.015335693s
36,24.050541598s
32,24.082287942s
33,24.12570004s
36,24.163988762s
48,24.194612147s
41,24.225818168s
45,24.268326217s
66,24.30280346s
73,24.339474748s
53,24.371505092s
51,24.409290163s
66,24.444393817s
62,24.477913107s
47,24.511175317s
48,24.559899687s
60,24.60303185s
57,24.647583514s
52,24.690401482s
53,24.760559025s
59,24.825803707s
54,24.883538327s
48,24.931105275s
53,24.999916119s
58,25.059399138s
47,25.110232248s
33,25.157853536s
34,25.220083335s
46,25.276517149s
39,25.329540687s
28,25.386846393s
31,25.443739549s
34,25.491839074s
32,25.546080922s
28,25.592587873s
29,25.651578497s
33,25.697867188s
42,25.732539362s
29,25.766332508s
35,25.815603999s
46,25.852429878s
41,25.882203492s
27,25.911728456s
28,25.947744249s
41,25.979250117s
38,26.008725234s
29,26.038069835s
31,26.082249432s
35,26.113537798s
35,26.149249188s
31,26.17869752s
33,26.226419112s
40,26.266596829s
43,26.295017929s
33,26.322893657s
35,26.367334032s
43,26.402521394s
41,26.434232357s
31,26.464275194s
31,26.501545177s
38,26.535241647s
38,26.568752893s
31,26.602175909s
34,26.649793304s
37,26.685484208s
38,26.721986415s
32,26.754411098s
33,26.799268559s
37,26.839173167s
46,26.87172848s
36,26.903197152s
43,26.944612677s
59,26.979774926s
58,27.013731885s
46,27.046455215s
46,27.085376789s
48,27.122122727s
39,27.156326441s
33,27.189309441s
38,27.238010926s
35,27.275386851s
32,27.318863634s
29,27.3586863s
30,27.41377163s
33,27.471802488s
37,27.517268527s
30,27.563269646s
34,27.614156109s
40,27.651474716s
38,27.686623937s
31,27.723595017s
32,27.760988638s
39,27.792162068s
38,27.822678418s
32,27.85217313s
34,27.890608949s
38,27.922455429s
37,27.956240896s
33,27.988159465s
34,28.030423877s
38,28.06696371s
48,28.099252908s
33,28.131284465s
40,28.173502321s
56,28.209510408s
51,28.244192428s
30,28.276900057s
32,28.316096854s
45,28.352711577s
41,28.387193725s
33,28.420947159s
35,28.471462699s
39,28.507206289s
38,28.548358844s
33,28.582029218s
34,28.63903541s
37,28.689942244s
42,28.721492399s
34,28.753578721s
38,28.80153556s
44,28.840119931s
42,28.875606698s
32,28.909165367s
34,28.949729742s
41,28.986599307s
41,29.021104429s
33,29.05516449s
36,29.09913613s
39,29.13486722s
39,29.173351928s
33,29.20763768s
35,29.253306578s
39,29.294764461s
52,29.329086227s
41,29.362340392s
68,29.406862742s
93,29.444687011s
80,29.480916427s
68,29.516173068s
75,29.556562207s
77,29.59415353s
69,29.62928649s
72,29.664469495s
71,29.719138759s
68,29.76207119s
72,29.818628339s
4657,29.886736428s
77,29.966086682s
70,30.047424253s
70,30.117192845s
70,30.187879749s
71,30.26834565s
69,30.34508751s
72,30.408711317s
72,30.479425723s
60,30.55284653s
71,35.113323187s
64,35.280213935s
64,35.355458505s
80,35.432793314s
65,35.498484161s
65,35.576046356s
55,35.638954533s
68,35.710955998s
69,35.782817268s
73,35.854317882s
90,35.915652112s
69,35.991134965s
74,36.054326241s
104,36.130164966s
61,36.193273247s
66,36.263397761s
71,36.323555856s
69,36.380018762s
29,36.448280736s
45,36.527223583s
41,36.596984443s
48,36.684943485s
40,36.749229448s
43,36.825413604s
53,36.928772351s
44,36.991473786s
31,37.057416934s
55,37.152119317s
39,37.197797124s
55,37.229941415s
28,37.273242651s
34,37.316328705s
50,37.366024047s
36,37.408691947s
49,37.449757715s
33,37.506620468s
42,37.548464728s
40,37.594960923s
41,37.632738527s
49,37.673398083s
32,37.728539107s
63,37.758012843s
42,37.791780663s
48,37.846744047s
78,37.879618008s
65,37.933087206s
63,37.963151787s
52,38.00606858s
53,38.04603312s
53,38.091755448s
38,38.137031212s
43,38.193354133s
42,38.236274968s
46,38.291282059s
32,38.328521353s
51,38.411851402s
31,38.467995069s
60,38.53206913s
29,38.585493818s
62,38.640389447s
55,38.691244608s
35,38.731592589s
46,38.781772124s
42,38.821256082s
52,38.865606987s
55,38.911053773s
38,38.94651731s
34,39.003808703s
54,39.039166415s
49,39.088065798s
30,39.130342874s
45,39.187392074s
46,39.238586498s
55,39.273727905s
38,39.314784434s
51,39.366089348s
60,39.41880102s
72,39.460811807s
27,39.500537461s
45,39.547156273s
41,39.596222297s
60,39.627543303s
26,39.671816667s
31,39.730291399s
46,39.773537594s
38,39.817761008s
30,39.863815527s
31,39.93999842s
31,39.994469724s
40,40.021893093s
27,40.067259895s
31,40.114373346s
38,40.169713949s
37,40.196185187s
30,40.227781955s
32,40.278228826s
33,40.313461418s
36,40.344272578s
27,40.375768757s
48,40.414909412s
32,40.447146537s
36,40.474792199s
28,40.506404328s
34,40.545753427s
32,40.582971516s
47,40.613331156s
32,40.645812378s
42,40.682945284s
57,40.716504296s
60,40.744022931s
54,40.792806115s
48,40.827302771s
69,40.861925001s
60,40.890864176s
56,40.925762328s
58,40.975740646s
51,41.009895695s
35,41.048001229s
38,41.083708558s
45,41.143367204s
32,41.202589439s
37,41.257015404s
27,41.314724268s
32,41.373943854s
34,41.432156316s
45,41.489164596s
31,41.546700828s
32,41.598930322s
31,41.634830627s
36,41.674000706s
26,41.717016621s
31,41.75688901s
30,41.787779427s
35,41.816001261s
27,41.848266885s
31,41.885283151s
30,41.929397437s
44,41.961702888s
28,41.993066955s
33,42.027977251s
53,42.060928379s
42,42.087514897s
29,42.118589566s
32,42.151245733s
40,42.184779343s
40,42.212276016s
31,42.243866923s
33,42.28806662s
32,42.318651886s
35,42.347285162s
28,42.380118158s
45,42.437263689s
51,42.479297815s
55,42.50705029s
46,42.538989203s
59,42.582037325s
45,42.621901824s
60,42.652219258s
33,42.684988733s
60,42.720005402s
67,42.752815942s
67,42.78315893s
57,42.829115292s
62,42.887162483s
68,42.935769549s
71,42.986698152s
57,43.042322087s
63,43.086252241s
70,43.145243284s
85,43.186942643s
78,43.242917496s
46,43.31607169s
106,43.377921419s
108,43.435804233s
62,43.499599447s
42,43.570709898s
48,43.635626671s
55,43.697376132s
39,43.760702388s
35,43.866609839s
40,43.92822132s
31,44.002295405s
36,44.036156622s
28,44.143643094s
43,44.250728535s
39,44.313779145s
38,44.362436057s
41,44.411112681s
70,44.461798787s
72,44.500323941s
40,44.536211873s
78,44.576930495s
5425,44.608393453s
74,44.644918299s
28,44.67350299s
46,44.722431459s
32,44.761379305s
40,44.796521203s
111,44.841577929s
61,44.908492689s
46,44.979952119s
49,45.031692175s
26,50.412359108s
33,50.52579496s
60,50.597249052s
38,50.627010558s
34,50.672590363s
42,50.70572536s
38,50.75546654s
54,50.887467678s
36,50.918296855s
26,50.984833177s
40,51.013718151s
30,51.040601253s
39,51.082132915s
40,51.135849277s
38,51.173454871s
35,51.208259876s
35,51.249696658s
27,51.290447495s
56,51.342972318s
54,51.379327268s
27,51.405609848s
37,51.44715473s
60,51.476369497s
34,51.516337103s
38,51.55667961s
28,51.601263587s
43,51.630464556s
77,51.666541798s
61,51.701824147s
55,51.751638918s
54,51.805146471s
90,51.832230718s
52,51.86988044s
103,51.933189361s
354,51.964877404s
183,52.003347038s
205,52.031591913s
265,52.075950296s
96,52.154464474s
98,52.214804344s
110,52.289826995s
237,52.368050595s
126,52.420670202s
130,52.521600309s
72,52.578387202s
97,52.931265768s
71,53.114725732s
74,53.366605246s
78,53.595689652s
111,53.683061067s
84,53.778109559s
80,53.888063528s
85,54.12726365s
113,54.28801469s
104,54.394575136s
88,54.455355669s
94,54.55399145s
97,54.646709146s
88,54.699252208s
78,54.837779032s
77,54.897890833s
71,54.974226987s
60,55.052709161s
77,55.138974538s
82,55.251914238s
67,55.363640398s
121,55.482411756s
113,55.540526067s
79,55.639817643s
88,55.747354802s
100,55.805221569s
100,55.896641533s
122,55.954240884s
103,56.042799283s
111,56.120305687s
150,56.181755637s
95,56.249124809s
89,56.368458483s
87,56.480353717s
104,56.561277311s
62,56.657857628s
63,56.757693081s
53,56.853510495s
76,56.985442414s
63,57.085612436s
30,57.202188511s
46,57.367739895s
46,57.428863344s
30,57.518407511s
29,57.613903272s
35,57.712362618s
33,57.772506201s
30,57.83609624s
32,57.890084202s
34,57.966533496s
46,58.030771376s
52,58.060632185s
41,58.109130925s
53,58.153436276s
53,58.184479095s
41,58.213427885s
35,58.249751175s
46,58.281684119s
42,58.312879974s
35,58.344655871s
35,58.393408032s
39,58.438938484s
41,58.481866432s
35,58.519199135s
29,58.575430629s
31,58.626825075s
35,58.668762146s
28,58.704013034s
28,58.75288427s
36,58.792926156s
33,58.828458207s
27,58.863751681s
32,58.904644679s
44,58.946913997s
41,58.980363891s
34,59.009154126s
28,59.046358585s
34,59.076151826s
30,59.104995172s
27,59.133463673s
30,59.171438416s
31,59.204122522s
40,59.232184105s
31,59.265297386s
36,59.313352677s
52,59.351628452s
39,59.386305688s
26,59.413739083s
27,59.448996886s
38,59.477839694s
38,59.505446108s
26,59.536331483s
27,59.578313155s
32,59.60790319s
31,59.64016691s
27,59.676017712s
27,59.729618148s
30,59.767907775s
34,59.795368451s
27,59.822439146s
44,59.863950961s
68,59.899477737s
67,59.926581601s
31,59.953721468s
56,59.987190613s
5799,60.018190493s
32,60.045846371s
27,60.07301724s
99,60.108580304s
50,60.137688653s
44,60.165655631s
26,60.213351134s
66,60.2799602s
101,60.346224191s
41,60.382317826s
67,66.12295268s
36,66.236803771s
131,66.267044191s
176,66.32482459s
165,66.39374619s
157,66.445858909s
103,66.4890548s
95,66.554690354s
85,66.581666601s
33,66.696057009s
83,66.729199928s
92,66.802072323s
48,66.833921371s
43,66.984823292s
39,67.148465954s
42,67.303052472s
26,67.460332009s
39,67.566298676s
45,67.658997587s
52,67.74494793s
26,67.778639005s
59,67.863292833s
82,67.972409609s
31,68.004114294s
63,68.047147397s
26,68.091946183s
78,68.128774194s
29,68.155302357s
69,68.194647193s
35,68.241180919s
30,68.29259241s
46,68.319126093s
78,68.378129931s
27,68.463058043s
99,68.513826202s
96,68.556195508s
25,68.582647947s
33,68.661935411s
52,68.690182772s
34,68.760121933s
48,68.794890198s
40,68.843356495s
36,68.871641585s
29,68.950495008s
27,68.977069186s
26,69.078611435s
30,69.173056201s
47,69.199540045s
41,69.233188805s
47,69.287896866s
69,69.319793879s
71,69.368279602s
33,69.408776642s
67,69.445967324s
91,69.474973493s
92,69.503126273s
71,69.529550411s
136,69.574323864s
86,69.607990704s
143,69.652005734s
72,69.699945919s
82,69.767815391s
106,69.838952841s
64,69.876731131s
131,69.944088545s
64,70.069409646s
159,70.139711486s
210,70.217188934s
62,70.334694156s
33,70.453916713s
79,70.561879543s
40,70.639202127s
40,70.723225811s
37,70.847369011s
31,70.924017153s
50,71.026773813s
27,71.082529881s
27,71.242824112s
50,71.452877136s
43,71.515589046s
28,71.577702572s
30,71.631480887s
64,71.670108056s
43,71.710610122s
27,71.748270054s
32,71.780464406s
33,71.830170451s
38,71.858447716s
53,71.900012885s
73,71.941238913s
76,71.979198981s
85,72.007574061s
67,72.039676393s
78,72.103771575s
89,72.146517481s
46,72.173636402s
37,72.205953802s
80,72.24190533s
60,72.2795292s
69,72.337447374s
27,72.416017284s
30,72.495199974s
85,72.571640866s
87,72.643732994s
75,72.727380229s
74,72.818686762s
74,72.849618992s
101,72.897000745s
71,72.973488024s
81,73.028891388s
83,73.097303425s
82,73.125585525s
75,73.156201514s
81,73.253950034s
84,73.335296943s
84,73.412543512s
41,73.486342786s
93,73.564833967s
113,73.659928053s
89,73.73590208s
85,73.816416215s
88,73.91538585s
89,73.980476968s
96,74.058409038s
70,74.141275096s
85,74.216925387s
90,74.299808347s
109,74.35098876s
116,74.446636999s
163,74.571900443s
264,74.645897525s
173,74.734250555s
146,74.822538664s
9250,74.91697483s
189,75.003553643s
235,75.079299187s
510,75.164772096s
99,75.306890268s
105,75.385568156s
303,75.574071773s
153,75.658617803s
194,75.908326449s
111,76.116263308s
124,84.667974126s
123,85.502560737s
80,85.673300703s
152,85.969404526s
73,86.421532557s
56,86.516845034s
45,86.625337124s
67,86.93239676s
35,87.112192367s
71,87.267595614s
73,87.402327083s
53,87.504572516s
45,87.631473346s
28,87.707495248s
38,87.86507244s
34,87.933438118s
48,87.990583074s
32,88.035366516s
28,88.106232112s
55,88.140515555s
40,88.253468269s
29,88.301429635s
56,88.356057187s
63,88.400597624s
40,88.429827392s
32,88.467392125s
48,88.516323791s
58,88.549601286s
47,88.582591121s
35,88.611893659s
40,88.668247124s
43,88.707190092s
53,88.742092001s
37,88.802297946s
47,88.859344478s
70,88.898230487s
45,88.931075324s
30,88.982740845s
35,89.041261254s
59,89.085606198s
41,89.122917382s
31,89.162332637s
30,89.219472726s
34,89.260059582s
34,89.300631038s
30,89.345579683s
36,89.417384262s
36,89.460603858s
47,89.493492302s
44,89.527605665s
37,89.588167958s
60,89.629237168s
109,89.659702667s
44,89.688957312s
31,89.724209729s
42,89.759414932s
46,89.789227911s
38,89.827385718s
40,89.879220475s
42,89.915438065s
35,89.960906381s
33,89.990253942s
43,90.051750986s
45,90.161183811s
44,90.204952569s
37,90.236680155s
36,90.283213002s
79,90.327004196s
93,90.365407607s
49,90.40610009s
2608,90.450028s
85,90.484234847s
41,90.519277674s
29,90.567470486s
30,90.615337502s
35,90.65157588s
33,90.689445919s
30,90.727758077s
30,90.806732174s
33,90.902046671s
44,93.480171102s
30,93.604351745s
29,93.649476654s
50,93.683216823s
43,93.714421763s
27,93.744989822s
29,93.781503275s
44,93.814138154s
39,93.844443503s
30,93.873600813s
29,93.919667253s
34,93.951645585s
32,93.983247853s
30,94.013374729s
34,94.066824276s
34,94.106139395s
36,94.135972191s
30,94.163813942s
31,94.211172547s
40,94.247165523s
35,94.277829316s
30,94.306974173s
31,94.342125876s
38,94.373403825s
35,94.40761447s
31,94.438710673s
30,94.47860921s
40,94.509574306s
50,94.540773083s
37,94.571525987s
41,94.612996325s
80,94.647676143s
119,94.678611601s
75,94.70913039s
83,94.751484916s
259,94.785082764s
194,94.816148656s
130,94.845667471s
117,94.887701011s
61,94.939329667s
79,94.979791446s
56,95.017695894s
38,95.152740825s
43,95.232831795s
53,95.323095991s
43,95.380220187s
34,95.639998966s
32,95.844490167s
38,95.960021934s
38,96.076505532s
49,96.141308177s
42,96.218660568s
53,96.275557477s
35,96.314754385s
29,96.358176546s
40,96.411224073s
38,96.456005318s
33,96.488917431s
47,96.526602445s
39,96.561400877s
1032,96.605976954s
358,96.648532743s
60,96.693316972s
52,96.744161772s
41,96.779862922s
27,96.809343493s
47,96.852832641s
116,96.888097714s
38,96.925103675s
124,96.970883967s
109,97.010013907s
96,98.203569865s
102,98.401876983s
128,98.462764423s
72,98.526141553s
76,98.554605869s
101,98.584302395s
80,98.636107394s
85,98.748666715s
84,98.812176754s
82,98.911524824s
114,99.021106127s
88,99.135930968s
109,99.221424817s
96,99.355473457s
39,99.438023636s
108,99.509614751s
228,99.600931347s
282,99.685142677s
99,99.771526514s
102,99.886084252s
106,99.93639227s
196,100.0551369s
135,100.143992544s
112,100.245911495s
35,100.341115526s
48,100.388808672s
83,100.499593604s
51,100.880476225s
483,101.010275418s
202,101.113761551s
54,101.212472301s
40,101.332057676s
50,101.531389596s
41,101.657426089s
39,101.75357349s
32,101.804343655s
34,101.843018097s
35,101.935718661s
29,101.972480416s
29,102.457157321s
32,102.659662996s
41,102.717318521s
84,102.753836848s
100,102.806785476s
68,102.847367913s
54,102.885689702s
64,102.918682403s
8612,102.954625646s
36,102.988656067s
31,103.018980172s
38,103.048455492s
33,103.085916587s
45,103.130175353s
36,103.220084548s
27,103.324629159s
34,103.380837877s
29,103.433766142s
61,112.029012349s
28,112.10718656s
27,112.145835065s
110,112.175014234s
93,112.214655159s
27,112.24731238s
26,112.2939202s
57,112.329800441s
45,112.357858638s
38,112.392205836s
66,112.44451887s
64,112.48330543s
71,112.512772639s
62,112.539539951s
73,112.651316848s
92,112.743819189s
101,112.771043806s
92,112.798070144s
100,112.865605982s
118,112.901781726s
111,112.950449152s
75,113.008582501s
144,113.078093038s
208,113.14490302s
439,113.215481837s
160,113.28993034s
121,113.404767148s
120,113.481567607s
159,113.577799643s
114,113.6787136s
124,113.784683529s
119,113.900237238s
147,113.987421948s
146,114.132653247s
89,114.531059842s
246,114.80859723s
771,114.936946979s
1215,115.058178581s
268,115.185817746s
92,115.33614344s
223,115.45534671s
162,115.57849626s
67,115.774481743s
73,115.873500844s
80,116.036038384s
69,116.079807963s
92,116.32164267s
62,117.204784234s
80,118.323528126s
138,118.575709232s
106,118.668891374s
59,118.892097806s
64,119.052661888s
99,119.120614562s
78,119.195662897s
141,119.273990155s
84,119.379135338s
57,119.433831821s
56,119.50217829s
60,119.577817591s
54,119.717987471s
73,119.821158266s
194,119.882726781s
207,119.959244063s
184,120.056222922s
206,120.141056193s
157,120.283430552s
127,120.361729789s
71,120.416960347s
62,120.472896249s
138,120.533164073s
93,120.589865306s
4165,120.687096549s
101,120.901664468s
247,121.118635932s
126,121.283553521s
69,121.495207043s
70,121.665626313s
77,121.739156875s
88,121.812239125s
76,121.873432625s
70,122.012429486s
71,126.035362163s
80,126.282989602s
113,126.378686062s
109,126.621218386s
119,126.750892762s
161,126.830195399s
155,126.907671269s
118,126.966450899s
304,127.060066931s
224,127.130733929s
133,127.201059181s
121,127.274840162s
120,127.372158271s
127,127.485529051s
133,127.600706477s
2669,127.719665437s
100,127.863079957s
90,128.025609037s
164,128.143201908s
68,128.455495862s
55,128.674140365s
75,128.806525189s
124,128.924749306s
91,129.046581603s
120,129.17714678s
39,129.379839221s
46,131.96635275s
25,132.061225931s
25,132.152850232s
36,132.316149067s
48,132.384744659s
25,132.443636351s
26,132.517450319s
34,132.639549519s
29,132.731501742s
29,132.851833035s
24,132.892295899s
33,132.937379745s
48,132.963820916s
32,132.988870258s
31,133.031228669s
35,133.073237701s
31,133.099171942s
38,133.125371883s
29,133.160695747s
30,133.191960741s
43,133.220057168s
28,133.244492289s
28,133.286400594s
50,133.32873885s
43,133.360742527s
27,133.392228035s
29,133.42741408s
48,133.458006917s
40,133.497214232s
91,133.525870619s
84,133.570104313s
36,133.600625067s
47,133.628919887s
91,133.657119934s
38,133.709237564s
89,133.751321555s
67,133.781200246s
34,133.809789175s
29,133.861746188s
42,133.946923807s
39,133.99105149s
46,134.0754941s
37,134.124546094s
47,134.200084726s
40,134.253475417s
53,134.28853213s
57,134.393828934s
66,134.448647382s
104,134.480961144s
30,134.51058469s
35,134.553360309s
37,134.594566279s
53,134.640814234s
62,134.677381846s
43,134.72788413s
419,134.767174591s
87,134.823488118s
47,134.87970581s
265,134.971620063s
12228,135.047501148s
79,135.078461599s
152,135.114083417s
38,135.167502617s
51,135.219401658s
33,135.278612079s
25,135.316896564s
33,135.747559631s
36,135.818452525s
59,135.866221019s
92,148.194492707s
31,148.373955497s
41,148.443150067s
61,148.596438241s
47,148.634763458s
42,148.687442099s
58,148.720246358s
36,148.752914617s
27,148.779528042s
27,148.828314513s
32,148.8993181s
31,148.969126847s
27,148.999325433s
29,149.045588369s
34,149.10496075s
44,149.149800167s
28,149.197516837s
27,149.255059476s
46,149.287592567s
49,149.315114299s
25,149.342909511s
25,149.376910203s
38,149.406656526s
37,149.435020319s
28,149.464237418s
39,149.511764539s
35,149.542982835s
32,149.572237379s
27,149.599002546s
31,149.646187912s
32,149.694998325s
36,149.721162397s
29,149.746553962s
41,149.788250836s
71,149.823150883s
56,149.852305788s
38,149.891723361s
28,149.927806908s
36,149.958306823s
32,149.986748679s
25,150.017243482s
25,150.055361066s
28,150.087063651s
28,150.116919876s
24,150.163053898s
45,150.236661278s
35,150.287027367s
256,150.326573069s
43,150.354699754s
33,150.392973737s
66,150.42270851s
68,150.448598253s
35,150.473670157s
26,150.503584942s
56,150.530561708s
78,150.555792061s
34,150.60182888s
24,150.861418273s
29,150.905912149s
26,150.938416149s
24,150.972013861s
26,151.040113031s
29,151.108313338s
33,151.143056942s
25,151.169517124s
29,151.229606582s
37,151.304572017s
34,151.340090478s
27,151.364083494s
30,151.394566983s
40,151.420382403s
41,151.445894958s
28,151.472441769s
28,151.507515711s
33,151.535627497s
30,151.562919542s
32,151.591511267s
31,151.633102238s
32,151.664769284s
37,151.691139077s
24,151.722512024s
25,151.770390659s
42,151.803035193s
33,151.831912279s
24,151.860468769s
26,151.894808192s
38,151.924265193s
34,151.95756295s
26,151.988855564s
29,152.030617701s
50,152.057160915s
40,152.082252287s
31,152.107021475s
31,152.150882687s
36,152.183469845s
43,152.209259577s
35,152.235516702s
36,152.276490915s
42,152.308272705s
31,152.335603197s
25,152.367530552s
25,152.420235596s
40,152.456598436s
39,152.488559956s
33,152.52055643s
32,152.564581561s
35,152.601536274s
29,152.637360709s
38,152.671864591s
26,152.71534888s
45,152.744887256s
91,152.770591024s
58,152.798459516s
42,152.841786176s
77,152.877581718s
78,152.911418406s
64,152.943590565s
52,152.980010983s
144,153.010575292s
103,153.047091642s
60,153.072932209s
60,153.162789883s
86,153.227056585s
63,153.275328736s
56,153.319421529s
67,153.408672903s
46,153.470330181s
41,153.535856389s
32,153.588351499s
44,153.733727925s
45,153.835274193s
32,153.896377943s
27,153.970190619s
25,154.040239857s
32,154.102651247s
30,154.15943927s
24,154.226945656s
25,154.278823679s
29,154.315282323s
28,154.347932154s
25,154.392008063s
25,154.439059409s
28,154.469290233s
36,154.497182094s
26,154.522705629s
25,154.557490901s
44,154.585741661s
107,154.611274867s
36,154.636189522s
33,154.667065633s
49,154.693907287s
32,154.719380904s
25,154.744676792s
26,154.783730816s
29,154.810270151s
27,154.836473048s
24,154.861772974s
24,154.906798187s
27,155.015035101s
31,155.050395641s
25,155.084512318s
31,155.135560952s
42,155.165971396s
31,155.191694816s
34,155.217657663s
54,155.248199674s
89,155.27474894s
82,155.29967947s
81,155.323598576s
97,155.356412776s
102,155.382827645s
185,155.408289548s
95,155.443238496s
108,155.484000602s
116,155.51395478s
58,155.553933866s
36,155.611281516s
29,155.711473623s
53,155.784237818s
51,155.872031397s
32,155.969672596s
25,156.077254527s
39,156.252164265s
44,156.355013139s
30,156.463715186s
27,156.588037265s
30,156.630618273s
29,156.659239783s
27,156.688225547s
52,156.742954356s
182,156.793791137s
99,156.826308068s
104,156.851813582s
108,156.894092345s
121,156.935909852s
104,156.966637627s
67,156.993750589s
122,157.025305628s
166,157.053436139s
17615,157.081051783s
26,157.17704244s
25,157.355133713s
29,157.428219273s
28,157.535629665s
26,157.646161538s
25,157.75354619s
28,157.860002596s
38,157.942281537s
26,158.065323562s
26,175.7900002s
44,175.827466282s
35,175.85414324s
24,175.878816198s
25,175.910037223s
36,175.937224383s
32,175.963713143s
25,175.988882227s
25,176.028943259s
29,176.055957807s
27,176.082780133s
26,176.108959485s
25,176.154217774s
30,176.188182123s
40,176.213153017s
32,176.238375s
25,176.277479039s
35,176.307672601s
30,176.333546991s
33,176.358644121s
26,176.389828801s
31,176.417191388s
30,176.443857743s
26,176.468712665s
25,176.507137083s
30,176.541560365s
29,176.571653038s
25,176.596969175s
25,176.633369294s
29,176.663199388s
41,176.696540724s
64,176.722612344s
34,176.756883994s
185,176.785346468s
158,176.811739966s
103,176.837018781s
54,176.86984086s
76,176.897011455s
58,176.92293224s
34,176.947957781s
34,176.991984056s
45,177.05792383s
34,177.092475438s
25,177.12680032s
26,177.317594009s
30,177.461789381s
32,177.566236989s
26,177.621041081s
28,177.700980543s
37,177.755788079s
30,177.790851485s
25,177.824813545s
26,177.87118586s
32,177.904462041s
33,177.930908062s
26,177.956500457s
27,177.992707903s
32,178.019589683s
29,178.046003922s
26,178.074296955s
26,178.112686637s
30,178.142650823s
38,178.168758275s
26,178.195318902s
25,178.231952901s
46,178.260977633s
34,178.287983095s
26,178.314728326s
25,178.348295427s
36,178.37639507s
33,178.403497865s
27,178.429591671s
26,178.470410119s
29,178.497628215s
28,178.524696475s
25,178.550534683s
25,178.597926954s
29,178.6313701s
32,178.657810911s
34,178.683270975s
49,178.722690547s
92,178.753986475s
70,178.78085268s
39,178.807140704s
64,178.838041831s
92,178.865034631s
91,178.891020023s
81,178.915971072s
91,178.95040151s
101,178.977296461s
121,179.016036297s
96,179.067090271s
120,179.155017825s
128,179.225403454s
148,179.271046545s
50,179.338602127s
30,179.444775364s
262,179.521968148s
73,179.605188934s
34,179.700155083s
30,179.808963985s
41,179.919017925s
45,180.023727262s
32,180.147245305s
29,180.366685118s
31,180.426968197s
31,180.457372153s
27,180.486226109s
81,180.749347774s
129,180.821789163s
111,180.856777876s
121,180.887118717s
133,180.930573164s
134,180.974251021s
101,181.007732733s
74,181.03640143s
133,181.068530917s
162,181.098936873s
135,181.126852152s
120,181.227413195s
134,181.382742639s
136,181.464348828s
159,181.589944862s
118,181.721804438s
143,181.842257084s
141,181.944143922s
90,182.03576671s
123,182.169601749s
130,182.348765226s
157,182.463510458s
81,182.586717745s
30,182.723852693s
27,182.870743664s
129,183.008216326s
117,183.13526232s
111,183.276890069s
138,183.460195472s
136,183.500533705s
152,183.632088306s
117,183.76824031s
139,183.903843237s
154,183.983920081s
138,184.014694497s
139,184.042045854s
148,184.197136717s
147,184.294764159s
14843,184.422597708s
29,184.560391946s
27,184.70566794s
33,184.837962417s
38,184.968949052s
27,185.104364549s
28,185.286870997s
52,185.397427501s
44,185.539215639s
30,185.690344525s
36,200.508520022s
68,200.657350828s
143,200.687483415s
82,200.714354692s
63,200.756345032s
383,200.786242898s
327,200.814853081s
175,200.84213436s
89,200.897043899s
255,200.941478355s
208,200.970908266s
97,201.013314044s
96,201.184258931s
156,201.272551593s
94,201.312024601s
87,201.41013341s
203,201.816237617s
139,202.090986104s
82,202.267135051s
82,202.35492301s
122,202.609436558s
100,202.823366835s
83,202.918555693s
69,203.066816062s
82,203.162294561s
88,203.256482482s
104,203.352898272s
78,203.550191678s
90,203.691529459s
62,203.775280515s
70,203.855972514s
68,203.978864755s
76,204.077963586s
41,204.158506518s
46,204.230516397s
35,204.310245621s
64,204.406661285s
62,204.509245608s
35,204.608268064s
25,204.666337381s
25,204.729180792s
37,204.798697545s
35,204.867420113s
25,204.943807928s
24,204.996773153s
29,205.032044255s
28,205.067904039s
25,205.131927849s
24,205.196024525s
27,205.230267228s
30,205.256498867s
25,205.281948717s
24,205.321623192s
33,205.35416621s
30,205.379778809s
24,205.4042842s
25,205.434496592s
30,205.461976316s
30,205.487540395s
25,205.511685468s
25,205.544194077s
33,205.570332263s
28,205.595919797s
26,205.620100699s
26,205.656445209s
29,205.685308956s
41,205.710782279s
34,205.736007164s
25,205.769161932s
49,205.797122819s
50,205.823021508s
30,205.848375469s
24,205.883017255s
39,205.910305079s
42,205.93700742s
28,205.962833316s
24,206.006362015s
29,206.042006192s
26,206.068535637s
24,206.094021759s
24,206.14444764s
27,206.193804823s
31,206.225195981s
25,206.249830217s
25,206.291939989s
34,206.331687344s
30,206.360802015s
26,206.385334531s
25,206.41545162s
32,206.441348848s
30,206.466961868s
26,206.490837678s
26,206.523587718s
30,206.54955012s
29,206.575426659s
26,206.600850364s
25,206.636264676s
29,206.666011319s
38,206.69251664s
26,206.718249798s
25,206.752625618s
43,206.780962056s
34,206.808051973s
26,206.834585347s
25,206.866367926s
37,206.894198453s
33,206.920429191s
26,206.945557436s
26,206.985841117s
29,207.013527868s
29,207.040299837s
28,207.066032741s
25,207.110959697s
29,207.144548038s
33,207.171174724s
26,207.196730385s
26,207.237406671s
43,207.268220598s
33,207.294768995s
25,207.320601254s
25,207.351598932s
34,207.380158628s
30,207.408933879s
26,207.434478674s
40,207.468768177s
48,207.496759264s
36,207.523477124s
26,207.549526157s
54,207.595739311s
102,207.626394697s
89,207.652518374s
47,207.679037428s
52,207.714242124s
111,207.743149212s
70,207.770480029s
47,207.81835898s
41,207.858630856s
66,207.89453277s
54,207.921733482s
37,207.987823777s
36,208.101113751s
45,208.184984444s
34,208.220859738s
26,208.318781501s
25,208.394279879s
29,208.450516897s
32,208.497880592s
26,208.539114936s
25,208.608233581s
35,208.659906581s
31,208.697119476s
27,208.7336275s
26,208.780586735s
32,208.814314477s
30,208.84101888s
26,208.866530279s
26,208.901654372s
30,208.928518227s
28,208.955792575s
26,208.981299596s
25,209.017703239s
29,209.048088717s
38,209.076406998s
27,209.102247252s
25,209.136493055s
58,209.165012505s
36,209.191761038s
26,209.217863513s
25,209.248887498s
136,209.276077283s
114,209.302655137s
95,209.32822538s
124,209.369017257s
130,209.395940321s
140,209.423687153s
106,209.456337636s
131,209.508755499s
13167,209.54405339s
58,209.571013171s
26,209.605076869s
25,209.752608476s
35,209.853852242s
30,209.961885073s
28,210.086409772s
25,210.226374841s
42,210.35045422s
42,210.466657187s
26,223.700954628s
51,223.770434112s
38,223.804541782s
28,223.831596793s
41,223.856964722s
37,223.893628467s
29,223.923566493s
72,223.95214457s
35,223.977302818s
26,224.034099315s
113,224.062767224s
105,224.08955119s
39,224.14076184s
25,224.180325428s
40,224.208102891s
179,224.249992435s
50,224.28666083s
54,224.346544065s
34,224.398117009s
27,224.424833184s
32,224.483850255s
55,224.566281649s
61,224.677551536s
74,224.710306984s
63,224.734990383s
26,224.778338175s
48,224.954990493s
36,225.00607242s
38,225.064206481s
33,225.09517599s
132,225.122129218s
407,225.154727622s
82,225.210251894s
91,225.30410699s
120,225.345893179s
103,225.410023104s
55,225.449581844s
26,225.491349864s
58,225.534442352s
166,225.560754291s
26,225.593698616s
26,225.728531967s
171,226.136515382s
66,226.219522272s
90,226.311455321s
27,226.432664315s
69,226.535111655s
75,226.591136615s
26,226.617438372s
26,226.75933555s
65,226.843881397s
76,226.870423078s
50,226.993577521s
26,227.068438018s
74,227.134677706s
32,227.225197598s
155,227.252124137s
90,227.324248948s
121,227.396746433s
52,227.423474581s
25,227.472092636s
48,227.516232997s
61,227.591592758s
31,227.641916129s
42,227.668248102s
62,227.748682906s
69,227.775837779s
109,227.961255571s
28,228.022173393s
64,228.145139398s
33,228.196251701s
161,228.222108711s
271,228.270975544s
205,228.334480109s
337,228.363975099s
1256,228.406848938s
190,228.469528528s
81,228.540083233s
299,228.648737625s
221,228.678068156s
88,228.742295544s
86,228.791718444s
105,229.137410837s
80,229.279943226s
71,229.426281736s
90,229.834895164s
50,231.017605169s
52,231.208393889s
36,231.292387595s
51,231.590976889s
44,231.814762224s
33,231.900069427s
25,231.997407017s
25,232.082668982s
37,232.161887481s
31,232.234383138s
25,232.324223506s
39,232.38003002s
71,232.426545387s
30,232.463068121s
41,232.514819736s
25,232.561235891s
29,232.593616025s
37,232.619431768s
26,232.644855355s
27,232.684554583s
51,232.713475903s
34,232.739020747s
26,232.787348772s
30,232.851452738s
37,232.881243781s
34,232.922716956s
26,232.948351305s
26,232.988623912s
30,233.015871435s
31,233.042661062s
26,233.069703538s
32,233.121817542s
30,233.155743498s
32,233.187785592s
26,233.213342108s
26,233.253667702s
35,233.285394045s
31,233.312814928s
27,233.338859001s
26,233.370921521s
32,233.400524289s
14840,233.427789335s
35,233.459860661s
32,233.494838669s
31,233.521935621s
31,233.549191359s
26,233.575995463s
27,233.612362536s
32,233.642931509s
41,233.669776264s
36,233.696343093s
26,248.521606064s
154,248.569611082s
132,248.605395275s
39,248.637778188s
26,248.6702177s
40,248.700191319s
42,248.726918355s
29,248.754773518s
26,248.801343978s
30,248.838693008s
31,248.865408101s
25,248.891241054s
26,249.046556305s
29,249.178554055s
34,249.218702729s
26,249.245000345s
26,249.288213589s
35,249.328428727s
30,249.358186594s
25,249.384669552s
25,249.416747787s
31,249.447118689s
31,249.472847072s
25,249.498771091s
26,249.535399735s
30,249.562548862s
28,249.589305397s
25,249.615257437s
26,249.651586591s
29,249.680563619s
47,249.706896592s
44,249.732440572s
72,249.766921981s
154,249.795681486s
101,249.821724665s
27,249.847502221s
39,249.879199956s
142,249.90695939s
108,249.933318249s
97,249.959531189s
134,250.008096196s
136,250.036101933s
150,250.08766234s
122,250.166055904s
150,250.309408466s
196,250.410211311s
137,250.43735577s
135,250.489503288s
151,250.630435387s
171,250.732899305s
107,250.846843717s
85,250.979443083s
161,251.126095164s
198,251.255088733s
166,251.394324091s
138,251.563227353s
162,251.768350713s
171,251.869555408s
200,252.008093537s
141,252.165933212s
174,252.313015744s
175,252.427024747s
243,252.531947704s
134,252.689376939s
71,252.918487015s
561,253.051965255s
326,253.194177537s
197,253.361588478s
86,253.536453587s
104,253.718499622s
72,253.872373215s
37,254.046188341s
34,254.366146101s
46,254.541562536s
37,254.587459701s
27,254.741877196s
26,255.225116507s
31,255.533097039s
34,255.731136667s
27,255.817187986s
27,255.925290534s
39,255.99596743s
34,256.033610688s
27,256.068456329s
27,256.115872354s
33,256.152310713s
32,256.179890578s
30,256.206553806s
27,256.242871399s
31,256.27172629s
29,256.299596408s
27,256.327002132s
27,256.367347862s
30,256.400698816s
41,256.428302257s
27,256.455308782s
147,256.491798216s
96,256.522035862s
40,256.552411665s
28,256.580025298s
26,256.612285997s
204,256.640494157s
172,256.668864707s
155,256.69668331s
174,256.737663071s
202,256.768751088s
223,256.796474047s
162,256.972043987s
188,257.041494878s
13495,257.080709872s
38,257.109226581s
30,257.156201022s
27,257.369600293s
37,257.522864933s
50,257.702016442s
27,257.875400063s
27,258.094009233s
36,258.286737707s
32,258.465647888s
27,272.064716033s
28,272.121253925s
31,272.153862366s
36,272.184711303s
30,272.211483346s
33,272.24988759s
30,272.299805316s
197,272.327378252s
46,272.354213085s
26,272.393429541s
345,272.423682845s
93,272.451432302s
38,272.479366236s
30,272.512308942s
40,272.549541555s
50,272.579017863s
31,272.611665569s
26,272.810592861s
31,272.855759461s
32,272.886026086s
25,272.912779592s
25,273.258763307s
32,273.351531472s
38,273.391765145s
27,273.419419745s
26,273.462402215s
37,273.510693463s
35,273.542952714s
26,273.569557072s
27,273.601614096s
34,273.63333125s
40,273.659342225s
28,273.68487542s
30,273.728031573s
37,273.755239331s
30,273.783254025s
35,273.810944057s
62,273.848403106s
158,273.883387047s
116,273.910245265s
122,273.936910525s
157,273.973274424s
232,274.011369571s
126,274.039861742s
33,274.071156866s
33,274.108356485s
186,274.138307375s
169,274.17413299s
144,274.261888904s
209,274.479221354s
205,274.519687016s
231,274.66181974s
161,274.811885023s
269,275.026943025s
240,275.152548394s
211,275.186088995s
230,275.219787271s
234,275.432844621s
256,275.583950983s
171,275.749350225s
86,275.956255334s
260,276.181142723s
316,276.396054343s
231,276.585246179s
202,276.834867987s
240,277.125295705s
224,277.279379676s
259,277.516474218s
189,277.755653647s
232,277.972866627s
235,278.142317027s
320,278.275309348s
137,278.536468434s
162,278.88478704s
655,279.072073836s
408,279.28958971s
16686,279.528653469s
182,279.762473757s
3779,279.995963942s
198,280.20217903s
97,280.427245496s
94,280.83134795s
220,281.049831688s
130,281.094721462s
99,281.374138791s
309,281.984638268s
250,297.068538796s
168,299.028317428s
112,299.187437469s
193,302.968045386s
118,303.16727357s
94,303.266874565s
93,303.431811546s
85,303.582438695s
97,303.707148425s
105,303.815436981s
85,304.120145541s
167,304.384835955s
103,304.551227421s
103,304.65629357s
158,304.84699456s
209,304.964757969s
98,305.063030097s
68,305.155440368s
68,305.231974131s
150,305.338623444s
7088,305.436204952s
96,305.610406459s
94,305.699062381s
93,305.794332111s
100,305.905777429s
133,306.058004227s
138,306.267107234s
91,306.371909122s
112,306.441433218s
126,306.501024089s
112,313.506173629s
118,313.743013193s
144,313.857870481s
144,313.945107277s
151,314.04795826s
146,314.173367477s
155,314.284731059s
251,314.41963979s
186,314.503150811s
260,314.624013211s
265,314.74541148s
241,314.87323667s
429,314.994539144s
390,315.145245294s
259,315.278068135s
229,315.426865345s
382,315.573406211s
692,315.824558325s
180,315.974668585s
225,316.19883375s
228,316.44308423s
238,316.713465349s
230,316.948151111s
325,317.44563939s
213,317.777225624s
360,318.057436377s
268,318.256758649s
276,318.71973428s
283,319.343324592s
337,319.555765802s
298,319.739644316s
365,320.013486112s
308,320.198583426s
18258,320.546362772s
578,320.749805212s
639,321.138586853s
573,321.372207827s
537,321.654361242s
758,321.881534663s
554,322.222705473s
535,322.506128217s
694,322.872883466s
460,323.187060912s
403,340.293843507s
754,341.825069969s
230,342.440005189s
141,343.01848648s
108,343.534733464s
269,344.191010546s
124,344.807756479s
45,345.352926377s
55,345.891235597s
32,346.594016825s
33,347.060222048s
64,347.451256863s
44,348.205994548s
33,348.436619509s
43,348.578735093s
44,348.685781813s
40,348.956365215s
30,349.080884683s
36,349.147701302s
37,349.180854155s
35,349.21635789s
33,349.249522159s
31,349.312600861s
37,349.356516747s
44,349.390746846s
32,349.43404415s
31,349.482654006s
53,349.519090176s
34047,349.554176885s
29,349.587662185s
29,349.625697618s
34,349.661542933s
37,349.694745056s
27,349.728027744s
31,349.772589048s
32,349.808005248s
29,349.840356549s
28,349.871803121s
26,382.20980159s
32,383.973101342s
50,384.003122396s
45,384.032677408s
45,384.071239893s
86,384.10361137s
107,384.131477625s
127,384.163071447s
74,384.196298049s
72,384.2268721s
54,384.254346784s
46,384.281033412s
42,384.335610226s
45,384.382689098s
32,384.426242182s
27,384.479480494s
26,384.542741767s
31,384.648856582s
32,384.776773697s
26,384.850759024s
27,384.925502852s
37,384.977162495s
33,385.023665686s
25,385.066717307s
26,385.113244615s
33,385.146490114s
32,385.17340789s
26,385.200762103s
26,385.236493573s
30,385.26360425s
31,385.291029587s
27,385.318171155s
27,385.357297101s
31,385.389169885s
41,385.415155031s
28,385.44079285s
29,385.477218757s
47,385.506775118s
52,385.534178861s
25,385.560202915s
26,385.591494306s
63,385.622257865s
54,385.650208545s
44,385.67725536s
57,385.720851221s
65,385.749778395s
70,385.779174266s
60,385.807607263s
75,385.856125121s
77,385.907454699s
89,385.933791329s
76,385.961663724s
90,386.029558887s
136,386.078985001s
92,386.127323656s
49,386.185013335s
104,386.254496164s
121,386.320268554s
108,386.387983915s
86,386.461453025s
104,386.571931734s
114,386.627657798s
139,386.705873664s
96,386.796101259s
119,386.924732016s
132,387.016609485s
172,387.082011631s
45,387.1793947s
28,387.321711022s
364,387.411131516s
80,387.498606537s
33,387.604553466s
29,387.732094827s
44,387.853450983s
45,387.962231146s
31,388.07911218s
28,388.336827969s
32,388.384743626s
31,388.413158622s
27,388.441580301s
64,388.807078263s
131,388.886751903s
126,388.920380094s
134,388.949778739s
140,388.996055066s
155,389.039272782s
165,389.071358824s
89,389.098988877s
143,389.134131543s
181,389.163504783s
252,389.191702343s
228,389.273321193s
219,389.442775317s
172,389.529525038s
216,389.666461196s
131,389.804865638s
165,389.945310781s
165,390.123262397s
107,390.220243334s
7004,390.36397196s
28,390.578233168s
54,390.8006025s
40,391.053776131s
26,391.251176956s
71,391.436831883s
39,391.62918665s
80,391.770447134s
36,391.929274343s
43,392.1525416s
61,399.136882935s
29,399.188291626s
83,399.216311445s
51,399.271567406s
131,399.311273604s
49,399.35349888s
85,399.409786677s
27,399.497111605s
153,399.529819581s
35,399.583674846s
63,399.610146517s
70,399.673291632s
86,399.7576433s
50,399.785051971s
28,399.836345032s
85,399.973277537s
64,400.017128096s
30,400.102841942s
80,400.13057141s
56,400.285426802s
144,400.354404361s
197,400.382588061s
310,400.45260105s
439,400.542352572s
243,400.590744657s
333,400.618835502s
191,400.704838862s
246,400.770452289s
1920,400.85209508s
185,400.881059207s
147,400.961592893s
95,401.214658826s
94,401.355039959s
107,401.597938964s
64,402.037044761s
42,402.341779482s
47,402.614613469s
69,402.809979992s
51,403.054848101s
36,404.977324776s
59,405.16936817s
40,405.297349392s
31,405.393097793s
38,405.488579093s
33,405.595076248s
38,405.660327118s
27,405.702470243s
32,405.755127034s
33,405.8662607s
37,405.907920563s
26,405.958109682s
38,406.008420612s
30,406.045046125s
51,406.077449402s
27,406.114731153s
34,406.151746646s
57,406.186701623s
38,406.21416078s
34,406.246189632s
34,406.282266913s
40,406.317228616s
49,406.344023332s
32,406.382690606s
34,406.4278356s
34,406.464442166s
33,406.492659996s
37,406.526658695s
27,406.585724089s
40,406.631509015s
33,406.659200803s
35,406.692342131s
26,406.735484625s
53,406.783949513s
31,406.815542055s
38,406.849148353s
27,406.885491291s
38,406.917358688s
31,406.955584691s
32,406.983252369s
30,407.029899515s
37,407.058971546s
29,407.093982476s
33,407.119906179s
28,407.174588451s
39,407.205615904s
46,407.243791052s
41,407.270090873s
31,407.311737273s
61,407.341973523s
54,407.374320599s
38,407.404955886s
31,407.442785626s
49,407.471367715s
46,407.504985739s
35,407.533266768s
34,407.587603687s
37,407.627599192s
29,407.663307592s
33,407.693521785s
27,407.754309242s
37,407.807628057s
117,407.847121318s
145,407.877808164s
190,407.929325305s
218,407.973567837s
184,408.010822396s
101,408.04346636s
14029,408.082073284s
48,408.110646578s
43,408.144581298s
33,408.171940297s
33,408.254614525s
32,408.341986034s
38,408.502529856s
26,408.690025727s
32,408.887151207s
32,409.071461037s
47,423.12453055s
26,423.196951331s
32,423.256257129s
56,423.290329461s
43,423.324119407s
36,423.356780631s
34,423.392807179s
47,423.427556071s
32,423.455047049s
31,423.486951012s
25,423.535007701s
36,423.565829963s
27,423.593339131s
33,423.625890207s
27,423.683543352s
34,423.728266638s
37,423.763837742s
34,423.797825533s
36,423.847496277s
37,423.879045258s
42,423.910437557s
30,423.935518576s
42,423.972959127s
38,423.999876241s
40,424.033459833s
30,424.060881983s
37,424.104765312s
32,424.133752835s
34,424.174707652s
28,424.203970276s
37,424.243331978s
29,424.287010422s
63,424.314809923s
43,424.362186357s
49,424.398592007s
91,424.437168254s
88,424.467681766s
65,424.504485613s
70,424.539351263s
72,424.572343838s
62,424.600741887s
44,424.638562798s
40,424.700574552s
63,424.747032572s
32,424.79529682s
32,424.850430732s
35,424.917790763s
36,425.005098972s
43,425.078084623s
31,425.141700326s
40,425.216858531s
34,425.27647256s
66,425.326116407s
26,425.364951918s
39,425.425989097s
32,425.460099803s
47,425.491365178s
25,425.527839326s
31,425.570559501s
29,425.612478231s
42,425.639798419s
26,425.67939485s
49,425.717040367s
30,425.781080617s
44,425.807999131s
26,425.847877125s
32,425.891432423s
44,425.92710498s
37,425.952986872s
29,425.983930904s
30,426.014932441s
41,426.055741493s
68,426.08281114s
114,426.132697068s
202,426.17760452s
218,426.206400507s
232,426.233030895s
196,426.264888288s
222,426.312687718s
252,426.347747454s
231,426.377777398s
264,426.40897248s
296,426.455215453s
147,426.519354983s
55,426.656410138s
28,426.859386286s
264,427.09032182s
297,427.311056181s
307,427.522273818s
117,427.749308071s
29,428.016782535s
42,428.211814953s
32,428.500898442s
35,428.811289382s
32,428.900086863s
39,428.954176015s
178,428.999236473s
68,429.284629902s
30,429.648752633s
500,429.885702742s
97,429.970044403s
39,429.999661753s
30,430.043214707s
48,430.076364856s
45,430.110839137s
33,430.143939738s
32,430.295451164s
30,430.390247879s
34,430.428967099s
199,430.459458127s
244,430.960618973s
263,431.057246583s
229,431.097231015s
237,431.127118474s
262,431.177708012s
273,431.222115985s
206,431.255961662s
25397,431.286877103s
28,431.320109163s
40,431.365824731s
33,431.589363952s
32,431.84678836s
33,432.159900056s
33,432.314396568s
47,432.58099619s
33,432.838480884s
33,433.070553074s
30,458.621940311s
51,458.669248371s
26,458.697221432s
32,458.740800608s
64,458.77171285s
42,458.804731334s
29,458.838228202s
32,458.874505118s
44,458.923739882s
42,458.953584278s
33,458.985234243s
33,459.038932133s
30,459.067638878s
37,459.094149985s
27,459.127266149s
32,459.193677757s
31,459.238263382s
43,459.26455894s
27,459.296600855s
33,459.345747307s
41,459.386910083s
42,459.41843136s
32,459.449491056s
34,459.482904229s
34,459.517634322s
51,459.545109053s
29,459.577582245s
36,459.620440129s
66,459.6522583s
67,459.679960556s
29,459.712848708s
33,459.755937616s
32,459.800204296s
68,459.831042185s
58,459.864040797s
39,459.916226245s
389,459.95061331s
498,459.979887899s
250,460.01642635s
155,460.084117241s
376,460.14993503s
207,460.179604959s
203,460.21311219s
82,460.28400901s
133,460.33918378s
358,460.382075722s
253,460.528445848s
126,460.813542362s
101,461.309241017s
186,461.560702929s
124,461.716418994s
118,462.097427065s
111,462.421675274s
112,462.501181379s
139,462.583601053s
119,462.720666656s
96,463.07879738s
252,463.339657563s
157,463.460667531s
663,463.563169879s
52,463.743071349s
95,463.876284122s
49,463.994170367s
37,464.103198707s
62,464.238802139s
44,464.342682716s
34,464.461597885s
32,464.575687857s
56,464.810310453s
34,464.968282607s
32,465.632014283s
37,465.684891988s
38,465.779343605s
45,465.830523714s
65,466.296347166s
35,466.348896807s
36,466.380847657s
58,466.416088994s
25,466.447635156s
38,466.506579351s
29,466.542321069s
43,466.572745953s
26,466.610307447s
34,466.652041292s
34,466.699070632s
40,466.760922004s
31,466.797151509s
36,466.834629949s
33,466.890860317s
38,466.916816722s
37,466.955238534s
26,466.997088356s
38,467.028169214s
29,467.055009721s
32,467.089810988s
27,467.131395798s
43,467.166206674s
47,467.197269641s
42,467.233106499s
31,467.270998829s
62,467.311191376s
61,467.343497085s
35,467.369789699s
32,467.40968339s
53,467.437722328s
46,467.471016668s
36,467.498092372s
33,467.558198335s
39,467.60080621s
29,467.631104003s
37,467.662454413s
25,467.726294013s
38,467.786430844s
34,467.827520975s
34,467.855385236s
35,467.910660195s
36,467.956790337s
34,467.993122619s
32,468.024047672s
28,468.064029016s
43,468.092896102s
29,468.131029365s
31,468.156319558s
26,468.200238245s
36,468.230261097s
28,468.263937114s
23785,468.299604242s
32,468.338242747s
30,468.372530016s
39,468.40391283s
28,468.431195907s
26,468.477172923s
45,468.504661845s
35,468.53610042s
28,468.562827955s
28,468.600549739s
38,492.340343275s
38,492.41440343s
26,492.44716167s
25,492.488908555s
33,492.518238014s
34,492.546016767s
29,492.572188313s
32,492.619362293s
43,492.653619409s
39,492.682515765s
39,492.710426248s
40,492.751079634s
46,492.787147228s
34,492.813069886s
25,492.838651649s
28,492.873344121s
31,492.907033689s
34,492.936946618s
25,492.972033704s
30,493.020255314s
33,493.053936014s
28,493.094221635s
25,493.13259363s
28,493.179161013s
29,493.212303209s
55,493.23835109s
37,493.266678724s
34,493.304254904s
72,493.333014688s
300,493.362744436s
258,493.389747564s
121,493.424430524s
100,493.451582053s
102,493.477804328s
48,493.506562168s
165,493.55120063s
98,493.602954312s
83,493.635881858s
32,493.678305812s
92,493.73631063s
33,494.036049479s
61,494.297238351s
54,494.416994061s
25,494.538326902s
47,494.61908804s
31,494.668323365s
35,494.833512756s
53,494.944816763s
48,495.017685866s
51,495.098413191s
84,495.139053719s
42,495.204230441s
42,495.23374284s
60,495.288623132s
54,495.315832678s
66,495.363210925s
45,495.393121231s
72,495.42819325s
27,495.49410645s
42,495.553842717s
52,495.583197898s
51,495.684117645s
34,495.709770629s
37,495.782538361s
49,495.813868128s
33,495.943456135s
37,495.970738134s
41,496.027491252s
37,496.089234388s
43,496.174974646s
56,496.19974691s
102,496.255494468s
162,496.305909906s
178,496.339974857s
169,496.376951524s
211,496.428572366s
229,496.460143016s
247,496.500784662s
200,496.53918116s
263,496.577832132s
306,496.624602224s
206,496.685704559s
173,496.793969663s
251,497.014892043s
206,497.142309407s
276,497.319641205s
213,497.529505937s
248,497.737348004s
258,498.051346284s
380,498.226648012s
55,498.490969656s
28,498.822408313s
567,498.98478595s
125,499.184813859s
34,499.416486442s
27,499.649450631s
42,499.884803445s
45,500.129263453s
32,500.380971651s
26,500.851093856s
32,500.994665951s
30,501.023399374s
28,501.051841812s
31,501.620444723s
221,501.745520585s
207,501.779973612s
23915,501.807467274s
30,501.852218936s
38,501.895240873s
48,501.927921599s
27,501.954509871s
26,501.987677254s
34,502.017111183s
31,502.046448013s
26,502.114978732s
25,502.388166368s
57,526.373292413s
65,526.429626037s
31,526.458172167s
26,526.505056437s
30,526.544995127s
124,526.572515674s
26,526.598650045s
26,526.635225311s
240,526.664345443s
137,526.691662387s
26,526.717236907s
25,526.774958646s
137,526.842363369s
60,526.871144919s
25,526.897641955s
41,527.023568062s
29,527.052428162s
54,527.07879945s
41,527.10476231s
71,527.346244653s
29,527.483275852s
56,527.510086544s
74,527.535333083s
38,527.676033318s
36,527.733540102s
59,527.759748186s
25,527.801099933s
37,527.858185527s
47,527.884727368s
32,527.953759765s
69,527.998509965s
41,528.057121749s
41,528.083727086s
30,528.158171356s
82,528.196629329s
295,528.233520839s
502,528.292012523s
228,528.317737794s
131,528.354672901s
69,528.404396609s
249,528.434316864s
1945,528.504500528s
776,528.545625401s
872,528.588299195s
278,528.634166159s
143,528.723341869s
106,529.049238481s
99,529.584246568s
102,529.789420154s
95,529.866984429s
54,529.972750321s
40,530.260815754s
37,532.130407118s
54,532.910346646s
35,533.781421997s
33,534.063187075s
49,534.212430334s
32,534.301742635s
24,534.40077952s
24,534.506240434s
32,534.598261508s
30,534.65321685s
25,534.692962484s
24,534.735529522s
29,534.784624806s
26,534.823266292s
28,534.853801723s
29,534.904410381s
33,534.935017173s
40,534.96062794s
29,534.984384803s
29,535.018996089s
51,535.046793751s
41,535.072613433s
29,535.097111426s
31,535.127510112s
44,535.153365521s
38,535.183142072s
30,535.21413684s
28,535.258175332s
34,535.286575303s
39,535.316705931s
25,535.34555807s
26,535.398226951s
35,535.438731062s
43,535.468653405s
31,535.49875872s
29,535.545770652s
37,535.581966774s
29,535.612038484s
24862,535.641096132s
25,536.07336325s
32,536.100183496s
42,536.126078666s
29,536.153534216s
32,536.194721046s
81,536.232630917s
80,536.262702823s
176,536.291431627s
169,536.329404314s
190,561.167256282s
268,561.220729244s
38,561.24610701s
27,561.288627993s
597,561.322214648s
119,561.353383735s
33,561.38293466s
25,561.46747529s
46,561.564718846s
43,561.748717966s
28,561.917423505s
25,562.320162547s
30,562.360797076s
28,562.389356531s
25,562.416238058s
32,563.014298307s
209,563.133129284s
177,563.166692727s
190,563.192401462s
220,563.241223686s
256,563.282370524s
171,563.311772657s
121,563.337305587s
235,563.36902285s
281,563.395510715s
237,563.421278548s
225,563.478921444s
247,563.750182009s
264,563.866493752s
307,564.071107677s
243,564.292293308s
282,564.509970861s
296,564.680847007s
173,564.852455547s
139,565.082534849s
356,565.400628186s
363,565.592616034s
165,565.832930239s
28,566.077291181s
27,566.36234184s
247,566.638321606s
234,566.894971047s
226,567.183036267s
291,567.554905669s
287,567.598692968s
332,567.793103671s
248,568.148799432s
315,568.458725127s
339,568.623181236s
13623,568.651730841s
54,568.679313644s
29,568.984358785s
245,569.177894749s
177,569.443767805s
62,569.730120127s
52,570.041131464s
48,570.324748182s
40,570.617784181s
39,570.930234335s
28,584.775604063s
113,584.840306942s
96,584.881224763s
68,584.909960187s
124,585.163911673s
71,585.336887414s
59,585.41259116s
38,585.451157605s
56,585.504216136s
94,585.537057269s
62,585.577640785s
232,585.605461072s
46,585.722621631s
65,585.826861465s
49,585.886721155s
34,586.010251663s
31,586.115548695s
43,586.162231788s
30,586.206404118s
23,586.273742626s
24,586.340682126s
27,586.404574802s
31,586.634769137s
26,586.681607618s
24,586.749405719s
36,586.795815803s
28,586.830390982s
35,586.862069604s
24,586.906656848s
30,586.93665836s
30,586.96095534s
27,586.984918048s
26,587.018901067s
28,587.047062768s
26,587.071891679s
23,587.095965368s
23,587.133843643s
83,587.161850202s
55,587.198168913s
64,587.222098862s
278,587.255968768s
124,587.283659065s
30,587.310779947s
23,587.337438167s
23,587.366958739s
334,587.39249053s
242,587.416821318s
208,587.440254542s
318,587.55462279s
194,587.579492103s
30,587.705927488s
256,587.967327046s
321,588.0495108s
354,588.079027557s
285,588.102778953s
302,588.157832808s
328,588.524162643s
369,588.721165874s
225,588.986375866s
199,589.28223207s
334,589.426753276s
394,589.476116165s
304,589.776592445s
292,590.108534905s
375,590.540476223s
430,590.725098886s
384,591.04190111s
286,591.385567868s
18693,591.680788149s
30,591.912623999s
307,592.181246739s
34,592.501958587s
43,592.953239147s
635,593.197775895s
61,593.500501577s
28,593.877011093s
28,594.319969844s
41,594.637672833s
66,613.545567164s
42,613.598565631s
39,613.905161757s
60,613.945809624s
31,613.980184457s
48,614.014019099s
39,614.650300661s
48,614.710729986s
42,614.739053707s
28,614.768085525s
79,614.815903471s
94,614.877292318s
138,614.922636148s
142,614.960916608s
288,615.020594608s
302,615.057056209s
266,615.10005754s
230,615.147758988s
351,615.201654673s
342,615.232983253s
365,615.258299907s
249,615.371935608s
378,615.433337918s
382,615.570441646s
212,615.769783883s
248,616.052915838s
370,616.403295709s
463,616.622502228s
172,616.870647148s
28,617.230830545s
40,617.530749631s
478,617.893683345s
283,618.200494202s
263,618.573102142s
368,619.058982752s
375,619.088248483s
389,619.417660303s
307,619.795866093s
385,620.170997705s
432,620.343018672s
14035,620.371618068s
25,620.484466367s
44,620.944511575s
315,621.199762153s
152,621.519653758s
24,621.886009961s
29,622.273710668s
31,622.610675984s
75,622.978332194s
157,623.366519685s
258,637.626996148s
315,637.731627865s
371,637.758209515s
285,637.802078582s
376,638.119328961s
403,638.270070462s
506,638.295264669s
238,638.324417511s
144,638.39299796s
1254,638.439081202s
705,638.646633s
322,638.916428892s
164,639.246065061s
616,639.570991171s
138,639.916143722s
237,640.301770228s
82,641.005182537s
162,641.317908747s
397,641.359865652s
233,641.708880343s
89,642.916909207s
103,643.468435226s
339,643.784100109s
130,643.952411545s
76,644.566131228s
115,644.857498965s
248,644.940539354s
98,645.02187989s
107,645.187368008s
219,645.596948269s
386,645.821379897s
13783,645.910942362s
419,646.024688423s
111,646.401383082s
343,646.534013516s
391,646.614930499s
382,646.888562587s
218,646.973751192s
132,647.080244917s
250,647.186317755s
192,647.41240765s
151,659.984802229s
225,661.575297434s
316,661.985423417s
175,662.127562702s
170,662.442084019s
179,663.069456851s
151,663.255874209s
229,663.467724941s
355,663.577858421s
245,663.821222001s
203,664.015653193s
254,664.165237924s
304,664.50793305s
73,664.741569214s
68,664.902145985s
50,665.081119408s
119,665.241711085s
95,665.415830828s
26,665.67352411s
23,665.966118823s
31,666.204999429s
34,666.408647681s
24,666.663289171s
23,666.974284137s
30,667.04145329s
26,667.110861259s
23,667.160989633s
37,667.282878174s
29,667.377176969s
50,667.402956931s
42,667.426983272s
24,667.460254933s
61,667.492674516s
51,667.517438257s
27,667.540453302s
26,667.571680461s
46,667.596838833s
43,667.633780591s
30,667.658516657s
24,667.705550952s
45,667.746141263s
47,667.780725817s
27,667.804900661s
24,667.867535145s
28,667.918126336s
33,667.946062304s
23,667.972455547s
29,668.020963338s
33,668.062133426s
27,668.093068724s
23,668.118520843s
25,668.165501213s
48,668.210123858s
34,668.238914186s
23,668.263039688s
23,668.297821682s
28,668.324218361s
26,668.347978347s
23,668.377025481s
24,668.411916455s
28,668.438751997s
37,668.462663336s
24,668.488944634s
24,668.540308355s
42,668.571411063s
30,668.595363501s
22,668.619236703s
28,668.648586712s
36,668.673834167s
30,668.69822174s
35,668.722686186s
23,668.763225814s
29,668.788286455s
27,668.813560168s
25,668.837931958s
24,668.881859426s
29,668.911241877s
32,668.934530986s
25,668.962335037s
26,669.001674528s
37,669.030537708s
31,669.065337877s
24,669.088691894s
25,669.119245508s
76,669.145151203s
36,669.170673228s
30,669.194905693s
24,669.230935648s
30,669.256859701s
27,669.282324608s
27,669.308639593s
24,669.347050172s
33,669.377040276s
41,669.402200054s
38,669.432589835s
33,669.509987146s
69,669.540468023s
54264,669.572012676s
55,669.596557209s
67,669.628530872s
52,669.655034826s
57,669.682476663s
41,669.707222918s
47,669.756459499s
39,669.795092675s
32,669.828776677s
23,669.864989747s
24,724.063050724s
30,724.187045829s
36,724.243683942s
87,724.309955553s
64,724.371252621s
41,724.42002514s
30,724.462310395s
49,724.509663083s
29,724.551469795s
34,724.581383943s
29,724.605024729s
29,724.633661129s
24,724.667366991s
32,724.696334423s
26,724.783686247s
29,724.848898237s
24,724.891324733s
29,724.921039179s
45,724.97094217s
28,725.00095198s
25,725.039417533s
49,725.065473753s
38,725.095462884s
29,725.118717178s
29,725.153987666s
37,725.178525351s
37,725.208620101s
29,725.233159544s
23,725.279681982s
33,725.30852623s
26,725.336838549s
29,725.366027342s
23,725.41875011s
29,725.450161128s
35,725.48019815s
37,725.509531073s
125,725.550665533s
194,725.585311849s
122,725.614307834s
118,725.637021009s
212,725.672733094s
320,725.698171218s
192,725.727807424s
258,725.751013444s
450,725.789659322s
350,725.816882683s
339,725.876208699s
248,726.000553983s
305,726.173798068s
342,726.306901685s
114,726.453118182s
36,726.665801297s
26,727.025233986s
224,727.190696805s
54,727.451037833s
28,727.887837354s
24,728.282760335s
41,728.573886337s
43,728.853494482s
28,729.143582509s
25,729.520249743s
29,729.559834633s
26,729.587187415s
25,729.613866499s
232,729.839249027s
412,729.892888543s
250,729.921903669s
295,729.945981203s
326,729.989710063s
294,730.030273778s
190,730.059343609s
172,730.084223392s
306,730.114325354s
392,730.14031637s
338,730.171523304s
318,730.439008804s
327,730.94104438s
360,731.117332987s
1832,731.426399551s
26,731.74464287s
24,731.990184733s
28,732.186997471s
38,732.402519365s
24,732.716656966s
25,733.152841062s
44,733.432461545s
34,733.762782171s
23,734.100494375s
25,736.176658034s
36,736.219413228s
34,736.246225293s
33,736.270668862s
23,736.311382665s
29,736.337386524s
26,736.3624057s
23,736.388107493s
23,736.433945692s
33,736.46721361s
30,736.492567154s
23,736.51690614s
36,736.556690049s
36,736.588545744s
37,736.62264366s
24,736.64605321s
37,736.676891638s
31,736.701790552s
60,736.724876565s
24,736.754042394s
34,736.787505657s
47,736.812543204s
48,736.836740372s
24,736.87240005s
42,736.910192945s
29,736.946857988s
129,736.971431512s
192,737.008121642s
37,737.04323724s
971,737.100811469s
11710,737.125348289s
21894,737.160157084s
200,737.229732911s
3744,737.255918288s
208,737.280585385s
142,737.322798268s
174,737.455409471s
93,737.648167514s
100,737.685777993s
44,737.722767134s
56,739.274002531s
52,770.193387209s
94,772.329165709s
77,772.530476223s
54,776.283182725s
39,776.503383048s
27,776.611702214s
28,776.785463776s
30,776.878526641s
30,776.978355722s
35,777.031904136s
32,777.094576216s
23,777.138008385s
29,777.227609838s
36,777.305813845s
24,777.360594949s
24,777.400814399s
34,777.427010379s
67,777.456065867s
41,777.486216706s
24,777.519554988s
51,777.552300507s
39,777.585662464s
23,777.608449683s
22,777.639392693s
54,777.675527702s
32,777.70016085s
28,777.724734127s
35,777.798109308s
27,777.82618555s
25,777.868894518s
31,777.893092043s
30,777.950981185s
34,777.983869605s
30,778.007437616s
23,778.029715703s
23,778.087663596s
41,778.116370865s
27,778.145805926s
22,778.180725623s
41,778.209201269s
30,778.234028458s
35,778.265541749s
23,778.295457036s
34,778.335825613s
33,778.359959066s
31,778.384340695s
44,778.407325857s
36,778.449875529s
31,778.475791559s
51,778.49881095s
32,778.540277158s
24,778.578926659s
151,778.604971446s
46,778.638414723s
27,778.663355106s
23,778.698180323s
39,778.747533763s
41,778.785049884s
26,778.808665218s
24,778.854989455s
28,778.899175223s
27,778.924232266s
23,778.948308648s
23,779.101410326s
26,779.146088145s
102,779.173917964s
189,779.19704948s
18289,779.23880807s
37,779.277340975s
26,779.30489755s
23,779.328964731s
24,779.359797038s
30,779.384368023s
28,779.4085844s
23,779.431347601s
23,779.499981576s
28,779.591318898s
25,798.004397619s
23,798.040550705s
27,798.07888016s
28,798.104619114s
37,798.129177187s
24,798.153317797s
24,798.186896282s
43,798.212765336s
32,798.236734944s
24,798.259860864s
24,798.289082486s
38,798.313542385s
32,798.337814096s
24,798.365855664s
25,798.405264039s
28,798.431733864s
27,798.456876189s
24,798.481425583s
24,798.526260702s
33,798.556870189s
30,798.582060517s
31,798.605972186s
24,798.646923691s
36,798.676658994s
34,798.702626207s
23,798.726770183s
23,798.756790284s
35,798.78294943s
29,798.807759441s
23,798.837490403s
23,798.870399079s
34,798.895405863s
25,798.927744303s
24,798.954421019s
23,798.988668882s
28,799.021631401s
41,799.045929996s
206,799.069736141s
67,799.108092174s
393,799.135096607s
716,799.159274085s
306,799.1828848s
85,799.218427093s
60,799.24245062s
45,799.267072647s
36,799.290149902s
40,799.334422535s
34,799.539846027s
34,799.582030841s
24,799.675033546s
24,800.027691847s
28,800.743115866s
31,801.050296216s
25,801.135620548s
24,801.198572577s
33,801.241459062s
28,801.278612492s
23,801.319049636s
24,801.361518151s
29,801.38842263s
28,801.41337187s
23,801.437578772s
23,801.471797526s
27,801.498052237s
25,801.522677696s
23,801.547427885s
23,801.582315522s
28,801.609210163s
36,801.633400546s
80,801.657023226s
218,801.689181705s
129,801.715087127s
33,801.739209757s
26,801.762882563s
35,801.79207775s
364,801.816719896s
240,801.840871207s
223,801.864532168s
340,801.903694686s
344,801.928720272s
389,802.044676088s
304,802.270653638s
364,802.358287876s
402,802.391758942s
309,802.417663717s
371,802.500653363s
380,802.889083203s
407,803.077706218s
342,803.343796055s
225,803.680882248s
425,804.036828379s
503,804.396101727s
50405,804.736840507s
68,805.086661459s
173,805.588397299s
286,805.793675731s
308,806.175560707s
236,806.556475181s
299,806.906675114s
357,807.240528396s
500,807.562369579s
55,807.980997634s
28,858.579562822s
996,858.830935878s
103,858.885267318s
28,859.088809371s
22,859.385242743s
39,859.672364677s
43,859.932252275s
26,860.244420719s
26,860.970325644s
26,861.061521002s
26,861.089464276s
24,861.11529893s
40,862.112437766s
435,862.215443749s
300,862.244654569s
335,862.26731161s
420,862.310936932s
450,862.349845776s
205,862.377714708s
259,862.403795976s
516,862.431458941s
554,862.456724314s
477,862.482165113s
418,862.590845178s
442,863.116866836s
457,863.319138397s
533,863.695109406s
405,864.1036002s
12920,864.475431572s
36,864.68899936s
149,865.019156069s
25,865.537405221s
25,866.148556824s
387,866.601366296s
217,866.9835503s
24,867.435825363s
27,867.934474032s
38,868.35142969s
32,881.611976066s
24,881.6577701s
28,881.811100991s
192,881.843313139s
383,881.868506961s
336,881.893146711s
452,882.282565322s
478,882.49932964s
359,882.526472564s
377,882.551052818s
468,882.592206101s
518,882.622199312s
179,882.64692697s
217,882.675275973s
396,882.928042097s
685,883.286973595s
415,883.67701982s
433,884.139020611s
433,884.714771045s
474,884.936447049s
553,885.342065589s
351,885.820813094s
465,886.246468414s
493,886.424773939s
695,886.732368559s
14760,887.127879011s
48,887.915592228s
1223,888.224729917s
927,888.682787868s
412,889.100256209s
304,889.584350415s
456,890.086394533s
370,890.474575239s
359,890.957231442s
101,891.842102401s
132,906.716893128s
556,906.822235028s
306,907.139252932s
242,908.095851535s
174,909.014371058s
361,909.430751017s
266,909.734266115s
190,910.190901094s
166,910.819069673s
139,910.922185836s
148,911.019766658s
168,911.157172847s
130,911.715108401s
79,912.019801799s
111,912.262091501s
150,912.447671348s
145,912.795985998s
88,913.072678532s
29,913.265272068s
71,913.415556391s
68,913.568544464s
69,913.728673933s
25,913.86291313s
49,913.994784172s
63,914.071849071s
35,914.184106186s
30,914.333520327s
30,914.480048763s
41,914.567328449s
43,914.597579596s
28,914.668481037s
26,914.749089034s
36,914.80680391s
27,914.832799252s
25,914.882487111s
51,914.946346364s
25117,914.980203775s
32,915.011602912s
25,915.041694005s
24,915.085991253s
34,915.127331473s
27,915.156051005s
29,915.182253221s
27,915.219439551s
30,915.245182608s
29,915.272422378s
28,940.410776888s
25,940.446200183s
30,940.473378662s
26,940.498903792s
28,940.522892883s
30,940.558206603s
29,940.58511119s
42,940.615501128s
33,940.642601408s
31,940.675804271s
63,940.7023626s
102,940.732026916s
28,940.75688709s
23,940.788394208s
40,940.814078892s
66,940.8429662s
33,940.87326671s
26,940.919649716s
27,940.954040323s
25,940.978852512s
23,941.010775249s
23,941.075417714s
27,941.175589509s
35,941.20518327s
92,941.228865449s
209,941.275070273s
222,941.336054212s
142,941.370134534s
119,941.395921522s
285,941.424577576s
468,941.448758077s
301,941.472243926s
304,941.495642043s
378,941.528413443s
385,941.558435516s
402,941.690072085s
357,941.895259791s
418,942.083851213s
482,942.224558604s
207,942.402649491s
325,942.734033377s
481,943.198485974s
505,943.457642335s
154,943.778117295s
27,944.145883231s
43,944.548188903s
596,944.912369066s
359,945.327831094s
311,945.742850528s
528,946.310403855s
494,946.364275089s
478,946.782526186s
24455,947.290538892s
70,947.653653151s
187,947.806912199s
262,947.83577526s
41,947.984215947s
26,948.57664806s
317,948.872000078s
223,949.259614013s
29,949.780493967s
33,950.285799864s
57,975.058331514s
380,975.13386903s
68,975.17298661s
56,975.570227299s
250,975.623307281s
227,975.665364001s
78,975.692256884s
92,976.011721365s
585,976.234388588s
809,976.26397604s
385,976.297291094s
104,976.603989376s
2379,976.735547579s
653,976.813978041s
371,976.862648351s
108,977.111815411s
66,977.351691906s
46,977.417304794s
36,977.606956015s
41,978.795310486s
34,979.259245248s
25,979.324725929s
27,979.749820275s
24,981.784396064s
28,982.427072168s
30,982.798356102s
36,982.906341284s
26,982.975736259s
34,983.019138955s
33,983.055765979s
25,983.09745482s
27,983.133723668s
35,983.158258805s
28,983.186925282s
23,983.21053567s
22,983.244538824s
27,983.269463082s
24,983.306198686s
23,983.333065644s
24,983.367188155s
31,983.399707282s
42,983.42577484s
23,983.453691079s
24,983.491053342s
186,983.516798954s
156,983.540914799s
25,983.563956594s
34,983.591819261s
61,983.615715845s
456,983.63925533s
392,983.663976616s
19547,983.706934861s
35,983.737951361s
40,983.762057344s
32,983.786461191s
24,983.974217888s
31,984.12963428s
38,984.15764138s
30,984.190396713s
26,984.312733519s
42,984.741660525s
168,1004.612335149s
24,1004.649789826s
27,1004.687123489s
42,1004.727479025s
33,1004.758569633s
30,1004.782621897s
24,1004.823530537s
33,1004.853956624s
27,1004.884924313s
26,1004.915560346s
28,1004.954637806s
34,1005.12218502s
436,1005.148045162s
42,1005.183857405s
39,1005.219940515s
930,1005.252131368s
176,1005.282045398s
32,1005.306825749s
29,1005.342138057s
40,1005.368002065s
46,1005.39931199s
59,1005.423331758s
56,1005.868523684s
37,1005.906342037s
30,1005.937043673s
30,1005.987107051s
25,1006.917433352s
42,1007.092723366s
252,1007.126495099s
326,1007.154812702s
514,1007.202313118s
517,1007.244267451s
308,1007.310085549s
318,1007.361039539s
832,1007.397955949s
718,1007.426659936s
529,1007.457855636s
458,1007.482862987s
544,1007.671619384s
541,1007.809265739s
617,1008.239170266s
548,1008.722635487s
532,1009.148680673s
21208,1009.456267673s
189,1010.011850017s
25,1010.709526429s
32,1011.559351065s
463,1011.955371421s
239,1012.436079545s
30,1012.971551593s
40,1013.562024865s
49,1014.080226016s
76,1014.684383974s
31,1036.262471543s
41,1036.462204517s
36,1036.488660585s
37,1036.514018486s
25,1036.546018382s
24,1037.01068568s
37,1037.249721345s
145,1037.280134074s
30,1037.320170546s
113,1037.372332966s
635,1037.446346561s
354,1037.479096014s
539,1037.519715681s
1011,1037.56748911s
1029,1037.593622059s
888,1037.619321825s
790,1037.651525017s
708,1037.799108337s
633,1037.826793952s
570,1037.857115696s
472,1038.086968188s
531,1038.60717558s
575,1038.996585816s
17360,1039.606697182s
425,1040.692958299s
46,1041.845306519s
1054,1042.565176755s
1055,1043.343223496s
431,1044.048872758s
498,1044.671781033s
342,1045.176819757s
205,1045.71138246s
124,1046.242750985s
92,1064.032357917s
81,1064.464933062s
102,1064.5167376s
59,1064.779633644s
33,1065.615352499s
55,1066.672425082s
54,1067.102837711s
46,1067.602567415s
26,1067.955863767s
53,1068.164086262s
45,1068.263225153s
35,1068.355575299s
38,1068.437891452s
31,1068.53878751s
28,1068.599049932s
40,1068.632360494s
37,1068.69320156s
47,1068.742343951s
33,1068.789422093s
31,1068.814679423s
34,1068.869438591s
27,1068.913633361s
48,1068.94903204s
24,1068.986943309s
25,1069.020066161s
43,1069.046431371s
32,1069.098629453s
35,1069.124515703s
23,1069.173542019s
37,1069.213886522s
31,1069.237642148s
30,1069.271983417s
24,1069.310520906s
28,1069.348702064s
25,1069.374379707s
23,1069.399892637s
23,1069.4458094s
26,1069.475188744s
35,1069.511793114s
24,1069.535719456s
23,1069.576022157s
41,1069.60551493s
27,1069.635751576s
34,1069.66002999s
26,1069.689078314s
36,1069.714086074s
30,1069.738449149s
25,1069.761557603s
28,1069.793017182s
250,1069.822745677s
539,1069.847603322s
404,1069.871142023s
523,1069.914100463s
573,1069.940197265s
257,1069.975463112s
96,1070.001800423s
26,1070.041872624s
435,1070.068566344s
47,1070.094099092s
28,1070.122202251s
63,1070.477811412s
40,1070.96548979s
43,1071.438858611s
28,1071.967051066s
25,1072.544795441s
30,1072.739213647s
27,1072.768307029s
121,1072.794567177s
565,1073.230820426s
24471,1073.27744559s
31,1073.306660319s
24,1073.370221695s
43,1073.412849083s
60,1073.453839154s
26963,1073.483032017s
1131,1073.508324811s
28,1073.539806731s
678,1073.566692614s
42,1073.821772202s
39996,1098.673499897s
1918,1098.731182467s
24,1098.757101391s
48,1098.788280738s
