7437,0ns
63,20s
57,20.521315956s
63,20.579780378s
78,20.643530563s
56,20.724988422s
57,20.799747378s
95,20.851381326s
53,20.905220501s
57,20.957532439s
55,21.031793954s
66,21.089494545s
67,21.147146625s
57,21.204390676s
57,21.29073778s
72,21.346169888s
59,21.403240689s
67,21.459732325s
60,21.557059904s
67,21.610830281s
79,21.667437437s
59,21.722912443s
59,21.797477212s
107,21.856081165s
61,21.914519947s
63,21.971265179s
57,22.045585692s
57,22.11131329s
46,22.172683886s
40,22.232682301s
44,22.323045643s
54,22.378471652s
34,22.43879116s
49,22.499951577s
40,22.601369711s
46,22.663987297s
43,22.72524177s
43,22.784214672s
40,22.834467876s
72,22.879776394s
34,22.922059302s
46,22.964181171s
42,23.019352643s
56,23.061019545s
42,23.1055299s
47,23.143731025s
41,23.19626903s
60,23.235967592s
41,23.280623141s
58,23.321597596s
46,23.392147261s
54,23.430609298s
54,23.477019328s
48,23.51542875s
54,23.573135575s
95,23.614719567s
66,23.663799433s
61,23.707935554s
50,23.764709931s
67,23.818633861s
61,23.869761658s
57,23.914612278s
51,23.972583444s
64,24.024893577s
39,24.075935452s
45,24.125911745s
38,24.220296173s
49,24.293103784s
42,24.346147803s
39,24.398531076s
37,24.466914258s
64,24.525937375s
32,24.582328779s
42,24.634084897s
31,24.699033242s
45,24.747828258s
34,24.784158976s
37,24.823261535s
28,24.878442553s
41,24.915072461s
28,24.956796556s
45,24.992681462s
31,25.055663049s
40,25.091489588s
37,25.130179593s
37,25.162785947s
35,25.208770042s
79,25.243965299s
39,25.279091774s
35,25.308314947s
33,25.349780854s
45,25.390833725s
35,25.426032693s
36,25.456556379s
34,25.501553599s
40,25.53880648s
34,25.572398732s
44,25.60867134s
34,25.686769753s
41,25.728124932s
35,25.762834939s
37,25.795572938s
36,25.841873837s
53,25.878338988s
32,25.914450888s
39,25.947370057s
36,25.991240105s
54,26.029782926s
43,26.066656536s
42,26.102746759s
42,26.146141422s
50,26.180834024s
32,26.218717375s
49,26.253165456s
39,26.309990699s
47,26.343310634s
49,26.398101394s
50,26.433427034s
42,26.493710091s
90,26.531056208s
67,26.577566901s
53,26.61911111s
57,26.668286548s
79,26.716783343s
59,26.757427191s
53,26.798876486s
59,26.851007363s
68,26.903465685s
61,26.946005925s
58,26.985924533s
47,27.076368926s
62,27.144171751s
59,27.198284789s
52,27.25378257s
51,27.333450913s
77,27.393467469s
34,27.449886638s
42,27.505500619s
33,27.578363715s
52,27.635913474s
36,27.689827059s
34,27.741479305s
34,27.805840482s
38,27.859072999s
33,27.912322412s
46,27.963452216s
29,28.039624072s
39,28.07818933s
34,28.115319672s
37,28.149945137s
34,28.202274048s
76,28.241020504s
29,28.27359458s
36,28.307494147s
28,28.346243336s
50,28.394775175s
37,28.424399067s
36,28.454146162s
35,28.497983142s
45,28.530702151s
30,28.565788755s
44,28.599577288s
32,28.676523172s
42,28.709380342s
37,28.742154702s
39,28.771120253s
37,28.821920911s
63,28.859589633s
30,28.896777511s
42,28.932125286s
33,28.977186657s
49,29.015724913s
39,29.051799961s
41,29.085576977s
41,29.129887355s
54,29.165929351s
35,29.204875898s
61,29.24283435s
103,29.305571152s
74,29.339864228s
56,29.379195641s
42,29.414482821s
44,29.463631879s
96,29.504857283s
44,29.54815314s
55,29.588635711s
45,29.640677512s
54,29.696152578s
51,29.741555056s
50,29.852147724s
54,29.929326374s
51,29.977652424s
36,30.017459293s
50,30.07166779s
39,30.155386793s
47,30.201507449s
46,30.254580948s
41,30.299973054s
43,30.357541463s
103,30.414701403s
68,30.464897474s
65,30.515746419s
41,30.567328624s
50,30.613485389s
40,30.649694692s
41,30.697143938s
41,30.747276048s
48,30.784650027s
38,30.83244932s
58,30.872007272s
34,30.975032748s
47,31.049583407s
50,31.10956244s
36,31.148683007s
53,31.200749299s
98,31.244323061s
34,31.281627122s
48,31.325640508s
44,31.372391117s
66,31.426610068s
47,31.467105358s
41,31.502188514s
44,31.559310267s
59,31.600704684s
83,31.63740741s
74,31.697878193s
41,31.790948569s
47,31.829813102s
46,31.878445599s
40,31.916788752s
41,31.983591212s
64,32.034429938s
32,32.078994431s
41,32.117214698s
34,32.185090705s
56,32.273513471s
40,32.336379989s
42,32.381801432s
39,32.431392599s
48,32.475626154s
39,32.51562647s
59,32.556621761s
42,32.617534292s
56,32.653910569s
56,32.692331729s
44,32.728371833s
51,32.784184598s
101,32.829513486s
64,32.866192508s
69,32.90920242s
85,32.957677155s
69,33.013121629s
66,33.059658289s
65,33.105920728s
68,33.1685563s
72,33.215755126s
64,33.263738311s
82,33.316535176s
60,33.411722504s
73,33.478830201s
62,33.556060009s
71,33.630473475s
63,33.701396741s
73,33.768202109s
62,33.837306057s
70,33.903607786s
56,33.974097547s
81,34.042553004s
58,34.122931635s
58,34.190515267s
55,34.257643431s
67,34.321365092s
59,34.391897866s
74,34.452981649s
57,34.527484403s
67,34.59388991s
61,34.658888202s
74,34.729415085s
45,34.79493992s
77,34.853561143s
36,34.911092368s
61,34.967114925s
41,35.035000505s
53,35.10482419s
38,35.169162332s
36,35.233379233s
36,35.297303776s
44,35.354089074s
33,35.427192504s
43,35.476273046s
33,35.550895153s
41,35.590105243s
35,35.648393024s
37,35.693316263s
35,35.745034672s
50,35.783562265s
32,35.820222132s
38,35.856852431s
31,35.900997879s
44,35.940437026s
34,35.977326401s
37,36.012200505s
36,36.055045541s
44,36.089566159s
38,36.126559689s
60,36.161727863s
39,36.213374461s
49,36.248414029s
48,36.283142412s
39,36.315703246s
42,36.359472714s
87,36.395380661s
49,36.432299816s
64,36.467307652s
30,36.515100025s
51,36.568978763s
41,36.614218217s
47,36.659212217s
35,36.708391899s
44,36.750406172s
32,36.793647691s
41,36.833036669s
29,36.917093323s
39,36.972665196s
37,37.031945878s
37,37.063862688s
37,37.114755373s
59,37.158911312s
31,37.204277903s
40,37.239117197s
33,37.283368222s
48,37.322120985s
43,37.357024312s
43,37.388188786s
38,37.429385455s
50,37.465680093s
39,37.503205875s
57,37.541038142s
34,37.599036404s
47,37.635176246s
50,37.671638093s
39,37.706630697s
50,37.758892022s
73,37.803053217s
29,37.844513413s
39,37.881687516s
29,37.935472147s
48,37.987867754s
33,38.029155126s
35,38.065890283s
28,38.12184605s
43,38.163624204s
28,38.214426689s
40,38.252526114s
31,38.323221681s
42,38.356846445s
32,38.392824475s
38,38.423453978s
31,38.470950258s
52,38.506787013s
29,38.539835005s
39,38.569167231s
32,38.612243963s
46,38.64807818s
34,38.681160388s
39,38.714740749s
37,38.755889795s
47,38.790447474s
34,38.826965703s
58,38.860336375s
41,38.911241509s
56,38.945519755s
37,38.981266586s
47,39.015276123s
47,39.060365233s
98,39.097933825s
71,39.136187881s
69,39.172769229s
42,39.221052703s
65,39.273512894s
57,39.319193297s
58,39.368488271s
62,39.414926865s
43,39.458498756s
40,39.505434515s
48,39.548848965s
40,39.652061279s
43,39.717086114s
34,39.784528429s
37,39.829429394s
35,39.892788814s
47,39.951214202s
29,40.008804681s
35,40.071844281s
28,40.118954968s
41,40.160113704s
29,40.204128575s
35,40.244753531s
27,40.290936052s
41,40.324393648s
29,40.360406381s
48,40.39452976s
29,40.442936979s
41,40.473819424s
30,40.507097299s
37,40.535615442s
30,40.576301389s
66,40.607820342s
29,40.641286839s
36,40.668924531s
29,40.710196289s
49,40.754744637s
36,40.787402583s
37,40.817648825s
35,40.858476377s
47,40.889901009s
32,40.926885789s
42,40.958681111s
31,41.02396645s
43,41.055827313s
34,41.089591645s
39,41.119840107s
39,41.168981385s
53,41.206966646s
31,41.244620423s
40,41.28056568s
31,41.327038835s
45,41.367019465s
36,41.402163209s
38,41.4354877s
38,41.477820208s
47,41.514571068s
32,41.553018581s
52,41.592687623s
40,41.644553645s
50,41.679654417s
38,41.716244231s
38,41.749676413s
36,41.794167796s
89,41.832339734s
62,41.870631527s
65,41.909232689s
30,41.955175084s
49,42.007058072s
40,42.045160696s
44,42.091580103s
36,42.134212014s
41,42.17063537s
35,42.208180426s
42,42.245939911s
31,42.333270613s
43,42.398319178s
32,42.460971756s
38,42.491581573s
31,42.540106646s
54,42.586075242s
30,42.625579219s
41,42.663614513s
32,42.704794499s
47,42.750373944s
36,42.782940862s
41,42.815309428s
37,42.85744983s
49,42.892064091s
32,42.928490309s
53,42.961419321s
32,43.015147589s
43,43.049599369s
33,43.086857338s
39,43.121506972s
33,43.166776767s
75,43.206433562s
30,43.247686777s
39,43.283641342s
31,43.332278485s
52,43.383132641s
38,43.418211737s
38,43.452186763s
36,43.494425528s
47,43.530783345s
32,43.568509415s
45,43.603562632s
35,43.677595943s
47,43.711518155s
43,43.747082994s
43,43.780459504s
43,43.831450668s
65,43.871645524s
33,43.910287848s
42,43.948830632s
42,43.994053784s
67,44.035223451s
46,44.072622773s
51,44.109172984s
46,44.155801062s
57,44.204189462s
40,44.242823248s
67,44.288008809s
51,44.350982989s
65,44.388679162s
47,44.428412705s
57,44.471869205s
46,44.538294449s
191,44.590805778s
75,44.639193971s
84,44.684505223s
63,44.739792111s
80,44.802209435s
75,44.855365138s
78,44.915351631s
89,44.969086443s
73,45.022123736s
66,45.076270945s
71,45.148802945s
95,45.311970868s
95,45.390603733s
58,45.471501462s
73,45.536010364s
59,45.61784526s
74,45.693270461s
56,45.770439426s
70,45.860327022s
85,45.934703119s
74,46.004806144s
58,46.072379484s
55,46.189987252s
72,46.261542007s
71,46.320738494s
51,46.392433702s
62,46.45284947s
64,46.525955331s
63,46.591131618s
58,46.654644335s
58,46.739379587s
64,46.81545767s
100,46.87253467s
68,46.927348936s
72,47.001868573s
69,47.071775882s
85,47.132914331s
85,47.197152491s
81,47.255582181s
108,47.315949191s
75,47.375229632s
61,47.436112298s
71,47.499264457s
67,47.599434406s
84,47.671213061s
99,47.741679508s
49,47.813680091s
45,47.896093518s
62,47.984420151s
82,48.094820551s
54,48.166419087s
34,48.241178294s
41,48.308874882s
32,48.374991138s
40,48.442873481s
54,48.526900411s
45,48.626853941s
35,48.675737979s
48,48.724026588s
43,48.783466212s
40,48.868349816s
36,48.920746008s
38,48.954830506s
34,48.99590655s
72,49.02979106s
50,49.072170133s
55,49.124093344s
35,49.168729332s
64,49.218000526s
52,49.260293462s
42,49.295762577s
37,49.335765594s
42,49.373653362s
34,49.411476306s
39,49.44690938s
34,49.518985299s
39,49.574048023s
34,49.625137219s
35,49.660751064s
33,49.724978249s
53,49.778591022s
32,49.820309856s
35,49.857977577s
32,49.900214425s
41,49.939652328s
35,49.974263828s
33,50.008678533s
32,50.048121917s
37,50.083936244s
28,50.118524057s
45,50.151870731s
32,50.205281848s
39,50.240295667s
34,50.273688895s
37,50.306791617s
35,50.348098139s
67,50.384550311s
33,50.416851961s
37,50.449760539s
34,50.486574944s
47,50.526130457s
40,50.560139967s
36,50.593260654s
35,50.632977181s
48,50.668560424s
41,50.705743127s
43,50.741131096s
37,50.808099826s
41,50.844145965s
39,50.87913776s
40,50.914641056s
37,50.962053868s
52,51.003833065s
33,51.039167514s
37,51.075544943s
53,51.127991736s
61,51.17097664s
43,51.208863665s
40,51.246886363s
40,51.28893335s
44,51.328628154s
34,51.368652509s
54,51.405933912s
47,51.457286912s
64,51.493545734s
45,51.528719912s
46,51.587682742s
50,51.644227652s
76,51.688933057s
51,51.728361578s
68,51.76897249s
47,51.813410484s
65,51.865773416s
82,51.911999152s
46,51.962938099s
41,52.02165907s
60,52.068526658s
45,52.120562988s
45,52.158050334s
33,52.233877742s
39,52.287992267s
34,52.353656667s
35,52.401969456s
33,52.467217412s
49,52.551028512s
32,52.596149775s
36,52.651239163s
32,52.698573378s
39,52.749699171s
35,52.789762693s
35,52.823226345s
36,52.86262593s
39,52.898036587s
31,52.932676152s
42,52.966375113s
30,53.015142581s
39,53.050344643s
36,53.084442745s
35,53.116917407s
34,53.156384993s
64,53.192663745s
34,53.227137816s
34,53.264055866s
34,53.302757367s
49,53.345878326s
41,53.37697629s
38,53.407497151s
36,53.447178723s
47,53.484498373s
37,53.519293383s
44,53.554685381s
37,53.618409162s
43,53.6558251s
39,53.687898213s
40,53.72298196s
38,53.772211082s
58,53.814871574s
36,53.85222523s
40,53.889362857s
37,53.936007293s
46,53.98016447s
39,54.01725359s
39,54.054944529s
38,54.097753813s
48,54.138242809s
43,54.177341444s
55,54.216124824s
47,54.274277301s
47,54.313602988s
37,54.3513553s
39,54.389092031s
43,54.435494589s
101,54.476373557s
66,54.515104059s
55,54.55390233s
36,54.601873006s
55,54.662871291s
45,54.709829259s
43,54.75382792s
37,54.795459633s
47,54.834085834s
36,54.873765627s
41,54.916517213s
41,55.017591928s
43,55.087074084s
42,55.142592293s
39,55.176971178s
43,55.232252892s
50,55.27844739s
41,55.324425473s
45,55.359017593s
36,55.40585983s
43,55.448130858s
38,55.485293298s
39,55.526494668s
36,55.572307021s
49,55.613476297s
42,55.655210938s
49,55.696213023s
37,55.747037797s
42,55.79111915s
37,55.834278632s
39,55.871112793s
38,55.914352949s
72,55.9537435s
37,55.991604929s
39,56.028900467s
36,56.078263621s
51,56.132022496s
40,56.169866024s
37,56.207428013s
35,56.249282865s
42,56.288301012s
39,56.327007893s
47,56.365925372s
41,56.438368622s
45,56.478522386s
44,56.515053294s
41,56.552363381s
40,56.606354823s
60,56.647224032s
38,56.68394865s
44,56.719784812s
40,56.761824731s
49,56.80879261s
41,56.849728298s
42,56.891962369s
39,56.936684194s
49,56.981591244s
39,57.022016215s
57,57.062866332s
50,57.123228271s
61,57.164903048s
47,57.206941892s
48,57.247866782s
55,57.296385772s
97,57.339716373s
69,57.381319573s
87,57.421557162s
65,57.470607427s
83,57.527909427s
95,57.576531181s
74,57.636456495s
72,57.686052684s
105,57.73517861s
79,57.791844227s
74,57.838279265s
64,57.932893322s
68,58.006606603s
64,58.089791086s
87,58.157479137s
44,58.240131364s
61,58.335842224s
42,58.408472824s
60,58.492241762s
44,58.581265947s
47,58.666255744s
41,58.735103898s
36,58.799518496s
38,58.867927313s
47,58.933514927s
39,59.01974631s
62,59.06449075s
54,59.125972778s
42,59.170662425s
37,59.228902376s
39,59.274064045s
38,59.320820292s
63,59.363364201s
36,59.399537135s
39,59.438293646s
49,59.485245762s
51,59.535465163s
45,59.590775734s
44,59.64151699s
35,59.683697231s
45,59.721874924s
38,59.760017526s
44,59.798700325s
35,59.861407856s
40,59.900705927s
39,59.937780232s
39,59.987350382s
39,60.037875944s
55,60.087022787s
36,60.127649181s
40,60.163793843s
37,60.222839769s
47,60.266628006s
40,60.303938783s
39,60.340448802s
39,60.380874069s
46,60.422269285s
38,60.460843017s
52,60.500615811s
42,60.555560029s
45,60.595098056s
37,60.633073309s
36,60.670712134s
35,60.717822218s
82,60.758925623s
58,60.797505736s
48,60.837248977s
36,60.88350353s
57,60.935564525s
50,60.979115239s
48,61.020303142s
43,61.061496203s
46,61.099985665s
38,61.135395969s
42,61.171803049s
38,61.25406585s
43,61.31549919s
40,61.361054175s
41,61.397553045s
37,61.455069325s
58,61.506845866s
38,61.55408994s
43,61.597936786s
38,61.644185202s
48,61.688020098s
43,61.725709502s
42,61.764432686s
41,61.80743393s
49,61.848938908s
39,61.888707576s
51,61.926948104s
40,61.98560527s
46,62.027138245s
42,62.066669629s
43,62.105907139s
40,62.154751305s
75,62.199182737s
37,62.241361431s
40,62.283088738s
38,62.3326192s
55,62.385872294s
46,62.423969454s
39,62.464960466s
39,62.511138358s
46,62.55448752s
37,62.596864519s
42,62.638113656s
36,62.713495047s
43,62.75281578s
35,62.791423544s
43,62.830932294s
43,62.88595556s
63,62.933579849s
42,62.972582454s
46,63.011430799s
41,63.057854186s
52,63.10208414s
45,63.138388084s
50,63.175701578s
45,63.218435388s
50,63.255531119s
41,63.297781384s
55,63.342208131s
46,63.40546444s
55,63.450577092s
45,63.494245056s
46,63.536080337s
48,63.588383269s
76,63.635303368s
50,63.684713849s
63,63.729775946s
47,63.779868565s
60,63.834812972s
68,63.882510219s
47,63.933955944s
40,63.984273455s
46,64.030665231s
45,64.082194458s
42,64.121140825s
36,64.196579372s
45,64.250179214s
40,64.311114182s
43,64.35872218s
39,64.419326178s
54,64.488739496s
40,64.534905855s
44,64.575993123s
39,64.621894135s
46,64.6727548s
39,64.70977946s
42,64.746763262s
40,64.791924285s
46,64.833421628s
39,64.875981123s
51,64.915350828s
38,64.969263223s
45,65.012540792s
41,65.054366992s
39,65.093829287s
37,65.140363885s
66,65.180816348s
36,65.222410569s
41,65.262768885s
37,65.308738311s
51,65.358764352s
45,65.399618813s
39,65.438605599s
38,65.483620272s
49,65.525734189s
40,65.56375798s
45,65.601613202s
37,65.667635018s
43,65.70663866s
38,65.745598389s
39,65.784130267s
37,65.835955227s
56,65.882088899s
33,65.920968922s
45,65.960539402s
43,66.009449412s
52,66.056842898s
46,66.0951282s
46,66.133217752s
45,66.176081586s
53,66.215795019s
43,66.254899192s
62,66.293215339s
53,66.348666142s
51,66.385418858s
44,66.427575243s
44,66.471240378s
42,66.52309023s
96,66.570318339s
70,66.615543977s
55,66.661608286s
39,66.714537041s
55,66.777068118s
50,66.83029155s
48,66.877870091s
39,66.925547672s
46,66.97102051s
39,67.014576892s
44,67.059055749s
39,67.15380086s
43,67.227415945s
39,67.280452529s
43,67.319858865s
40,67.374828427s
57,67.425965387s
37,67.473789149s
39,67.514166657s
38,67.560150734s
46,67.604914543s
42,67.644334793s
38,67.684289253s
41,67.727214382s
52,67.767755695s
43,67.810175168s
59,67.850517867s
44,67.907162539s
49,67.947072992s
47,67.98497118s
47,68.023629842s
45,68.069423495s
78,68.113621324s
40,68.150927866s
46,68.192965532s
44,68.245175652s
58,68.301959509s
50,68.347828319s
45,68.39277568s
45,68.442685952s
55,68.49060168s
44,68.536702626s
51,68.581947104s
44,68.65982533s
49,68.703472455s
45,68.747805141s
46,68.79266812s
44,68.850991952s
63,68.902456883s
43,68.946944058s
48,68.992769571s
43,69.047476616s
53,69.098362162s
46,69.143142181s
46,69.18803133s
45,69.236820789s
53,69.283794493s
44,69.329085615s
62,69.374356443s
52,69.437419811s
60,69.483856846s
50,69.529114602s
53,69.573721742s
60,69.626501379s
96,69.6737944s
72,69.719421255s
86,69.765907694s
71,69.819230695s
84,69.883156234s
93,69.936397933s
75,69.992898969s
71,70.047582087s
91,70.099887049s
77,70.162134435s
74,70.210640139s
64,70.30803059s
70,70.382463591s
73,70.468143814s
104,70.538735968s
65,70.62212813s
79,70.717507583s
70,70.792040584s
87,70.881171255s
76,70.953927038s
74,71.03569965s
68,71.106252152s
66,71.170517775s
71,71.240383695s
76,71.315743185s
67,71.419673983s
80,71.484847901s
69,71.569451548s
72,71.638018081s
101,71.720739007s
65,71.799064147s
67,71.873684229s
89,71.942042218s
72,72.011106016s
70,72.082609946s
112,72.158033105s
84,72.237847506s
78,72.305353128s
69,72.376416505s
102,72.480940472s
93,72.548336931s
67,72.615139058s
76,72.681501777s
67,72.770797225s
75,72.846354985s
74,72.915500712s
89,73.033210989s
86,73.111558425s
99,73.193655762s
85,73.26250083s
99,73.36612324s
103,73.458851319s
120,73.531178089s
116,73.601378774s
112,73.668635826s
116,73.744710008s
125,73.83575312s
121,73.92147161s
128,74.000317166s
189,74.099007844s
109,74.186205289s
100,74.284243271s
109,74.391253497s
101,74.515465225s
108,74.63145744s
175,74.743983495s
78,74.858827888s
82,74.985340056s
64,75.10972649s
129,75.300931836s
91,75.416254689s
43,75.519524827s
50,75.620490094s
40,75.729205051s
47,75.830752997s
39,75.93859036s
45,76.116131531s
40,76.19191801s
42,76.275406694s
40,76.339822221s
57,76.470390811s
39,76.561101533s
43,76.605434642s
36,76.656060407s
43,76.702024329s
39,76.744047658s
36,76.784242243s
42,76.829148961s
53,76.870937908s
46,76.912378041s
57,76.953323002s
46,77.010238526s
50,77.051926005s
44,77.092235866s
48,77.12942398s
43,77.172279761s
72,77.213310518s
41,77.248243111s
48,77.290642991s
42,77.344021736s
58,77.401823047s
48,77.448755851s
44,77.49536993s
42,77.546002431s
51,77.59143469s
41,77.639075817s
46,77.683136166s
40,77.755209786s
45,77.799385782s
44,77.845951643s
41,77.889418019s
41,77.947142438s
54,77.996367297s
37,78.039319104s
46,78.082306689s
44,78.133523119s
54,78.180639777s
51,78.22161625s
48,78.26223757s
46,78.308796241s
53,78.353731998s
46,78.394803956s
59,78.436305457s
54,78.489964319s
55,78.531168107s
53,78.57412851s
66,78.619292646s
43,78.673488749s
80,78.726443211s
69,78.773851879s
62,78.821288268s
54,78.87423232s
90,78.934053959s
58,78.991033895s
52,79.040601458s
47,79.096278368s
63,79.161609935s
46,79.210466149s
51,79.254044063s
39,79.334111869s
43,79.406557374s
38,79.46601867s
40,79.520631411s
38,79.610615078s
50,79.670097858s
33,79.721651541s
45,79.769899403s
49,79.83344985s
57,79.885279057s
51,79.931050182s
47,79.970534511s
49,80.013761126s
51,80.053642062s
48,80.092676525s
58,80.131287202s
49,80.181122246s
57,80.217447373s
50,80.260682295s
49,80.310379665s
48,80.367309149s
78,80.419616786s
45,80.465845502s
52,80.515866746s
48,80.567132055s
58,80.627721469s
49,80.67532446s
47,80.723963453s
44,80.780985408s
53,80.832007762s
46,80.880724735s
53,80.929684568s
43,81.007878148s
66,81.056283265s
43,81.106159645s
45,81.155602531s
45,81.213394619s
55,81.263705461s
42,81.310055031s
46,81.355598867s
41,81.409730043s
50,81.460079451s
42,81.508919416s
41,81.553208757s
39,81.619535621s
46,81.663789855s
38,81.70831409s
52,81.754066391s
49,81.80954371s
57,81.855127073s
38,81.898687503s
37,81.940555252s
36,81.991028267s
77,82.034429662s
64,82.074754605s
49,82.114761886s
44,82.161146855s
65,82.213945781s
62,82.260728831s
50,82.302950464s
44,82.359848548s
49,82.398822291s
45,82.435608241s
52,82.472521725s
43,82.550379671s
48,82.616644895s
46,82.663755933s
47,82.708566312s
57,82.77351668s
58,82.837422196s
44,82.886970931s
48,82.93172964s
43,82.98129061s
51,83.033426255s
44,83.080017443s
42,83.124245065s
41,83.172280164s
47,83.219885803s
41,83.265833711s
50,83.32374346s
37,83.381782394s
42,83.428438741s
38,83.473533736s
35,83.517433264s
41,83.568382731s
74,83.613855164s
48,83.655703422s
52,83.697998108s
46,83.745136017s
62,83.796951239s
54,83.836751329s
48,83.874766788s
54,83.917098628s
56,83.956730928s
49,83.991468179s
51,84.033200341s
47,84.106587505s
49,84.157907429s
46,84.207623468s
50,84.254790285s
46,84.317826997s
59,84.372889146s
45,84.420385935s
48,84.475566728s
42,84.532166989s
50,84.586677508s
45,84.632831261s
45,84.681215611s
44,84.730763385s
51,84.778126894s
43,84.827805969s
58,84.874336574s
55,84.933525295s
53,84.981635165s
48,85.026920604s
59,85.070204424s
45,85.12021733s
101,85.166586228s
86,85.211460866s
77,85.255888642s
75,85.306932842s
106,85.364413088s
97,85.41890542s
71,85.469608119s
75,85.522613869s
110,85.582354236s
93,85.630102946s
92,85.676787078s
95,85.778142486s
59,85.865842258s
53,85.941042253s
57,86.017149538s
66,86.136091169s
68,86.215443927s
46,86.286508599s
50,86.36267368s
45,86.473226651s
53,86.572401427s
45,87.024542311s
47,87.119159091s
44,87.17823579s
52,87.233216736s
47,87.290115779s
60,87.356633224s
46,87.424861122s
49,87.473344901s
46,87.52123995s
44,87.566745138s
44,87.620400179s
72,87.667405898s
44,87.71425523s
45,87.759055325s
44,87.81169039s
55,87.871035887s
46,87.919139964s
43,87.965857894s
40,88.014835014s
49,88.06247244s
39,88.106487221s
47,88.150995648s
40,88.22360286s
46,88.270157721s
40,88.31353894s
47,88.358897776s
44,88.41380903s
63,88.460946945s
49,88.503052079s
55,88.544448171s
53,88.593184281s
63,88.638694698s
57,88.681374279s
56,88.722489143s
56,88.767982327s
62,88.80955139s
55,88.855829087s
67,88.900810505s
61,88.964061877s
58,89.017285605s
54,89.070105052s
52,89.12410288s
52,89.186883663s
86,89.245454021s
69,89.30137133s
51,89.358492898s
46,89.42063788s
62,89.490487133s
62,89.551419813s
50,89.604695481s
45,89.662793297s
54,89.719338709s
45,89.771190499s
55,89.824428647s
48,89.910247811s
52,89.982669927s
48,90.032170404s
49,90.078251389s
46,90.140907387s
66,90.204973048s
47,90.255028582s
50,90.301088803s
46,90.35546869s
54,90.406524574s
48,90.457025599s
46,90.50624693s
44,90.558697957s
48,90.60813513s
46,90.656381732s
63,90.70364727s
55,90.76968128s
58,90.820375279s
57,90.867781414s
57,90.915117127s
54,90.969258183s
79,91.019215597s
52,91.065279879s
55,91.109663767s
55,91.157525094s
66,91.215180963s
57,91.267417215s
55,91.323266564s
54,91.381238057s
65,91.440595693s
54,91.496302775s
60,91.551945099s
51,91.63016206s
58,91.685807279s
56,91.738762838s
54,91.79470375s
51,91.860668467s
68,91.919739126s
48,91.974899454s
51,92.029010482s
51,92.093909918s
61,92.155457039s
50,92.209308928s
50,92.26137568s
47,92.319345904s
54,92.37756198s
49,92.431309771s
61,92.483196438s
59,92.550963373s
57,92.60195499s
50,92.651085813s
60,92.706935616s
46,92.76351389s
96,92.815304941s
83,92.865156986s
72,92.913145412s
69,92.96763909s
89,93.030716815s
51,93.089039337s
63,93.143536122s
62,93.201017976s
77,93.259859053s
60,93.306930371s
60,93.354182986s
49,93.44956085s
62,93.535857916s
53,93.605869852s
51,93.675089116s
49,93.764932487s
66,93.817408944s
51,93.880225439s
54,93.943320595s
50,94.020079575s
60,94.086573934s
51,94.141698106s
50,94.192069443s
49,94.254653052s
56,94.308307647s
51,94.359132282s
59,94.409120293s
48,94.47514127s
55,94.528502806s
52,94.580210878s
53,94.631877028s
51,94.692333095s
77,94.745239468s
48,94.794849264s
51,94.84487461s
51,94.9014644s
65,94.963207417s
56,95.012202421s
49,95.060878942s
49,95.116516303s
60,95.170047657s
48,95.222558717s
55,95.274570167s
51,95.351194801s
53,95.402498931s
49,95.451973976s
48,95.504253807s
46,95.569134439s
64,95.627179729s
40,95.675443408s
44,95.725644811s
49,95.784894468s
64,95.840249613s
61,95.888956907s
60,95.940149399s
63,95.994270265s
69,96.044456556s
55,96.091913803s
73,96.138503678s
61,96.202044852s
62,96.246129932s
55,96.287860813s
58,96.337884236s
56,96.402240546s
117,96.465220452s
88,96.525233788s
58,96.588867725s
51,96.658042742s
68,96.728239758s
69,96.796108369s
54,96.849636202s
51,96.911628308s
58,96.96879588s
51,97.025656603s
56,97.082313866s
50,97.199237575s
60,97.290235888s
55,97.346567456s
55,97.398664106s
51,97.467395016s
67,97.537919015s
55,97.591679533s
56,97.644068346s
56,97.702211878s
63,97.759061348s
56,97.810731309s
55,97.86218033s
51,97.922490973s
61,97.979060884s
49,98.033280299s
65,98.085547504s
47,98.152978918s
57,98.211213583s
50,98.26470878s
51,98.321871493s
47,98.384401283s
83,98.442434251s
40,98.496105069s
42,98.548710929s
41,98.609523821s
71,98.6729395s
62,98.725140124s
62,98.773529808s
60,98.830136331s
66,98.8825673s
59,98.932261338s
67,98.980346958s
57,99.062751938s
64,99.106015356s
55,99.145978451s
59,99.188148149s
62,99.259169366s
79,99.323047716s
57,99.384589366s
62,99.445803024s
59,99.511323148s
66,99.577442138s
60,99.638343222s
58,99.69601338s
55,99.759612327s
67,99.816689518s
59,99.875284428s
77,99.937876484s
70,100.016001366s
72,100.077227371s
69,100.13752377s
77,100.197162724s
63,100.263254629s
122,100.32606037s
105,100.383209205s
90,100.43936942s
90,100.506208918s
121,100.586825066s
116,100.658556746s
90,100.723325503s
89,100.796114463s
105,100.875160749s
92,100.941648649s
94,101.004599529s
117,101.127882518s
83,101.233493983s
78,101.324350372s
81,101.412597389s
99,101.551538522s
109,101.649665191s
90,101.738112978s
90,101.831381819s
101,101.935411836s
122,102.031389379s
91,102.126997417s
82,102.240720882s
85,102.325088163s
96,102.407226432s
109,102.482561627s
99,102.583196806s
106,102.6921138s
67,102.786313481s
62,102.876979897s
61,103.003103389s
91,103.092211144s
97,103.184515611s
52,103.265751078s
56,103.351624595s
53,103.447429703s
67,103.568014561s
54,103.656538939s
52,103.763347889s
50,103.830388125s
57,103.894419358s
49,103.954760069s
57,104.046525498s
48,104.143784145s
55,104.198170101s
51,104.252234166s
52,104.306760395s
45,104.373868089s
59,104.429314118s
45,104.480463229s
46,104.531343241s
44,104.589036853s
46,104.643810379s
54,104.696053141s
62,104.744814942s
63,104.799861583s
68,104.852965253s
59,104.904401965s
73,104.949825088s
63,105.00893401s
59,105.056569967s
59,105.100182414s
55,105.145815525s
56,105.191584214s
96,105.24781345s
75,105.309408334s
57,105.372618564s
53,105.441149934s
70,105.514129847s
64,105.582215095s
56,105.638253201s
50,105.697690969s
58,105.758736493s
46,105.8134015s
54,105.870014822s
43,105.965757734s
48,106.043469569s
43,106.098694857s
43,106.152285195s
47,106.222497377s
71,106.288376056s
63,106.34448059s
63,106.395384205s
59,106.453592028s
71,106.505484372s
65,106.555044636s
66,106.599043728s
62,106.647220568s
74,106.691413885s
63,106.733097956s
74,106.781211703s
61,106.852501565s
61,106.918129565s
59,106.979426401s
63,107.039290287s
59,107.110285317s
104,107.176799135s
59,107.241943125s
61,107.304925527s
61,107.379162927s
74,107.456720736s
64,107.517152336s
58,107.578847516s
57,107.640130642s
65,107.701499969s
50,107.763919082s
66,107.824080719s
57,107.928093053s
61,107.989716004s
58,108.048805934s
57,108.110891575s
59,108.184772169s
74,108.250522202s
51,108.308998491s
58,108.366108806s
55,108.431136808s
75,108.488064461s
67,108.548203822s
53,108.606375244s
52,108.667318423s
58,108.727730774s
50,108.784204857s
69,108.843760983s
71,108.917437562s
78,108.97216255s
72,109.028007686s
80,109.084050606s
63,109.158312385s
114,109.227134243s
99,109.280882888s
94,109.333964428s
90,109.391809596s
119,109.464107532s
75,109.526735779s
67,109.592903866s
61,109.671360037s
73,109.750230027s
58,109.814827663s
60,109.878190758s
51,109.992400645s
57,110.095327181s
54,110.187455836s
56,110.278177388s
51,110.396454037s
64,110.472729676s
51,110.539124705s
51,110.600674708s
47,110.674265078s
57,110.738448187s
50,110.792955174s
51,110.844680424s
49,110.901570861s
59,110.957658497s
51,111.01372573s
59,111.065184102s
47,111.129086131s
51,111.183104505s
42,111.231719959s
63,111.279429358s
63,111.336581317s
91,111.388021587s
61,111.438807456s
65,111.489125782s
61,111.548305266s
80,111.611506961s
70,111.65927536s
63,111.707048245s
63,111.757855976s
71,111.801433736s
61,111.864664961s
71,111.928397195s
65,112.018883915s
64,112.083385815s
65,112.146447839s
64,112.207978283s
65,112.287657077s
79,112.359089131s
59,112.421719685s
60,112.485552062s
62,112.556917377s
72,112.624966139s
65,112.689804608s
64,112.755344467s
62,112.818919096s
72,112.884874322s
62,112.948930205s
75,113.014497369s
69,113.092903665s
63,113.154667265s
58,113.212547538s
56,113.276102662s
59,113.348373479s
112,113.414907382s
87,113.478434422s
56,113.541123216s
50,113.61243237s
65,113.6897017s
62,113.758511788s
50,113.820198639s
38,113.883414896s
64,113.943793476s
60,113.999369929s
71,114.059242164s
65,114.170703406s
68,114.260858344s
67,114.314819418s
64,114.365783368s
64,114.431138619s
82,114.494883517s
57,114.544630889s
65,114.583669578s
67,114.648387035s
73,114.715205058s
71,114.780079879s
68,114.846012411s
65,114.914553681s
73,114.9833971s
62,115.047054521s
75,115.111104308s
63,115.193009443s
70,115.253256193s
63,115.316423544s
62,115.384236902s
64,115.457515085s
94,115.529400887s
58,115.596984523s
63,115.662667678s
60,115.735316517s
82,115.81099064s
71,115.873608281s
62,115.937198361s
57,116.007632238s
65,116.072153542s
59,116.1336753s
67,116.198018258s
55,116.292029516s
64,116.353662616s
56,116.414918943s
57,116.492320486s
54,116.57395321s
72,116.646813826s
51,116.711458558s
51,116.768841679s
60,116.834441724s
73,116.900563923s
71,116.961874895s
66,117.018943837s
68,117.082208764s
73,117.139385176s
70,117.196500461s
93,117.251532173s
78,117.323992732s
87,117.378254521s
79,117.426959467s
88,117.488007706s
72,117.560905123s
128,117.633852843s
117,117.698984877s
104,117.767517475s
105,117.84059465s
136,117.933136526s
123,118.019784764s
98,118.094584459s
95,118.180043685s
110,118.269770856s
99,118.346657692s
99,118.41947013s
118,118.548189278s
75,118.667443237s
64,118.772773305s
68,118.876189998s
80,119.024465547s
82,119.128857094s
55,119.22696244s
57,119.322775693s
51,119.433072129s
61,119.537884986s
54,119.632287013s
54,119.750997444s
50,119.826268724s
57,119.891952736s
50,119.959724053s
63,120.040358167s
45,120.122350024s
50,120.180540082s
58,120.235076199s
70,120.285978602s
66,120.347531178s
108,120.402954739s
75,120.456341107s
84,120.506854976s
74,120.564264698s
92,120.627487269s
83,120.678918867s
67,120.724839162s
63,120.774514818s
78,120.833676273s
64,120.90283349s
71,120.970266244s
64,121.079704617s
70,121.158412448s
64,121.238785119s
65,121.314291155s
66,121.406058327s
79,121.489971704s
61,121.556262767s
64,121.620884562s
61,121.698627595s
71,121.768422863s
65,121.834673586s
66,121.899271158s
61,121.970109129s
67,122.035211961s
63,122.100029921s
75,122.166809276s
67,122.246161938s
62,122.310507406s
60,122.37249752s
60,122.43461717s
59,122.505291338s
117,122.572472249s
97,122.638114296s
60,122.69947762s
51,122.76707197s
67,122.845379604s
64,122.91538796s
57,122.974132331s
48,123.036185167s
57,123.098228961s
70,123.157926459s
75,123.217788737s
68,123.334184624s
73,123.434658717s
69,123.492418844s
67,123.544455926s
63,123.611978445s
91,123.677585106s
69,123.733952895s
64,123.782611918s
67,123.840139687s
76,123.916525766s
71,123.986760768s
68,124.055750295s
68,124.128757536s
80,124.199606161s
69,124.266392062s
82,124.330968247s
66,124.422065425s
70,124.494189338s
69,124.556458201s
66,124.624165646s
70,124.699609967s
102,124.772297561s
64,124.83957978s
67,124.908327956s
62,124.988988336s
80,125.072722292s
69,125.141491863s
65,125.208335062s
64,125.279138305s
72,125.3499881s
57,125.415349531s
69,125.485599442s
77,125.587647897s
66,125.655044836s
61,125.720940804s
66,125.784192852s
63,125.863625796s
80,125.934629467s
60,125.998748223s
61,126.063900877s
59,126.136225238s
65,126.201056138s
62,126.263811769s
52,126.341818329s
53,126.408267903s
61,126.471871684s
54,126.537364504s
73,126.601092823s
81,126.681620823s
89,126.745212824s
84,126.803857244s
91,126.864104575s
74,126.928961441s
125,126.993354263s
110,127.045159998s
102,127.099433051s
100,127.16001462s
124,127.234757879s
81,127.303194611s
77,127.379092879s
72,127.468863844s
86,127.559461217s
57,127.634345498s
72,127.708934611s
64,127.834034606s
70,127.94760793s
62,128.048110768s
66,128.149184915s
63,128.272875571s
75,128.35509281s
61,128.431492123s
63,128.504335738s
60,128.590934066s
66,128.653852436s
60,128.720123254s
58,128.785227584s
57,128.855246939s
63,128.919121681s
55,128.985018764s
66,129.049340797s
53,129.124478999s
55,129.187973442s
54,129.249100683s
58,129.309210296s
70,129.375066936s
101,129.436495196s
71,129.494441323s
72,129.552739783s
56,129.616201563s
72,129.682147055s
74,129.737493582s
72,129.791133115s
75,129.846047586s
81,129.901697126s
75,129.959418494s
82,130.0302292s
69,130.131760926s
79,130.206372614s
71,130.275890022s
77,130.3324613s
73,130.404967898s
90,130.480297095s
66,130.551192814s
71,130.627200003s
71,130.708126434s
80,130.790874932s
75,130.866020407s
74,130.936409606s
71,131.015857442s
80,131.088447446s
73,131.165391795s
88,131.238778171s
77,131.329154295s
74,131.398952875s
65,131.481451872s
66,131.551918345s
67,131.632697454s
129,131.710079439s
100,131.783128815s
66,131.855104526s
61,131.934891655s
79,132.022892673s
80,132.104125926s
65,132.174215939s
59,132.247820583s
73,132.314670673s
64,132.379814942s
60,132.447079355s
50,132.575766583s
59,132.678818808s
49,132.742398836s
55,132.804703899s
73,132.883686957s
85,132.964252769s
74,133.029137316s
75,133.088545329s
73,133.162977657s
83,133.232477209s
75,133.287536364s
76,133.338367057s
75,133.397681904s
85,133.449023537s
71,133.503594447s
91,133.577683877s
69,133.662392477s
79,133.739515674s
75,133.812745499s
76,133.886943173s
76,133.969385859s
106,134.046360985s
71,134.122587633s
75,134.198078686s
69,134.28347828s
86,134.368719043s
78,134.446127407s
73,134.516328946s
72,134.595933377s
79,134.672786408s
72,134.748607126s
78,134.825939573s
73,134.931960174s
78,135.006476529s
72,135.078965139s
71,135.148845699s
70,135.235145639s
86,135.314101325s
63,135.386973272s
68,135.460252082s
63,135.539037692s
71,135.61790137s
61,135.689412058s
60,135.762760898s
54,135.840456206s
62,135.913966722s
54,135.984762804s
99,136.0560427s
88,136.141656497s
95,136.207929136s
85,136.273666897s
97,136.338001243s
86,136.4087684s
141,136.470952013s
119,136.530191643s
140,136.585104317s
111,136.646808865s
152,136.723118665s
145,136.816052588s
129,136.900961259s
126,136.995253706s
166,137.09107332s
151,137.177158442s
165,137.264956417s
196,137.40525432s
134,137.527395131s
118,137.666869672s
117,137.777694577s
129,137.948231464s
136,138.073265799s
112,138.201956913s
112,138.335405512s
118,138.495085484s
155,138.656154658s
107,138.828746618s
116,139.017942342s
115,139.147805842s
116,139.266033015s
129,139.382555478s
132,139.515711484s
167,139.647105494s
108,139.760365612s
102,139.872627926s
96,140.025309268s
139,140.149121004s
172,140.256422913s
108,140.372224291s
130,140.488390421s
116,140.60052497s
129,140.740685566s
122,140.873639569s
134,141.032634193s
126,141.146954316s
198,141.244451744s
132,141.343514365s
210,141.480106789s
170,141.65571745s
179,141.780563866s
160,141.901490143s
246,142.012968798s
123,142.140676976s
184,142.266824216s
160,142.396928093s
217,142.544475945s
171,142.72524094s
216,142.869487672s
175,143.066978984s
239,143.247902169s
129,143.418913329s
147,143.653808814s
183,143.817952287s
229,143.947054118s
196,144.131162651s
149,144.302186143s
168,144.519895123s
166,144.69181218s
176,144.913126486s
245,145.095252363s
226,145.317245015s
194,145.45679287s
190,145.60407502s
196,145.801413398s
203,146.024022766s
246,146.216348153s
237,146.352972904s
298,146.527688244s
307,146.693114206s
407,146.924217862s
395,147.152130788s
301,147.365792834s
523,147.546739729s
275,147.746364382s
408,147.933252215s
339,148.182453496s
353,148.396198812s
272,148.674071096s
304,148.930780662s
216,149.321504533s
214,149.640704274s
298,150.019116217s
107,150.45901107s
117,150.830674663s
84,151.105001827s
232,151.513478379s
133,151.852984077s
86,152.207714896s
77,152.47776249s
76,152.782804057s
70,152.999638045s
95,153.214887136s
71,153.513005525s
71,153.623069745s
65,153.73780889s
91,153.832881461s
68,154.054863201s
68,154.188639393s
64,154.275306122s
72,154.356145833s
67,154.429578041s
60,154.500588056s
49,154.595189137s
87,154.669327737s
82,154.737599446s
78,154.8050082s
81,154.894697744s
92,154.964573832s
83,155.032018974s
82,155.096840834s
78,155.169262882s
84,155.242439766s
83,155.298023732s
78,155.348054249s
81,155.434937096s
124,155.518672328s
79,155.595596031s
97,155.678397678s
90,155.769894153s
88,155.856602256s
90,155.935861353s
80,156.014805156s
58,156.099684515s
113,156.184064419s
102,156.261622459s
95,156.343555158s
87,156.468081473s
105,156.56599576s
85,156.657412495s
78,156.743721524s
89,156.839955677s
136,156.91544622s
64,156.994488853s
73,157.053117503s
66,157.165550698s
67,157.271456687s
61,157.3642916s
64,157.452526928s
63,157.555999894s
77,157.6427106s
62,157.721006658s
63,157.810503175s
53,157.946788375s
71,158.016584177s
58,158.08409124s
53,158.151194903s
60,158.219257734s
85,158.281068285s
78,158.34412224s
90,158.407957063s
78,158.484833551s
88,158.550276273s
75,158.611231895s
84,158.665266713s
84,158.735996916s
108,158.794598201s
84,158.847138051s
82,158.908257284s
123,158.994159758s
84,159.0848466s
79,159.162895568s
82,159.241994138s
79,159.32977466s
90,159.406515851s
73,159.489757486s
80,159.574875551s
68,159.682850367s
74,159.770257674s
70,159.850683617s
76,159.975288843s
74,160.058989171s
88,160.139602541s
69,160.222470286s
71,160.301051686s
65,160.391311337s
75,160.470048938s
70,160.544742513s
122,160.613752365s
64,160.687700097s
73,160.759272979s
63,160.834727101s
77,160.909914623s
72,160.997970008s
63,161.069741357s
59,161.138125777s
62,161.203868732s
55,161.279248131s
100,161.403011896s
72,161.472593254s
53,161.53767748s
68,161.61040524s
97,161.689599031s
93,161.759190028s
85,161.8247418s
81,161.888754031s
85,161.949627599s
78,162.01090795s
91,162.067003212s
79,162.166500234s
82,162.241256982s
75,162.291962354s
79,162.360560183s
76,162.457970734s
94,162.553115041s
71,162.638186134s
76,162.719858285s
69,162.80489799s
84,162.888964631s
79,162.975661645s
74,163.054771155s
77,163.137579142s
63,163.214141778s
72,163.292489253s
89,163.370101969s
76,163.46452526s
84,163.538015678s
74,163.61213978s
74,163.685901951s
70,163.76706834s
104,163.847490414s
66,163.92123298s
69,163.998969926s
61,164.062830573s
78,164.146971338s
64,164.223877821s
62,164.303999692s
62,164.38456728s
70,164.46064202s
59,164.53418704s
62,164.605268006s
50,164.709299536s
58,164.778473712s
83,164.845837615s
76,164.907718095s
80,164.985775953s
92,165.051467999s
80,165.112814863s
85,165.175894554s
82,165.246239163s
92,165.310792192s
77,165.367862483s
82,165.420886865s
79,165.477589819s
88,165.561986095s
81,165.637450857s
97,165.718201982s
93,165.810008474s
97,165.89338884s
88,165.976950252s
101,166.061702796s
89,166.152335735s
148,166.230807885s
134,166.312484361s
128,166.392608942s
149,166.480804082s
120,166.584037997s
111,166.675863005s
108,166.767687159s
113,166.860759261s
111,166.961629143s
130,167.049973694s
86,167.141660326s
73,167.288969676s
79,167.426495408s
87,167.576050608s
74,167.698828782s
60,167.818805495s
73,167.931472751s
76,168.038996809s
80,168.152960796s
83,168.264646244s
89,168.400009245s
72,168.480947547s
81,168.554536472s
77,168.634520934s
87,168.72253666s
78,168.796704678s
92,168.859160917s
81,168.930813979s
78,169.009919404s
80,169.087729674s
76,169.171700093s
79,169.260863654s
104,169.334891102s
79,169.414889798s
81,169.492730898s
78,169.579108716s
90,169.669661695s
81,169.749917794s
81,169.831552711s
74,169.909785114s
81,169.991028816s
75,170.06662563s
76,170.14707176s
72,170.251264093s
80,170.332830688s
71,170.411477519s
68,170.491578671s
70,170.581258645s
86,170.663721657s
70,170.743943914s
72,170.818847376s
72,170.900378166s
77,170.982949252s
70,171.05248467s
67,171.127765552s
63,171.206126288s
70,171.279364595s
60,171.347260887s
83,171.417900529s
57,171.503183031s
82,171.576116719s
87,171.646502596s
83,171.719245198s
89,171.795917436s
135,171.867859119s
102,171.934032221s
96,171.9982733s
82,172.068186712s
99,172.145141806s
95,172.219047261s
94,172.269762981s
75,172.351651031s
83,172.440485192s
76,172.5219881s
83,172.612043608s
75,172.746200731s
84,172.857162231s
79,172.945316672s
79,173.02824062s
77,173.127707118s
97,173.223979888s
69,173.31776992s
80,173.394060176s
77,173.477179456s
81,173.558919499s
79,173.637445933s
79,173.713127819s
76,173.796919686s
83,173.877912698s
68,173.95678865s
87,174.035489602s
78,174.132294566s
80,174.205074564s
76,174.28328472s
78,174.362082208s
74,174.442707412s
108,174.523416329s
74,174.601379539s
66,174.678112875s
66,174.760911933s
77,174.843273991s
66,174.91638243s
60,174.995479932s
53,175.076134742s
85,175.153499852s
81,175.230594549s
94,175.30511247s
83,175.413315346s
85,175.489803725s
79,175.553593883s
97,175.620306421s
94,175.697781631s
96,175.765798743s
82,175.825336375s
79,175.879325431s
81,175.964436634s
93,176.051136235s
84,176.140222291s
80,176.224267038s
73,176.309649901s
84,176.390268476s
69,176.48665471s
95,176.583187236s
81,176.680330254s
79,176.765397979s
77,176.842287965s
64,176.924702931s
60,177.017648273s
117,177.103830095s
104,177.182982396s
109,177.25684113s
125,177.340290016s
112,177.42896809s
95,177.517122882s
98,177.594069342s
94,177.679590565s
104,177.744165886s
79,177.807240958s
92,177.868323207s
89,177.985249418s
87,178.091983341s
81,178.198406648s
82,178.326069271s
79,178.436983852s
91,178.533734494s
79,178.631811495s
80,178.727046721s
77,178.831056188s
81,178.915924213s
81,179.002644109s
77,179.092453264s
73,179.179547294s
82,179.262686601s
72,179.344068166s
84,179.423756782s
73,179.515279975s
77,179.597141408s
69,179.675114481s
73,179.753080485s
65,179.833951404s
94,179.916970573s
62,179.993461382s
68,180.067465594s
62,180.149695198s
82,180.232570209s
67,180.306475174s
80,180.380850942s
86,180.457461668s
96,180.52858416s
90,180.601147419s
95,180.667036269s
88,180.760284329s
73,180.825262202s
66,180.89115534s
87,180.954007618s
88,181.036210095s
110,181.104794682s
81,181.184316732s
88,181.271501312s
85,181.367292673s
100,181.464444941s
92,181.552836654s
87,181.643968687s
85,181.715044538s
97,181.78347101s
93,181.869170211s
99,181.957799216s
90,182.067883769s
91,182.152535611s
82,182.238879898s
85,182.324460089s
86,182.424455333s
151,182.518743734s
111,182.604966271s
77,182.691389977s
69,182.787594817s
80,182.896270082s
77,182.986655631s
70,183.069881061s
61,183.160911099s
68,183.244575116s
53,183.329716528s
84,183.416574997s
85,183.567340469s
98,183.680656724s
92,183.756096852s
92,183.825613493s
86,183.90574537s
96,183.98433602s
84,184.05423008s
93,184.116101819s
87,184.18388417s
99,184.243467437s
84,184.322829589s
85,184.408364998s
82,184.506984016s
96,184.600768437s
82,184.69231067s
95,184.778697601s
79,184.874389558s
85,184.961878089s
80,185.053314653s
76,185.141169681s
78,185.240120792s
107,185.325985651s
65,185.410132258s
72,185.493557129s
59,185.58960093s
74,185.686153794s
61,185.768303086s
91,185.848725724s
96,185.934015354s
98,186.016696204s
95,186.092669124s
97,186.170748603s
95,186.27769947s
91,186.346371234s
87,186.416374021s
95,186.47677559s
90,186.550451252s
105,186.61435898s
88,186.70396599s
98,186.801685252s
93,186.899529833s
103,187.002868708s
91,187.092797849s
89,187.189347002s
93,187.27962745s
100,187.369059846s
89,187.462951613s
110,187.554026796s
100,187.657467525s
105,187.749793425s
103,187.846257974s
91,187.94057997s
88,188.043040535s
160,188.135988214s
141,188.224000472s
125,188.319070618s
145,188.418879901s
148,188.53337865s
143,188.63671266s
147,188.729931043s
141,188.846346602s
166,188.938281456s
181,189.028584375s
127,189.118109796s
121,189.277958116s
135,189.423673893s
145,189.564482774s
133,189.68697742s
146,189.835935418s
130,189.984187255s
137,190.129965376s
139,190.28301844s
152,190.4400527s
140,190.626166788s
160,190.746896051s
116,190.872831323s
101,191.010653669s
101,191.153607617s
125,191.309346779s
110,191.422623879s
88,191.552376887s
99,191.692179211s
84,191.828951555s
84,191.983057044s
81,192.121934846s
104,192.283708567s
81,192.399138376s
86,192.501661925s
77,192.603140444s
95,192.739672977s
82,192.839985444s
81,192.928661759s
76,193.028306597s
83,193.113501418s
74,193.196872888s
80,193.278830512s
70,193.382751238s
76,193.467444511s
64,193.55057498s
67,193.632117516s
64,193.723456s
77,193.807283349s
60,193.887488516s
54,193.964775363s
86,194.047747139s
93,194.127832361s
95,194.202544031s
91,194.273476711s
87,194.349927598s
94,194.415160214s
88,194.482413123s
107,194.547496778s
95,194.624020109s
97,194.687804738s
87,194.739482277s
90,194.826456976s
80,194.91986002s
132,195.016129918s
124,195.106255722s
89,195.194305958s
83,195.288579804s
106,195.392556708s
113,195.492548452s
90,195.579506916s
78,195.676165735s
86,195.76561358s
79,195.855314841s
82,195.935915713s
75,196.067919475s
77,196.195571849s
73,196.282672932s
78,196.366246118s
73,196.472166855s
85,196.587047177s
67,196.677003356s
67,196.755630638s
61,196.841581698s
68,196.926524602s
55,197.003812673s
82,197.080427177s
91,197.157642774s
99,197.232526274s
94,197.309873963s
107,197.383372139s
91,197.469123046s
102,197.538475693s
94,197.60386637s
95,197.665916907s
94,197.734256107s
135,197.79118466s
85,197.872700508s
95,197.964554711s
87,198.063670187s
96,198.172377018s
91,198.265340249s
88,198.358185668s
79,198.458057747s
95,198.554752471s
82,198.648521851s
91,198.743466258s
81,198.877891788s
81,198.966133532s
85,199.058575688s
80,199.146753838s
79,199.242642249s
94,199.33560569s
75,199.422927666s
77,199.503353333s
75,199.597802078s
84,199.68633327s
75,199.772594579s
73,199.854839304s
71,199.935134832s
81,200.021402832s
72,200.100517136s
86,200.180780098s
78,200.275781028s
74,200.353879012s
79,200.428894992s
56,200.504996199s
89,200.588848652s
152,200.665634482s
146,200.738102614s
131,200.809877859s
153,200.891679183s
119,200.979952389s
106,201.062916375s
107,201.138204357s
103,201.221078215s
102,201.283684532s
86,201.338796174s
91,201.428318722s
77,201.580312016s
86,201.729801847s
84,201.858315677s
90,202.01548503s
85,202.132871047s
95,202.240378762s
80,202.346397371s
82,202.450719675s
79,202.55311322s
79,202.644501837s
76,202.730806175s
78,202.808534121s
75,202.895072047s
77,202.981435614s
71,203.070787688s
108,203.156172405s
76,203.251583859s
77,203.334278604s
75,203.414255694s
76,203.493606596s
70,203.572797197s
98,203.650362215s
47,203.727548923s
89,203.802922202s
90,203.880387488s
107,203.962071252s
103,204.059767539s
94,204.135903857s
151,204.213848767s
238,204.290573659s
188,204.3671572s
185,204.437816015s
148,204.535155554s
102,204.58529776s
95,204.672964239s
89,204.764726362s
98,204.870938679s
126,204.977103908s
111,205.070392327s
93,205.224016026s
135,205.46781429s
126,205.665913836s
102,205.835194007s
103,205.983916574s
106,206.08524871s
114,206.18220521s
104,206.269760401s
124,206.368660929s
103,206.49519939s
98,206.611110114s
90,206.706839379s
128,206.837632668s
87,206.963272052s
190,207.066974119s
103,207.169668826s
60,207.276060068s
98,207.390014769s
111,207.525513834s
118,207.632683166s
140,207.722695352s
112,207.821287765s
97,207.913184349s
79,208.040769349s
107,208.132771473s
99,208.317841962s
100,208.424183518s
84,208.482219391s
82,208.58153836s
103,208.692901643s
116,208.812458187s
95,208.952446899s
101,209.065544214s
105,209.16280681s
103,209.247875987s
104,209.349495391s
116,209.449171516s
140,209.550039634s
109,209.635772124s
98,209.717676306s
113,209.82258952s
95,209.937613697s
99,210.035653457s
91,210.134937767s
98,210.240545973s
101,210.344408318s
140,210.449796895s
96,210.568106928s
99,210.706849695s
130,210.816260572s
103,210.931295005s
83,211.028619513s
85,211.124146305s
74,211.223546425s
88,211.316452092s
76,211.418336533s
76,211.516720493s
71,211.655483069s
72,211.754526362s
65,211.851768963s
96,211.982524243s
112,212.085835638s
112,212.171548256s
90,212.255348346s
102,212.329671924s
109,212.418129572s
103,212.500000565s
107,212.57124291s
113,212.643468755s
104,212.716258806s
121,212.783361712s
101,212.878747869s
120,212.99199164s
122,213.103386806s
116,213.197212372s
183,213.296774712s
108,213.406244736s
102,213.5088318s
194,213.618086238s
176,213.731929146s
151,213.836677524s
182,213.95674825s
147,214.076800994s
138,214.191360568s
144,214.307513133s
177,214.431245448s
134,214.605701538s
132,214.712378094s
90,214.819233858s
85,215.010761786s
80,215.189425889s
118,215.350791694s
178,215.516150616s
107,215.662633218s
113,215.802443153s
85,215.949853663s
95,216.122931278s
97,216.257137387s
97,216.394475194s
92,216.480977374s
97,216.565694086s
91,216.645174783s
101,216.764807408s
87,216.942456996s
109,217.049999272s
100,217.163486201s
100,217.251552095s
97,217.344893037s
95,217.442420631s
88,217.540251989s
121,217.634274466s
91,217.730436308s
102,217.822483188s
98,217.923580338s
104,218.022907327s
97,218.120256029s
94,218.221642626s
83,218.320934519s
117,218.419585809s
92,218.514398366s
91,218.602872057s
88,218.723769369s
94,218.817834418s
86,218.917658225s
92,219.015939074s
81,219.120632185s
105,219.218874281s
76,219.311974721s
81,219.396263232s
78,219.513362498s
86,219.612540949s
63,219.697432727s
93,219.788872363s
102,219.880569912s
110,219.968640123s
113,220.059518657s
122,220.141202291s
111,220.247028057s
103,220.326354133s
110,220.405846737s
94,220.485566008s
102,220.570665205s
176,220.636078692s
128,220.727932016s
94,220.830316897s
87,220.939971356s
112,221.078507774s
106,221.187558426s
95,221.287826312s
93,221.390731362s
94,221.502745934s
88,221.596794557s
101,221.699605414s
83,221.875846374s
90,222.006889275s
83,222.098558813s
87,222.186335351s
89,222.298320955s
98,222.405966721s
78,222.500385405s
86,222.594410883s
79,222.689164374s
83,222.783111734s
74,222.878818225s
78,222.962736058s
76,223.053461843s
89,223.138124948s
71,223.224458018s
81,223.314717778s
62,223.41159003s
105,223.493303731s
116,223.577194072s
113,223.656704152s
114,223.740349673s
145,223.816141651s
109,223.893568964s
150,223.970648214s
102,224.059112802s
123,224.147150519s
115,224.212516385s
99,224.275025558s
108,224.379577785s
114,224.50035144s
105,224.610328776s
107,224.725675305s
98,224.870550509s
107,224.99013782s
93,225.130392195s
98,225.233962397s
98,225.356354105s
122,225.473279591s
85,225.571712192s
96,225.680942167s
86,225.794081705s
98,225.909570328s
95,226.006761566s
83,226.106650428s
88,226.21283386s
97,226.307500364s
86,226.40479604s
88,226.505496603s
78,226.625451201s
112,226.715028454s
112,226.806531482s
107,226.894663485s
102,226.992325707s
129,227.089340097s
133,227.172534671s
132,227.261437478s
136,227.357187076s
134,227.458611734s
145,227.542479717s
146,227.617936987s
109,227.736859129s
107,227.836235337s
113,227.942594674s
112,228.04553324s
93,228.174822966s
110,228.311983455s
98,228.441615719s
98,228.578643956s
94,228.713002544s
111,228.871563345s
92,229.005646774s
103,229.11571919s
92,229.222368051s
102,229.342759991s
84,229.44855855s
93,229.543043591s
87,229.653647457s
88,229.753799337s
81,229.850881356s
86,229.945910727s
93,230.057769916s
90,230.152741424s
79,230.25373524s
83,230.346199492s
78,230.448159201s
106,230.533065038s
69,230.625211121s
71,230.712573399s
62,230.801209982s
119,230.895059396s
116,230.969508425s
108,231.064036694s
99,231.153613609s
112,231.235165956s
119,231.31675381s
123,231.395773428s
104,231.501575568s
106,231.573671076s
104,231.643182116s
97,231.706315388s
103,231.829857451s
124,231.943020119s
168,232.051287107s
111,232.15371621s
102,232.264147288s
111,232.389624999s
106,232.506736168s
98,232.611196011s
158,232.717566413s
107,232.824040413s
103,232.92041152s
130,233.024081674s
115,233.148585409s
94,233.323722148s
92,233.428807366s
183,233.533871658s
95,233.643897012s
178,233.751979686s
132,233.848929112s
143,234.007716534s
185,234.11461753s
117,234.251466941s
108,234.360665213s
100,234.464084639s
90,234.558255035s
89,234.652345271s
146,234.834688015s
96,234.930977038s
91,235.108398204s
98,235.24633543s
87,235.383539485s
87,235.57142311s
74,235.68728629s
122,235.795944098s
103,235.89598325s
75,235.986444082s
63,236.075315042s
122,236.229223971s
111,236.319709936s
111,236.415258266s
108,236.510219286s
125,236.600784681s
104,236.686462575s
118,236.761135834s
96,236.888845096s
99,236.989325613s
102,237.062850727s
114,237.126699565s
115,237.247973773s
139,237.364741475s
186,237.471903348s
107,237.580084256s
92,237.705033988s
107,237.822870007s
101,237.928054753s
95,238.025492552s
98,238.124281893s
102,238.22869383s
93,238.342100515s
102,238.458504987s
94,238.597040282s
93,238.790568179s
90,238.891198188s
92,238.984338393s
86,239.092008148s
117,239.195021488s
136,239.289125773s
81,239.388708146s
82,239.490666864s
91,239.592253094s
89,239.686087152s
72,239.781834124s
71,239.876377518s
72,239.968867187s
115,240.057098734s
144,240.146515667s
136,240.26114633s
127,240.400513047s
130,240.479262547s
149,240.562248318s
127,240.653852094s
202,240.74329236s
170,240.815591517s
265,240.88749507s
191,240.95989127s
202,241.113721355s
176,241.248535459s
166,241.372593743s
193,241.500807523s
190,241.646135698s
204,241.776656578s
152,241.904710181s
147,242.102895701s
219,242.276244435s
202,242.559654678s
211,242.731891639s
157,242.933603854s
169,243.109745177s
158,243.285297037s
187,243.477280469s
199,243.662829119s
194,243.869536331s
199,244.015293088s
146,244.16929553s
143,244.393486091s
140,244.629884488s
235,244.803679952s
279,244.962925618s
153,245.13542219s
141,245.305668871s
127,245.476573639s
132,245.679279499s
191,245.865103064s
236,246.066203997s
200,246.206263334s
249,246.356052442s
192,246.529620741s
244,246.752729844s
246,247.026472136s
177,247.166574265s
168,247.311257301s
306,247.430798666s
191,247.576105524s
215,247.761922506s
161,248.004794174s
250,248.201811575s
126,248.457306496s
127,248.640009769s
125,248.950533016s
219,249.117525333s
131,249.295579729s
106,249.463410118s
107,249.772188453s
104,249.967432894s
97,250.177844841s
98,250.339759542s
99,250.589582752s
107,250.717695593s
95,250.845287376s
105,250.971037153s
99,251.189980939s
98,251.324674414s
90,251.427739548s
81,251.535587362s
80,251.639179529s
115,251.737463149s
93,251.834982275s
82,251.934800067s
69,252.042212729s
81,252.153838652s
113,252.251208277s
111,252.342280987s
102,252.440315468s
121,252.531390095s
100,252.611881588s
144,252.692230549s
148,252.807166953s
95,252.903885206s
123,252.983956053s
111,253.053990438s
109,253.134944493s
112,253.249526848s
120,253.359511071s
110,253.465938547s
110,253.583467205s
119,253.689180195s
108,253.838502131s
94,253.979114486s
137,254.072287878s
113,254.197334982s
98,254.307204762s
127,254.417739188s
93,254.530078124s
150,254.655092866s
99,254.761826272s
90,254.872233845s
120,254.991276071s
115,255.101372451s
83,255.195143929s
84,255.332833218s
78,255.445723831s
88,255.555038079s
74,255.671560688s
67,255.767251272s
72,255.915667901s
115,256.016630313s
111,256.106451868s
115,256.227256693s
118,256.342683533s
113,256.428786603s
107,256.51102256s
110,256.589456719s
108,256.67720919s
120,256.753197544s
106,256.820176277s
108,256.893490648s
114,257.00841576s
105,257.125414969s
106,257.235410974s
93,257.353760196s
101,257.466701311s
108,257.5754674s
97,257.685165533s
121,257.793472599s
113,257.914238431s
117,258.023205998s
105,258.129449999s
135,258.244549769s
97,258.349871718s
141,258.457370428s
133,258.550765897s
125,258.652052114s
132,258.759967804s
109,258.875921169s
108,258.993076804s
101,259.104085664s
108,259.218165858s
101,259.32511117s
85,259.451541865s
95,259.548513544s
80,259.689888965s
87,259.826343595s
78,259.949562796s
71,260.082866288s
72,260.191653881s
86,260.301194367s
102,260.40193979s
116,260.51094254s
100,260.612517157s
118,260.703559075s
97,260.792783829s
100,260.874127373s
110,260.961126206s
110,261.040774766s
103,261.111353085s
118,261.184089747s
101,261.270111942s
108,261.374708606s
102,261.488381888s
114,261.591967458s
101,261.707487715s
132,261.806377907s
99,261.906944234s
109,262.016457635s
102,262.126549067s
116,262.241521387s
105,262.348494324s
100,262.450211427s
101,262.558055379s
104,262.662344328s
99,262.775518436s
100,262.877507043s
96,263.009317507s
99,263.111432907s
109,263.218381822s
107,263.320751372s
99,263.437271495s
114,263.543933879s
88,263.643838641s
91,263.74577737s
88,263.849109782s
88,263.955761729s
73,264.049220723s
63,264.146424507s
210,264.245991608s
177,264.356966152s
140,264.463048847s
162,264.562527734s
149,264.676343273s
129,264.768114023s
173,264.856577274s
189,264.94521325s
173,265.033545927s
324,265.108908721s
180,265.171306143s
158,265.381416581s
142,265.561161749s
146,265.722350826s
160,265.873222291s
139,266.014220023s
144,266.142268969s
137,266.316489587s
134,266.508031768s
127,266.682891061s
136,267.004457461s
136,267.189401437s
135,267.34452902s
181,267.488128925s
109,267.634317349s
132,267.795766778s
140,267.934979233s
119,268.079876237s
99,268.216882122s
118,268.358636302s
92,268.479077617s
97,268.616195407s
139,268.752441089s
140,268.898903728s
145,269.068888209s
128,269.178073571s
121,269.310643442s
189,269.455479736s
119,269.57148171s
117,269.671745808s
143,269.791505802s
148,269.88515848s
98,269.981566602s
125,270.122503693s
99,270.26058723s
126,270.419733098s
104,270.533908219s
100,270.655496145s
98,270.844784206s
105,270.964834183s
153,271.081458308s
114,271.225246962s
95,271.373707372s
98,271.477933852s
98,271.597758435s
101,271.698120905s
95,271.824027702s
120,271.929277833s
85,272.028946316s
91,272.127959322s
96,272.232632962s
97,272.394923083s
79,272.501797193s
112,272.599856647s
118,272.696109637s
127,272.796066286s
125,272.8961744s
147,272.991663201s
190,273.111329327s
135,273.19989854s
135,273.288926991s
148,273.387113021s
125,273.482576253s
200,273.56374463s
248,273.675121064s
182,273.794133405s
186,273.921229515s
200,274.074879994s
150,274.218691711s
151,274.405912653s
164,274.538307711s
199,274.684616059s
179,274.817854921s
134,274.946884467s
97,275.145913099s
120,275.396260566s
127,275.584923955s
122,275.750178453s
105,275.949710793s
121,276.100996435s
110,276.251011595s
110,276.416764803s
116,276.617730438s
118,276.800870873s
113,276.930763083s
117,277.028222009s
110,277.148674343s
112,277.277611184s
96,277.399022753s
120,277.504205528s
119,277.625293608s
111,277.738435064s
106,277.846703196s
106,277.963821888s
121,278.082193191s
134,278.196731331s
101,278.314025565s
185,278.424371504s
103,278.536329289s
110,278.64386019s
106,278.753069807s
95,278.872946731s
101,278.984818907s
106,279.093173189s
101,279.19908818s
107,279.320520513s
97,279.454914036s
99,279.558434539s
95,279.742448179s
88,279.845292799s
96,279.955821571s
105,280.064003116s
74,280.158577169s
82,280.260796461s
73,280.366387369s
108,280.47340257s
113,280.575080003s
122,280.675573526s
113,280.773063369s
116,280.869917483s
113,280.958046143s
131,281.054416526s
132,281.159705997s
117,281.236981006s
109,281.316724829s
107,281.391184274s
113,281.499229433s
170,281.614460988s
136,281.734985772s
111,281.848910278s
107,281.964429847s
124,282.09342529s
115,282.216533183s
118,282.341134787s
103,282.458558707s
109,282.569604713s
106,282.675944569s
109,282.789754705s
140,282.960494412s
105,283.100100342s
98,283.208518446s
99,283.316132053s
91,283.43948342s
117,283.557109317s
99,283.672891754s
76,283.776222645s
92,283.884977371s
102,283.998122129s
93,284.102713966s
95,284.243939745s
88,284.348442381s
98,284.447968563s
77,284.54704464s
113,284.639329661s
108,284.756407722s
197,284.859142032s
127,284.932996492s
114,285.025868149s
118,285.127598131s
154,285.222414731s
106,285.316477711s
121,285.408020353s
121,285.503598388s
145,285.598829542s
124,285.69511621s
121,285.804850292s
115,286.003942223s
127,286.131177s
103,286.24400395s
178,286.363827461s
110,286.517717386s
114,286.625886123s
107,286.746494619s
101,286.867155077s
109,287.012567083s
122,287.138773126s
99,287.259278589s
107,287.375593713s
105,287.502122279s
111,287.615706689s
94,287.784992515s
97,287.89575506s
104,288.009411632s
99,288.118442124s
92,288.21841101s
116,288.330292934s
96,288.449968746s
142,288.554321117s
225,288.657111699s
119,288.762988459s
129,288.875706716s
195,288.971320555s
196,289.067975118s
176,289.171805923s
168,289.270495394s
141,289.39264613s
189,289.501608249s
139,289.592347713s
130,289.73646177s
120,289.945226221s
111,290.063511188s
118,290.193238127s
111,290.387906436s
110,290.586870435s
113,290.76127753s
113,290.932126791s
123,291.070950587s
118,291.26159631s
105,291.400524825s
102,291.531405882s
98,291.651771995s
102,291.768751261s
99,291.881650912s
98,291.993690149s
96,292.104117468s
101,292.218461807s
97,292.330762851s
97,292.455913237s
80,292.57258005s
85,292.68069418s
76,292.78082516s
120,292.880019264s
124,292.981913638s
144,293.082306469s
208,293.179113328s
128,293.27642253s
115,293.377160606s
132,293.484658679s
124,293.57121268s
127,293.652149424s
117,293.73726867s
132,293.817542024s
121,293.93464676s
121,294.059574308s
115,294.203410184s
138,294.414171147s
116,294.540137749s
124,294.65674762s
174,294.788866259s
136,294.914148074s
147,295.040814691s
155,295.159415988s
113,295.291715353s
133,295.418800285s
115,295.535010993s
116,295.651164263s
157,295.789313992s
135,295.907466509s
114,296.031318805s
141,296.206207371s
120,296.341485482s
111,296.491369201s
107,296.646491317s
109,296.763503409s
104,296.892954501s
188,297.009648944s
130,297.125349467s
96,297.283094955s
120,297.416871484s
111,297.56201863s
103,297.687018941s
94,297.793296393s
82,297.904585345s
88,298.01295847s
86,298.121951982s
78,298.226644502s
123,298.414350207s
131,298.547113179s
114,298.641701707s
126,298.762851159s
117,298.874369391s
140,298.979048549s
124,299.072874955s
115,299.156361406s
120,299.244551627s
138,299.336761294s
128,299.410139941s
119,299.533918398s
136,299.665675245s
124,299.78137961s
119,299.906763852s
140,300.025311005s
119,300.164657219s
121,300.292174787s
118,300.40506245s
122,300.52812427s
119,300.664375035s
234,300.793637321s
102,300.912233477s
115,301.049878911s
102,301.17364299s
121,301.310057751s
112,301.433741265s
103,301.553407964s
106,301.674417095s
111,301.794762089s
95,301.91663191s
117,302.036185945s
92,302.269942349s
108,302.37501067s
119,302.488132024s
125,302.591234469s
96,302.712134568s
111,302.8263497s
77,302.92797608s
86,303.034948469s
74,303.145687443s
137,303.252365613s
134,303.358766427s
131,303.453836168s
117,303.559812705s
130,303.682458038s
133,303.804828312s
154,303.901336527s
145,304.011685348s
154,304.09245029s
156,304.17607855s
135,304.251686s
134,304.388496117s
223,304.52468909s
200,304.65476927s
191,304.77295329s
203,304.902696608s
204,305.064454617s
176,305.214483968s
194,305.35466047s
164,305.519277109s
191,305.666346823s
210,305.798222673s
172,305.934458472s
247,306.155159872s
178,306.353928304s
205,306.565262659s
172,306.746382988s
162,306.949813931s
188,307.129832222s
152,307.319998031s
156,307.489103482s
154,307.679168969s
178,307.89701362s
122,308.062089021s
106,308.314125026s
103,308.491810141s
142,308.692524391s
178,308.873283305s
135,309.052518932s
121,309.210057s
181,309.365611381s
153,309.517712716s
131,309.672939064s
119,309.852007373s
148,309.975222894s
120,310.080830746s
151,310.183659183s
124,310.325541049s
134,310.516088284s
134,310.638544181s
131,310.761049464s
129,310.942661029s
132,311.097592267s
126,311.228178871s
130,311.348522647s
124,311.496789218s
120,311.619729878s
119,311.768769206s
124,311.893974737s
121,312.027520034s
132,312.163485663s
121,312.294075553s
124,312.423829433s
120,312.556790513s
139,312.688702047s
116,312.814174565s
115,312.938954208s
114,313.059602723s
122,313.180361039s
113,313.303271645s
132,313.425313809s
122,313.557379128s
119,313.681775843s
108,313.803899126s
111,313.924605555s
172,314.063677344s
144,314.181724549s
132,314.296675889s
106,314.411906978s
98,314.533975469s
113,314.66368766s
125,314.787995029s
105,314.902908748s
95,315.022318231s
101,315.131850361s
93,315.241486231s
98,315.414854417s
80,315.558509227s
128,315.693354469s
127,315.797886191s
126,315.897027437s
105,316.009684389s
134,316.136236656s
121,316.241041871s
146,316.336799557s
122,316.43763442s
138,316.535998646s
123,316.628978628s
123,316.709503489s
120,316.83745822s
124,316.966664791s
114,317.091591484s
136,317.197819748s
112,317.331891356s
127,317.455599708s
127,317.599609968s
123,317.722831714s
117,317.861014422s
145,317.986157302s
114,318.108400404s
122,318.229541815s
112,318.352921998s
125,318.479234685s
130,318.60363395s
112,318.716421605s
111,318.843514836s
120,318.972790491s
112,319.095269345s
116,319.213307023s
101,319.358753459s
113,319.475199549s
103,319.595546394s
112,319.708447509s
106,319.833827706s
125,319.96549955s
94,320.077027635s
94,320.188553962s
92,320.308576802s
88,320.427345934s
123,320.538136129s
139,320.640041834s
119,320.753329552s
138,320.857459169s
134,320.969197347s
145,321.07587131s
204,321.201443184s
143,321.298754275s
136,321.390873333s
135,321.484232855s
128,321.572377057s
186,321.697321677s
174,321.835182318s
154,321.955096425s
155,322.093381537s
140,322.249730632s
138,322.390361262s
131,322.588057075s
127,322.731096945s
148,322.865879241s
117,322.992009157s
166,323.120580644s
131,323.306681594s
129,323.483348885s
110,323.635403954s
110,323.791348448s
114,323.931264519s
191,324.070978759s
140,324.202317136s
114,324.329849526s
99,324.478395606s
152,324.601679238s
106,324.762537579s
112,324.89465536s
105,325.024683497s
126,325.136080967s
104,325.245776579s
102,325.360574641s
84,325.553162799s
93,325.694477527s
114,325.806009106s
128,325.90557999s
180,326.05787371s
182,326.165691338s
131,326.277102831s
129,326.404554867s
130,326.527929481s
142,326.646718962s
133,326.737249124s
133,326.822674392s
128,326.916810112s
138,327.031781288s
110,327.159303471s
148,327.340116203s
125,327.523168465s
131,327.657153836s
125,327.783616399s
202,327.914388629s
129,328.056743798s
138,328.191214363s
131,328.323823144s
125,328.452344626s
118,328.58950954s
125,328.706194534s
131,328.849232359s
128,328.976007791s
125,329.106331744s
128,329.232894149s
112,329.436632678s
151,329.564750699s
130,329.703207714s
121,329.837161781s
114,329.962386604s
121,330.079890713s
106,330.205170061s
188,330.338639803s
153,330.466064994s
112,330.592063688s
99,330.720331988s
114,330.862069304s
110,330.998044335s
98,331.11516503s
90,331.236923398s
133,331.352652718s
129,331.473068908s
141,331.579915231s
136,331.768400624s
129,331.924248549s
132,332.03471534s
124,332.134306325s
125,332.248573282s
187,332.359531119s
132,332.457253602s
127,332.548057021s
111,332.681164424s
138,332.819274574s
127,332.953007258s
121,333.089970542s
126,333.21890406s
127,333.356189318s
110,333.476536581s
129,333.602310722s
110,333.788784746s
111,333.923900958s
100,334.049285991s
99,334.161420127s
119,334.299775434s
174,334.428886979s
135,334.549814544s
136,334.676574003s
139,334.803290634s
139,334.929614666s
142,335.043090829s
139,335.153647993s
126,335.264920346s
139,335.366467057s
125,335.465225955s
138,335.585443829s
132,335.759520349s
141,335.89791971s
133,336.031460814s
138,336.172141735s
132,336.311382914s
162,336.454493302s
122,336.592967198s
134,336.722489705s
137,336.859217158s
143,336.994209714s
135,337.12397947s
134,337.256738784s
139,337.3981983s
145,337.532188816s
124,337.669998041s
163,337.802435565s
145,337.964362806s
140,338.090732136s
139,338.221535202s
126,338.35991483s
126,338.503149364s
210,338.6396395s
190,338.77324852s
176,338.913081893s
180,339.057512045s
153,339.213910711s
145,339.366592043s
178,339.507303831s
181,339.656633395s
195,339.786121719s
196,339.914208952s
149,340.038857346s
152,340.251157543s
144,340.444154858s
156,340.630540276s
141,340.784502594s
130,340.937592833s
142,341.08429601s
134,341.262099995s
123,341.44411833s
125,341.639555647s
139,341.841386284s
132,341.985890845s
127,342.13881047s
128,342.283815033s
99,342.440994112s
132,342.582314505s
136,342.712664065s
121,342.855024246s
128,342.991953589s
121,343.112604573s
118,343.238579063s
119,343.377549046s
141,343.510613561s
123,343.637337754s
128,343.766665797s
116,343.866224317s
135,344.009619391s
123,344.134908401s
116,344.257270635s
114,344.385597269s
118,344.507776283s
105,344.624831546s
117,344.746602984s
101,344.887140495s
106,345.013248798s
102,345.139078363s
88,345.256288678s
81,345.392207934s
159,345.516238295s
134,345.631568466s
131,345.746300333s
140,345.865060033s
149,345.976324503s
143,346.087281933s
140,346.189765949s
141,346.295328597s
148,346.398891894s
132,346.486340154s
153,346.568693203s
141,346.727899624s
139,346.865046413s
126,346.993506205s
126,347.134880075s
156,347.284153273s
202,347.428496454s
148,347.568350349s
131,347.710643028s
124,347.858336116s
140,348.009602518s
140,348.151936699s
127,348.286278334s
121,348.424739417s
125,348.55250883s
127,348.678579113s
120,348.835917783s
122,349.037726359s
118,349.189217936s
110,349.317648957s
109,349.442292563s
95,349.583110099s
123,349.724589102s
1462,349.850824526s
91,349.973132147s
46,350.098201366s
27,350.230429519s
21,350.346141135s
707,350.468802991s
146,350.586898138s
21,350.699024107s
45,350.807847468s
