6908,0ns
62,55s
65,55.289860643s
65,55.349641496s
59,55.417249894s
82,55.473133366s
60,55.534172542s
98,55.599688199s
49,55.652524843s
62,55.705618394s
59,55.77424834s
70,55.832146092s
60,55.899080752s
68,55.957312626s
69,56.022207093s
77,56.106520974s
56,56.164209515s
65,56.224947326s
69,56.321520913s
68,56.378482602s
64,56.438109907s
81,56.496057645s
62,56.564803056s
111,56.635148174s
71,56.701786133s
66,56.779961275s
62,56.851679935s
60,56.914340507s
53,56.984283385s
44,57.047601362s
44,57.116341466s
57,57.202214417s
35,57.262207558s
44,57.324508835s
46,57.436883033s
45,57.501882442s
40,57.567656035s
48,57.627892922s
37,57.689506033s
71,57.735965765s
33,57.781987486s
42,57.825943947s
48,57.880740474s
54,57.918357244s
40,57.970662516s
45,58.010031024s
50,58.056406163s
56,58.098578519s
39,58.143472619s
45,58.184548888s
57,58.251068684s
55,58.287006099s
43,58.336620622s
58,58.378976673s
46,58.430871086s
93,58.475789003s
66,58.521274631s
55,58.567139717s
59,58.623449017s
63,58.66473472s
59,58.721551908s
62,58.770830655s
52,58.822153737s
68,58.875620685s
40,58.929138484s
42,58.97763275s
46,59.066998256s
50,59.13332007s
35,59.19388594s
40,59.245989486s
37,59.309383496s
58,59.371563089s
31,59.430575708s
39,59.485581323s
34,59.551453689s
46,59.592185083s
37,59.643459174s
37,59.681367347s
34,59.73186784s
42,59.769962308s
28,59.808549263s
34,59.846873139s
40,59.903507171s
42,59.936605974s
33,59.97769418s
42,60.010617431s
33,60.060087508s
78,60.095305194s
39,60.132914691s
33,60.166122557s
35,60.208017034s
39,60.237225605s
39,60.280799969s
35,60.314006479s
34,60.357372777s
40,60.395095093s
33,60.432550515s
36,60.465046426s
38,60.54186923s
41,60.581543559s
35,60.618324019s
41,60.650234697s
36,60.690262824s
57,60.731282434s
29,60.766815685s
36,60.80014025s
33,60.843696626s
44,60.875348936s
34,60.917389714s
38,60.952727708s
37,60.993913306s
42,61.031079011s
34,61.071057114s
38,61.105616036s
45,61.161454529s
52,61.192268927s
38,61.230394224s
49,61.262133379s
50,61.305260114s
86,61.34197894s
67,61.379895261s
58,61.416107498s
56,61.460727727s
78,61.493875919s
57,61.542492762s
54,61.587340097s
55,61.633600168s
76,61.682019045s
56,61.734592377s
63,61.775836089s
60,61.858586421s
58,61.928162135s
56,61.986070068s
63,62.040131724s
49,62.119564639s
83,62.177598095s
39,62.233694441s
39,62.289509211s
40,62.36438997s
58,62.426298982s
34,62.485574225s
35,62.540762591s
34,62.59934942s
36,62.661349366s
32,62.718990338s
35,62.770629193s
40,62.852367321s
39,62.893751385s
34,62.932759117s
40,62.970536487s
29,63.028474911s
66,63.064949139s
27,63.099759965s
33,63.132950049s
30,63.17061608s
48,63.203450108s
34,63.248208921s
36,63.278284622s
36,63.322304856s
42,63.359024082s
34,63.393686783s
37,63.423528063s
44,63.489631459s
38,63.518297804s
36,63.553697613s
42,63.583235187s
37,63.630965232s
58,63.668277197s
30,63.704898576s
37,63.739719217s
35,63.781454033s
47,63.81744239s
39,63.861159958s
40,63.897098266s
38,63.936046799s
50,63.977351214s
34,64.018695406s
38,64.054622177s
54,64.111723413s
43,64.143487841s
44,64.182011324s
54,64.215766174s
36,64.261908614s
86,64.307082351s
74,64.343001261s
58,64.381196788s
50,64.431957199s
47,64.468314293s
49,64.524443179s
42,64.561737219s
42,64.609862108s
44,64.661104655s
32,64.702886312s
35,64.742863788s
35,64.82642513s
39,64.903689791s
36,64.959105389s
37,65.009867192s
31,65.06016784s
54,65.108540187s
29,65.14728606s
37,65.192520732s
34,65.235141667s
48,65.267985494s
43,65.306845373s
39,65.339888363s
39,65.377257402s
51,65.416697054s
34,65.451392473s
39,65.483364371s
53,65.536932432s
44,65.567522467s
41,65.606516119s
45,65.641096332s
40,65.690887439s
83,65.731718199s
30,65.775169494s
37,65.810680839s
34,65.863041539s
54,65.898898189s
44,65.952714076s
41,65.993573696s
41,66.037809955s
52,66.086086188s
33,66.126166631s
41,66.162980106s
40,66.246492028s
45,66.277629268s
40,66.316352332s
43,66.350043343s
40,66.406990593s
65,66.449168221s
32,66.494289024s
38,66.531064022s
37,66.583624061s
51,66.623409381s
44,66.665292841s
43,66.701326436s
40,66.748438494s
72,66.792476383s
56,66.82948556s
59,66.872404225s
78,66.935222326s
79,66.96871742s
81,67.008693949s
77,67.044357512s
64,67.097182803s
124,67.146374837s
80,67.186922873s
77,67.228992714s
84,67.303204157s
91,67.360309246s
74,67.440671077s
71,67.507705506s
72,67.583175353s
105,67.677855361s
79,67.746541109s
75,67.80843939s
86,67.931053333s
74,68.009648434s
68,68.086639383s
72,68.17900768s
59,68.262218533s
81,68.335045277s
69,68.407056427s
72,68.482559757s
60,68.596477922s
74,68.662563782s
82,68.745408954s
61,68.844917338s
76,68.931368227s
78,69.16560548s
66,69.325454704s
118,69.406570666s
98,69.484159645s
60,69.561340996s
93,69.635385926s
86,69.692610056s
50,69.797405444s
74,69.890770424s
43,69.959220034s
71,70.041371018s
60,70.128918995s
59,70.190857818s
41,70.348021788s
49,70.426170714s
42,70.503901431s
50,70.595612425s
41,70.673059214s
48,70.735333639s
80,70.829125048s
73,70.878708664s
57,70.964925138s
42,71.018547978s
37,71.077923913s
70,71.132420503s
34,71.18235748s
31,71.232525425s
36,71.282954172s
38,71.33645599s
33,71.393300173s
33,71.467614084s
33,71.546323524s
40,71.606858693s
33,71.645317853s
32,71.691711076s
45,71.761450223s
42,71.792778218s
41,71.826500941s
40,71.860890875s
36,71.899183026s
79,71.933497537s
47,71.967197638s
54,72.000026806s
36,72.041524724s
47,72.074577718s
42,72.120463015s
43,72.157133504s
35,72.201898511s
39,72.242234816s
31,72.279319894s
32,72.316576231s
35,72.393236818s
37,72.441003656s
32,72.498774655s
37,72.532227355s
35,72.580274661s
56,72.624565311s
104,72.667082281s
51,72.70158778s
43,72.741634905s
46,72.773520744s
36,72.81014349s
36,72.839938425s
36,72.877348885s
43,72.912681556s
34,72.948806755s
36,72.983595481s
46,73.055820272s
39,73.14835928s
37,73.201384035s
42,73.241736089s
36,73.286068778s
75,73.324886711s
36,73.361277588s
40,73.396562024s
32,73.440301949s
43,73.474884052s
33,73.523373301s
29,73.55709618s
30,73.596753159s
60,73.640576557s
33,73.677313545s
52,73.721944425s
40,73.785825976s
68,73.822692896s
56,73.865173352s
38,73.894545965s
35,73.938203319s
57,73.971178946s
39,74.001738412s
52,74.03144201s
35,74.092516127s
41,74.142181705s
34,74.184230021s
33,74.218582878s
34,74.287316076s
42,74.343932296s
33,74.383842227s
38,74.418733821s
51,74.476634583s
50,74.522889947s
46,74.570956803s
44,74.603386899s
69,74.644556758s
162,74.678996907s
89,74.714276597s
108,74.74708921s
75,74.789796145s
91,74.823135273s
93,74.8741769s
86,74.924291118s
82,74.972601272s
60,75.016888751s
52,75.064163793s
52,75.138981162s
64,75.290631515s
46,75.388854666s
38,75.489587119s
34,75.561513562s
32,75.657188709s
43,75.751852843s
28,75.83392734s
29,75.914489661s
30,75.97769495s
36,76.028909016s
30,76.08871691s
30,76.145576706s
29,76.192693738s
38,76.22983459s
30,76.265060498s
30,76.29647484s
43,76.339790627s
35,76.368271036s
31,76.400701381s
33,76.428682224s
32,76.465107393s
62,76.494936718s
29,76.526365218s
30,76.554857025s
32,76.593107524s
44,76.623492122s
36,76.664693618s
31,76.697595743s
33,76.733404602s
41,76.764450679s
32,76.798270762s
33,76.829915353s
37,76.892510604s
36,76.921971531s
34,76.954428587s
33,76.984432554s
34,77.02913227s
57,77.065599832s
32,77.099003692s
32,77.131897744s
35,77.173455031s
40,77.205397497s
35,77.244359388s
34,77.276935234s
34,77.313969898s
44,77.348427764s
34,77.383484055s
76,77.417221774s
60,77.475233988s
50,77.507084452s
64,77.542658282s
50,77.575149872s
48,77.615700268s
96,77.650717225s
61,77.686278149s
63,77.720035941s
102,77.76484834s
76,77.800172682s
50,77.897481141s
43,77.944229363s
35,78.000084676s
38,78.05270568s
33,78.105464652s
32,78.150930224s
37,78.247498836s
36,78.309114249s
32,78.374207463s
35,78.490737239s
33,78.552478204s
53,78.604436751s
31,78.647178702s
33,78.681203663s
56,78.719653202s
76,78.752949864s
68,78.791590241s
51,78.82316674s
39,78.860404906s
47,78.892370981s
33,78.929279815s
34,78.961627906s
45,79.015548383s
39,79.046218252s
34,79.083408722s
34,79.141537885s
34,79.214829916s
70,79.284043473s
30,79.336620057s
31,79.373413361s
34,79.421248831s
46,79.454150754s
36,79.501369951s
34,79.534019947s
35,79.57423611s
42,79.608660153s
31,79.644782837s
35,79.678303539s
41,79.74877854s
40,79.778786993s
38,79.813273123s
36,79.84567158s
37,79.892288472s
55,79.929002224s
34,79.965860713s
58,80.000409293s
41,80.042648847s
53,80.074386934s
42,80.116580935s
48,80.151197478s
49,80.19172136s
54,80.230377722s
38,80.268143224s
38,80.30507636s
74,80.361334747s
48,80.394669871s
50,80.457075963s
42,80.498123153s
42,80.549287841s
95,80.592066067s
80,80.644756842s
79,80.691943578s
63,80.744648428s
73,80.781591333s
68,80.85742999s
73,80.902456592s
87,80.958611942s
79,80.9987212s
63,81.042171036s
74,81.085305852s
81,81.189391212s
81,81.259806603s
90,81.341878225s
73,81.401386643s
61,81.474274961s
72,81.544920921s
62,81.618799273s
61,81.704119643s
95,81.784569465s
64,81.849220221s
53,81.926893398s
55,82.005984612s
72,82.105690108s
70,82.178523162s
58,82.250581082s
54,82.309793244s
69,82.384479519s
68,82.444923595s
61,82.514976108s
57,82.603587619s
62,82.66732003s
97,82.722640075s
68,82.776643164s
69,82.849507737s
71,82.921373478s
82,82.977652714s
81,83.043929873s
72,83.111338818s
74,83.175858784s
110,83.233613695s
62,83.292020902s
64,83.35346912s
69,83.450835974s
90,83.519740373s
99,83.592451053s
50,83.661295263s
46,83.746308295s
61,83.823758769s
81,83.898458061s
49,83.998544067s
36,84.075881701s
38,84.13755504s
35,84.206883755s
35,84.27149726s
37,84.36238871s
42,84.461405201s
35,84.513333391s
34,84.559094436s
49,84.620736503s
48,84.702529583s
38,84.754493935s
36,84.787429016s
36,84.826720358s
71,84.861533738s
49,84.898300122s
46,84.934264264s
37,84.977417654s
49,85.012333982s
45,85.061161266s
41,85.104215109s
36,85.144911665s
41,85.18255718s
33,85.220794662s
35,85.2555855s
39,85.32702517s
37,85.376114027s
33,85.425100034s
34,85.460275522s
33,85.51102478s
47,85.555112872s
32,85.597461862s
33,85.632992982s
35,85.674648795s
42,85.708203122s
36,85.749416285s
32,85.783398091s
32,85.821701564s
37,85.854732597s
31,85.890374394s
35,85.922857556s
47,85.970502531s
39,86.002865341s
35,86.039147277s
36,86.072613633s
36,86.115783342s
77,86.151769718s
33,86.185638748s
35,86.217333352s
37,86.255519153s
48,86.286686697s
53,86.335800338s
36,86.36960777s
37,86.409896863s
45,86.444907576s
37,86.482602269s
40,86.51797168s
45,86.595781155s
44,86.629503705s
47,86.667619852s
42,86.702892053s
43,86.752935595s
68,86.804725479s
48,86.842733173s
38,86.879350998s
36,86.924462693s
43,86.9623765s
37,87.008879832s
38,87.048809788s
36,87.09461409s
40,87.149127079s
89,87.191237551s
54,87.234132898s
61,87.305029383s
51,87.353561739s
79,87.391402997s
52,87.427704704s
45,87.470332116s
87,87.506611438s
55,87.54629051s
70,87.581088157s
55,87.62161695s
79,87.7128378s
74,87.786372389s
51,87.83177496s
45,87.899304122s
52,87.965836461s
50,88.016948023s
46,88.067971233s
49,88.14365403s
43,88.198980019s
34,88.27209079s
34,88.325520417s
35,88.405515549s
48,88.481479203s
32,88.532776012s
33,88.576643871s
41,88.630379197s
43,88.680191198s
34,88.737161471s
32,88.774753043s
32,88.818515652s
38,88.852301057s
32,88.887975134s
30,88.922290878s
41,88.970643637s
40,89.003329627s
37,89.039681761s
35,89.079287027s
36,89.122420047s
68,89.157309317s
36,89.191260802s
32,89.223204391s
57,89.262452745s
65,89.293864681s
46,89.335516179s
44,89.36583375s
43,89.406459882s
82,89.443341041s
38,89.479779695s
45,89.51526846s
54,89.584208678s
44,89.620085964s
48,89.65511166s
46,89.713266874s
47,89.776843559s
69,89.824227411s
38,89.86834346s
44,89.913387099s
49,89.99380525s
54,90.032850074s
41,90.089093159s
44,90.132546734s
46,90.177639214s
53,90.229312843s
40,90.276091216s
43,90.321199883s
65,90.389940296s
58,90.430089905s
47,90.478438731s
42,90.522094222s
43,90.576110426s
105,90.617759545s
73,90.666547299s
55,90.711691956s
37,90.763844626s
58,90.803501174s
42,90.868894643s
45,90.922459187s
36,90.976858283s
54,91.02087614s
37,91.064142142s
42,91.106446659s
51,91.210672774s
49,91.283910111s
40,91.342259586s
40,91.37757936s
44,91.435536766s
58,91.477634091s
36,91.5275668s
41,91.56152856s
45,91.615239504s
53,91.652247957s
40,91.703309439s
46,91.746111056s
41,91.7964293s
56,91.836206477s
40,91.87798792s
45,91.923436093s
59,91.980693694s
44,92.018133376s
43,92.061320547s
44,92.104628682s
44,92.157588411s
78,92.201016031s
35,92.247074028s
39,92.287908184s
43,92.343989802s
59,92.383908256s
42,92.444474242s
40,92.488970995s
41,92.536466376s
50,92.576790734s
42,92.624804917s
47,92.66967182s
55,92.745338075s
48,92.781270492s
46,92.824316603s
70,92.864621106s
53,92.924130794s
64,92.970054316s
38,93.00792353s
40,93.052663027s
42,93.100174367s
49,93.142874441s
41,93.199548559s
41,93.246652058s
42,93.296342065s
49,93.343907219s
39,93.414304153s
40,93.464857421s
57,93.529625218s
53,93.568049442s
52,93.612167057s
46,93.652093534s
48,93.702117872s
109,93.743458954s
75,93.786487973s
92,93.827790504s
74,93.877880083s
83,93.917174329s
107,93.975457761s
80,94.024584612s
74,94.082135651s
71,94.128397945s
88,94.177151393s
69,94.233549528s
69,94.333352642s
68,94.412052468s
64,94.505118337s
85,94.573644073s
44,94.658809826s
60,94.768015472s
41,94.84706428s
58,94.920026699s
45,95.002396722s
45,95.073823863s
39,95.149285078s
35,95.213610945s
37,95.282180732s
45,95.345866517s
38,95.432706342s
39,95.476367176s
48,95.536943458s
43,95.578005701s
37,95.639937507s
37,95.682710359s
38,95.728704984s
63,95.767873996s
36,95.804728789s
36,95.841563253s
38,95.887193846s
52,95.924595584s
41,95.974894073s
37,96.012276505s
37,96.055913263s
43,96.093047038s
35,96.131853878s
37,96.169289316s
44,96.233380473s
41,96.269294829s
39,96.308788956s
38,96.345003788s
39,96.397876703s
58,96.439206154s
36,96.477771371s
38,96.514094758s
40,96.557692501s
47,96.5929935s
40,96.637284177s
39,96.674446473s
39,96.71620811s
47,96.75500813s
38,96.794247219s
39,96.833205097s
51,96.891378922s
48,96.92794425s
42,96.969583028s
35,97.00726805s
36,97.054753917s
72,97.095282267s
48,97.135402947s
44,97.174631918s
38,97.222215024s
53,97.260655545s
49,97.313854655s
45,97.356996589s
42,97.404434239s
45,97.441865081s
38,97.478792055s
37,97.514107498s
42,97.586457786s
42,97.634343635s
39,97.681235744s
39,97.717550708s
40,97.771484559s
58,97.821137536s
38,97.867948997s
39,97.909703105s
42,97.955229977s
49,97.993255111s
42,98.03572156s
42,98.073195613s
43,98.11627412s
50,98.155939601s
39,98.196786497s
39,98.236438021s
53,98.295162277s
45,98.333610196s
41,98.376271198s
41,98.415459739s
41,98.464773586s
76,98.507669252s
37,98.551494908s
38,98.593999133s
41,98.644238682s
54,98.683978441s
44,98.736866906s
38,98.777416185s
40,98.822710336s
47,98.864254391s
37,98.907305185s
36,98.947789915s
43,99.024218329s
44,99.061335758s
36,99.103221832s
42,99.142413689s
43,99.196544708s
63,99.241021162s
41,99.281405298s
43,99.320587141s
44,99.367908638s
52,99.405948892s
45,99.4494339s
42,99.486220442s
44,99.530582948s
52,99.566885429s
42,99.610067776s
44,99.652938348s
59,99.716325858s
54,99.757491301s
52,99.804335233s
48,99.846835851s
52,99.898765098s
92,99.943978144s
55,99.987789502s
62,100.030896706s
50,100.083120582s
62,100.125692997s
74,100.186883491s
47,100.23629607s
41,100.294113397s
46,100.341122172s
45,100.393901517s
36,100.448016957s
42,100.530977911s
45,100.585676954s
40,100.650898018s
42,100.699335693s
40,100.761608417s
54,100.836155053s
39,100.884529672s
40,100.9251791s
41,100.972034434s
53,101.017510058s
41,101.05986115s
51,101.096622943s
47,101.142853908s
61,101.183533259s
42,101.227371002s
47,101.266437231s
64,101.321208975s
52,101.360100819s
63,101.403741227s
51,101.442866103s
47,101.496352119s
82,101.537210235s
45,101.589631626s
57,101.637500339s
48,101.698048051s
70,101.743830636s
55,101.803911832s
46,101.852743422s
43,101.909769393s
64,101.968788536s
50,102.024636819s
46,102.068737456s
41,102.150316562s
40,102.195074422s
37,102.255088451s
37,102.30389726s
38,102.371678229s
55,102.428284279s
32,102.476823532s
43,102.519611131s
51,102.585526176s
51,102.633000435s
47,102.684415645s
45,102.720367359s
44,102.761451109s
53,102.798615396s
46,102.83753523s
45,102.874789864s
65,102.929731866s
58,102.962339639s
47,103.009495352s
43,103.058688565s
44,103.110560572s
134,103.157855242s
77,103.203978585s
58,103.247790255s
42,103.301740822s
55,103.348069714s
49,103.413655676s
48,103.469213775s
40,103.522026889s
46,103.565249881s
38,103.609975279s
40,103.653235781s
44,103.790298259s
43,103.865519097s
40,103.926675507s
41,103.96708066s
41,104.022440461s
54,104.072432694s
38,104.121475536s
37,104.161157908s
40,104.20799415s
46,104.246263716s
41,104.291535905s
36,104.330313135s
42,104.374848957s
55,104.415285344s
43,104.457391655s
45,104.498271978s
58,104.55252289s
49,104.590424938s
47,104.630587018s
45,104.669141236s
47,104.716071192s
79,104.757716657s
41,104.795650344s
51,104.837672498s
47,104.893471431s
59,104.936835451s
51,104.99580039s
44,105.041606107s
45,105.091523595s
54,105.138607052s
44,105.185710373s
46,105.231757475s
51,105.310681611s
51,105.351929415s
46,105.406670897s
45,105.451628233s
50,105.510973458s
65,105.561828355s
42,105.607593448s
44,105.652636895s
46,105.706855973s
53,105.751405593s
46,105.804134691s
45,105.849405462s
46,105.901571842s
53,105.947672947s
45,105.995127412s
45,106.044053553s
61,106.109296591s
58,106.151924442s
56,106.199292013s
51,106.243165399s
53,106.296328242s
115,106.342752777s
71,106.389509442s
87,106.435195693s
73,106.489460899s
88,106.534387648s
98,106.597602338s
75,106.650350635s
75,106.712012377s
77,106.763031322s
98,106.816352515s
70,106.877795869s
69,106.980896155s
73,107.054652088s
83,107.142511708s
111,107.216716572s
67,107.303198063s
80,107.400528053s
66,107.477938169s
95,107.552123355s
107,107.646617668s
80,107.726397397s
69,107.801982634s
68,107.866551313s
72,107.941612455s
82,108.023572496s
69,108.14442697s
68,108.210163194s
105,108.292019497s
78,108.3633474s
78,108.457265608s
101,108.55982921s
67,108.641872938s
100,108.711124116s
70,108.779328334s
69,108.854519212s
113,108.936697536s
79,109.00496612s
83,109.09339691s
66,109.178933475s
102,109.259481582s
92,109.368560739s
69,109.437338638s
72,109.512271654s
75,109.605516989s
75,109.676289639s
72,109.748851058s
73,109.861344802s
100,109.94533735s
109,110.02338139s
87,110.092972345s
103,110.19495081s
130,110.287831131s
121,110.356245888s
118,110.433912116s
118,110.50236222s
120,110.577919395s
130,110.649892583s
120,110.741276688s
149,110.836909097s
146,110.937811532s
191,111.025453595s
115,111.1308212s
112,111.26383527s
106,111.386021919s
116,111.508418781s
181,111.627186188s
84,111.747069898s
97,111.874950883s
72,111.996714611s
129,112.150598821s
88,112.356756311s
54,112.474805291s
60,112.584272665s
43,112.699095379s
52,112.803493304s
54,112.919517401s
55,113.100861588s
46,113.187539299s
46,113.283154515s
49,113.356065302s
65,113.485570539s
41,113.575157431s
46,113.630938574s
47,113.68940157s
49,113.732627554s
45,113.795029013s
40,113.841893083s
49,113.897081581s
67,113.94548394s
48,113.994618212s
55,114.040411776s
67,114.103497595s
60,114.145073791s
47,114.19814168s
53,114.241138821s
57,114.2904432s
81,114.333323668s
43,114.378859503s
54,114.428020769s
55,114.491647431s
66,114.544243061s
54,114.608571979s
45,114.662967915s
56,114.723724977s
53,114.772205369s
47,114.829423336s
47,114.88177022s
61,114.963372056s
52,115.011133586s
45,115.066128674s
52,115.116899309s
42,115.18449758s
64,115.238451559s
38,115.285227817s
60,115.340919193s
48,115.397533255s
69,115.445960219s
58,115.500491972s
54,115.550889941s
49,115.603370873s
66,115.648663559s
49,115.702418584s
58,115.748082032s
64,115.80898982s
67,115.847747576s
59,115.911039794s
52,115.961751173s
75,116.026619104s
86,116.084554226s
75,116.140542344s
66,116.192381975s
64,116.255571217s
99,116.307799427s
64,116.377849193s
57,116.437890521s
57,116.499980236s
70,116.559546158s
51,116.624969552s
43,116.682354857s
75,116.76940244s
51,116.844837143s
41,116.913787623s
45,116.97595384s
48,117.075812999s
58,117.140466876s
36,117.199173903s
57,117.256210751s
53,117.326892601s
68,117.379662838s
56,117.433614129s
46,117.496941727s
58,117.548495699s
53,117.592317996s
60,117.635492666s
53,117.683890557s
67,117.741991657s
60,117.779300734s
55,117.838669873s
48,117.893905257s
62,117.959209817s
84,118.015625792s
54,118.066914156s
49,118.120484265s
60,118.178952893s
65,118.235109769s
57,118.299903449s
50,118.356221112s
56,118.416807875s
76,118.471640647s
47,118.524393982s
60,118.582542255s
57,118.667936677s
52,118.721689184s
70,118.777396229s
47,118.831466836s
60,118.897381585s
63,118.954533656s
43,119.010971462s
54,119.062997896s
49,119.13868567s
56,119.186364106s
49,119.251813488s
42,119.304351874s
47,119.361803478s
53,119.42745023s
40,119.48015221s
46,119.53493934s
66,119.5990283s
57,119.645265148s
40,119.700434839s
41,119.748161031s
41,119.804615938s
88,119.854167785s
92,119.897728799s
55,119.94598923s
55,119.997776849s
73,120.040634069s
70,120.102442989s
55,120.158626224s
48,120.208602367s
60,120.248558225s
53,120.294259355s
55,120.331660421s
59,120.420674131s
55,120.512808654s
48,120.570866596s
55,120.624449417s
59,120.698512516s
66,120.768399414s
50,120.825829338s
46,120.876662298s
59,120.934115549s
57,120.987480212s
51,121.048043882s
47,121.101668266s
54,121.15793685s
49,121.209809325s
47,121.264128455s
50,121.321021228s
51,121.387932278s
47,121.438230608s
48,121.490479467s
36,121.544137864s
48,121.602237568s
85,121.653893752s
55,121.706370369s
59,121.75649101s
53,121.809853595s
73,121.856376365s
60,121.915588502s
55,121.95996202s
58,122.00676082s
63,122.053085871s
55,122.091265595s
49,122.139252087s
65,122.223889082s
57,122.280191549s
54,122.34124649s
56,122.394993088s
55,122.466570195s
67,122.527320026s
45,122.583787209s
58,122.64067529s
53,122.704511738s
56,122.759815253s
53,122.817994296s
50,122.874651026s
54,122.933036698s
56,122.987441353s
51,123.045085769s
47,123.099644108s
69,123.167617063s
65,123.217136872s
55,123.274001744s
56,123.325062692s
64,123.382094711s
107,123.435284534s
94,123.488147073s
85,123.540256088s
85,123.598240466s
114,123.64958562s
88,123.716122899s
96,123.776592957s
83,123.837043744s
102,123.892834402s
90,123.960639527s
88,124.014809259s
103,124.123461682s
66,124.21806297s
61,124.304188431s
62,124.388472068s
74,124.502397984s
74,124.603375973s
53,124.681087205s
52,124.762978755s
57,124.86585389s
61,124.95657293s
52,125.049718551s
48,125.14745499s
55,125.214811855s
64,125.27624769s
50,125.339804017s
58,125.413886368s
65,125.48881683s
55,125.541523631s
51,125.598219026s
45,125.651928978s
56,125.713850198s
77,125.766126071s
46,125.819601504s
48,125.87020859s
61,125.934857781s
63,125.987478092s
48,126.05439729s
55,126.109086959s
44,126.164931774s
63,126.216021938s
43,126.265124015s
48,126.317513288s
51,126.395298319s
50,126.444659502s
42,126.496372932s
57,126.552259622s
55,126.616094985s
72,126.669511077s
59,126.720598579s
60,126.76868021s
62,126.827787267s
69,126.872939477s
64,126.927050783s
63,126.972473634s
64,127.023125751s
70,127.068007334s
63,127.124585397s
61,127.1784803s
75,127.25099642s
74,127.309936875s
62,127.3743164s
59,127.433964416s
61,127.503227957s
94,127.567935497s
74,127.632625766s
55,127.696370999s
53,127.76688695s
74,127.829947947s
71,127.905477038s
54,127.974648178s
57,128.040679775s
60,128.103190838s
54,128.164277847s
56,128.225002136s
61,128.319881118s
61,128.39426624s
56,128.452478031s
56,128.505437545s
56,128.578211696s
68,128.649724475s
53,128.707165176s
48,128.762160598s
64,128.823030133s
62,128.877247056s
53,128.939747474s
48,128.995865029s
52,129.057837984s
56,129.114542939s
53,129.172652787s
64,129.228834653s
73,129.297057463s
64,129.350417918s
64,129.406993112s
62,129.464237176s
62,129.526111202s
86,129.580627348s
60,129.630850459s
59,129.681800142s
63,129.736942448s
73,129.790808304s
65,129.865549674s
62,129.927967385s
61,129.992698691s
70,130.057124195s
61,130.120896825s
60,130.182202623s
65,130.268568674s
65,130.328809778s
62,130.39189019s
62,130.452274373s
64,130.526270589s
71,130.591600912s
55,130.655138108s
57,130.716298998s
63,130.786987189s
64,130.84864738s
58,130.916134978s
50,130.974538569s
62,131.04072481s
63,131.102739039s
54,131.16635746s
56,131.230017973s
72,131.301655073s
69,131.358431132s
63,131.417261837s
82,131.478039141s
68,131.542548839s
100,131.601168075s
84,131.656312491s
76,131.714384154s
72,131.778221286s
95,131.833344511s
53,131.907085615s
62,131.974678011s
61,132.039038858s
77,132.110214169s
60,132.196878676s
56,132.24705602s
56,132.347635131s
60,132.432231617s
52,132.511215457s
51,132.581068014s
51,132.676977868s
93,132.730041999s
65,132.792970904s
56,132.853919234s
57,132.932225981s
61,132.99199893s
53,133.053571737s
51,133.104843128s
52,133.166279879s
57,133.218818304s
53,133.271601297s
49,133.321753255s
61,133.423153628s
55,133.481143028s
51,133.541262986s
51,133.595668696s
51,133.65774238s
76,133.711245346s
49,133.763549301s
49,133.8149451s
50,133.873043543s
62,133.925826116s
55,133.986926597s
46,134.037102652s
50,134.092531796s
56,134.144361621s
48,134.197432211s
47,134.248279305s
55,134.324572728s
49,134.374423261s
49,134.426227617s
46,134.474606703s
58,134.536970289s
63,134.591987389s
41,134.639832847s
42,134.689663697s
52,134.746390861s
63,134.794468793s
60,134.849279486s
58,134.897558058s
62,134.947093656s
69,134.996044639s
54,135.049817163s
59,135.101205061s
83,135.165109718s
73,135.206178357s
56,135.251680748s
55,135.300965888s
57,135.364622846s
126,135.424565189s
89,135.484589292s
66,135.546002908s
54,135.615619149s
75,135.669334849s
78,135.749781489s
63,135.82438698s
54,135.886272013s
58,135.942284872s
60,135.999461851s
62,136.055959477s
57,136.182500795s
57,136.271089514s
54,136.34018877s
55,136.392937019s
53,136.469485178s
68,136.547159098s
52,136.612210358s
53,136.665212693s
57,136.724138737s
62,136.784855195s
57,136.852947211s
54,136.904923098s
53,136.963040998s
62,137.017769957s
50,137.074471183s
50,137.126596334s
59,137.195051618s
55,137.247348305s
50,137.303448385s
49,137.358105811s
50,137.420683328s
88,137.477358296s
43,137.533503572s
43,137.58613875s
51,137.648427125s
74,137.699041778s
62,137.763040216s
60,137.809439431s
60,137.864671974s
65,137.914880226s
59,137.965756341s
61,138.015134812s
64,138.103144329s
63,138.146443541s
55,138.195568575s
58,138.24370499s
58,138.318064996s
77,138.380149146s
56,138.441887583s
59,138.502154996s
59,138.56725251s
64,138.626799181s
59,138.694726735s
56,138.752576754s
56,138.816441866s
64,138.872233927s
56,138.931871229s
56,138.990168917s
75,139.067924679s
112,139.124167966s
77,139.18657314s
65,139.242786867s
77,139.30715869s
118,139.365923782s
102,139.423699896s
88,139.478953337s
90,139.543681344s
125,139.600181352s
99,139.67641129s
110,139.747058118s
96,139.853567906s
103,139.930572052s
99,140.006260114s
89,140.073732026s
114,140.190782561s
84,140.29484925s
74,140.383523503s
77,140.474613517s
101,140.596361904s
106,140.712568391s
92,140.80498269s
85,140.899718546s
124,141.009465249s
101,141.105741344s
124,141.198621539s
82,141.311946076s
83,141.393361845s
95,141.469007764s
96,141.546937588s
83,141.646134427s
117,141.754381295s
68,141.846277651s
61,141.935256958s
60,142.061670211s
91,142.184691492s
94,142.27662577s
54,142.359803122s
53,142.442573494s
106,142.53834417s
85,142.63465087s
68,142.728846472s
56,142.835708878s
68,142.904262865s
70,142.96574298s
63,143.026940776s
68,143.117059753s
65,143.211986896s
66,143.265952205s
62,143.322764625s
54,143.426069109s
60,143.512381144s
69,143.58054654s
49,143.641420708s
50,143.706098916s
54,143.776791374s
54,143.840488134s
56,143.914260863s
73,143.974952141s
69,144.042082304s
74,144.104042668s
66,144.164974094s
71,144.219214964s
76,144.289401885s
76,144.339995534s
64,144.395392507s
71,144.446232591s
63,144.499131196s
97,144.55922928s
79,144.630545086s
61,144.699071167s
61,144.774583729s
76,144.8405485s
69,144.926294369s
62,144.997639257s
59,145.066007666s
64,145.131079189s
53,145.203546224s
49,145.265997302s
59,145.363953171s
58,145.443324106s
44,145.507053314s
51,145.565822261s
56,145.642287009s
79,145.712174592s
69,145.775654072s
68,145.834300851s
70,145.898913189s
77,145.952646335s
68,146.011476291s
70,146.063209807s
69,146.121112303s
78,146.164688455s
67,146.217878323s
67,146.273511231s
78,146.35321557s
67,146.422440437s
75,146.492806229s
69,146.560660768s
66,146.638880328s
91,146.707515101s
65,146.779306751s
66,146.847620552s
68,146.926268142s
80,146.993410404s
71,147.071483389s
67,147.139791729s
89,147.207990524s
74,147.28344777s
59,147.354078389s
67,147.419816958s
72,147.511807618s
67,147.576411694s
66,147.645784696s
64,147.712048314s
67,147.792575464s
80,147.864240473s
61,147.945323624s
59,148.021372317s
67,148.095606974s
69,148.154946504s
63,148.228645769s
63,148.294979232s
62,148.362330563s
85,148.428585657s
56,148.493938838s
58,148.560129572s
82,148.64043037s
85,148.701200212s
78,148.765975103s
78,148.828417764s
85,148.898663664s
115,148.961790792s
100,149.02650414s
98,149.088385092s
98,149.174195697s
125,149.231462065s
83,149.307499326s
74,149.381607203s
73,149.461634832s
83,149.540729088s
67,149.626934805s
63,149.699093131s
65,149.814364484s
67,149.914856129s
62,150.016486706s
64,150.11211633s
61,150.237847139s
73,150.320534285s
59,150.395860769s
51,150.468055947s
62,150.552300546s
66,150.619410401s
55,150.688276784s
63,150.747919727s
61,150.816015647s
66,150.878948471s
61,150.944676869s
57,151.004941671s
67,151.079365654s
53,151.138848222s
49,151.197441334s
77,151.253691387s
70,151.3204553s
95,151.37951119s
69,151.440556077s
69,151.500685692s
70,151.567379135s
87,151.628387216s
77,151.697358761s
70,151.7531443s
71,151.811648456s
79,151.85870231s
68,151.933806791s
73,152.0038001s
78,152.099328391s
72,152.168866337s
74,152.241033531s
72,152.309203371s
73,152.396959282s
85,152.473527811s
66,152.545786983s
67,152.616008951s
73,152.695226975s
80,152.763810395s
73,152.843691711s
68,152.915707576s
67,152.988046911s
77,153.062360846s
68,153.136630835s
67,153.208525585s
86,153.294345802s
80,153.360745854s
64,153.431301316s
63,153.502417771s
67,153.583423136s
124,153.656776977s
94,153.726583932s
62,153.793645535s
61,153.871108531s
72,153.938755701s
67,154.027526644s
56,154.105147034s
44,154.174346663s
75,154.23865863s
69,154.303902492s
71,154.370695993s
80,154.495059604s
76,154.588404067s
74,154.653329992s
71,154.712339897s
71,154.784405195s
87,154.851833329s
64,154.909400903s
69,154.95302569s
77,155.029311486s
80,155.098179077s
75,155.175703225s
74,155.250389868s
74,155.327804474s
80,155.401907765s
70,155.474072968s
69,155.545292458s
82,155.632233861s
77,155.696450749s
70,155.76837303s
67,155.843292771s
71,155.924204261s
102,155.999332867s
65,156.074983988s
68,156.14876765s
69,156.229301368s
82,156.299069744s
73,156.382431468s
68,156.45148357s
67,156.529507727s
72,156.599949826s
66,156.668868309s
67,156.739605577s
70,156.841962827s
70,156.906919545s
66,156.979362175s
62,157.045542872s
63,157.12874178s
79,157.201579444s
57,157.271280468s
55,157.337827315s
71,157.410987856s
82,157.477438184s
80,157.551988035s
73,157.615362923s
76,157.685990582s
81,157.751818551s
78,157.815584418s
79,157.878475838s
91,157.958089335s
96,158.015563915s
87,158.074013808s
84,158.142245287s
89,158.22439294s
131,158.304629097s
120,158.379691102s
108,158.45470033s
107,158.536090273s
143,158.614065782s
116,158.714396013s
125,158.799459757s
100,158.891324861s
115,158.976889737s
104,159.072939962s
102,159.150090967s
130,159.281587647s
83,159.402520101s
112,159.513345429s
76,159.621134563s
81,159.762499862s
79,159.891167614s
55,159.996960692s
54,160.096613937s
51,160.212942883s
58,160.317479897s
77,160.424920673s
65,160.550099971s
49,160.633901383s
74,160.745564527s
54,160.823362408s
52,160.904351995s
59,160.984340934s
49,161.038860022s
65,161.096050372s
66,161.144788248s
73,161.203838493s
100,161.28640158s
63,161.347742132s
63,161.396327709s
77,161.471003821s
81,161.526382748s
67,161.591412356s
64,161.638228731s
61,161.689042724s
71,161.753543833s
63,161.820791708s
65,161.893528996s
67,161.994458378s
71,162.058654623s
59,162.124806654s
62,162.200115302s
65,162.28163907s
82,162.348503898s
91,162.413638046s
64,162.473616304s
69,162.545295551s
69,162.608241056s
64,162.680994225s
62,162.741362262s
61,162.812901544s
66,162.872837586s
59,162.936289816s
58,163.000833942s
73,163.08589241s
69,163.174455505s
59,163.242044524s
58,163.308439907s
58,163.377988826s
108,163.442706056s
110,163.506614629s
51,163.566733549s
54,163.632803535s
65,163.692436651s
63,163.765994861s
53,163.832869707s
49,163.894485293s
55,163.953679471s
71,164.013895236s
76,164.070501074s
77,164.179400243s
73,164.289513608s
68,164.343443176s
63,164.395072057s
63,164.460281155s
89,164.523152986s
68,164.577908257s
63,164.62617509s
67,164.681949184s
77,164.754448088s
71,164.835273652s
67,164.907136108s
68,164.980921575s
77,165.048723618s
69,165.113559349s
68,165.176631431s
88,165.267064107s
67,165.335019315s
70,165.401586528s
66,165.466236626s
70,165.543931621s
106,165.615296546s
71,165.684601619s
69,165.751998341s
66,165.829939154s
82,165.899262896s
83,165.980843322s
90,166.056043113s
70,166.123202084s
103,166.194377745s
67,166.2624629s
69,166.332071893s
67,166.440465596s
62,166.509201705s
60,166.581695815s
63,166.646407763s
63,166.728708949s
82,166.8115365s
62,166.907658423s
58,166.973306854s
60,167.07730546s
63,167.144667788s
58,167.220777795s
59,167.280928524s
60,167.343591771s
67,167.404246218s
57,167.469485255s
56,167.53137675s
86,167.61436938s
94,167.676761954s
81,167.739067089s
88,167.79564686s
91,167.858866875s
122,167.91720575s
108,167.978622295s
99,168.038184175s
99,168.10620043s
126,168.167901357s
74,168.24450725s
71,168.325396784s
70,168.414551727s
83,168.496147591s
54,168.590658061s
63,168.665861552s
69,168.788202464s
66,168.8961609s
59,168.998836988s
62,169.095477144s
61,169.221782969s
71,169.296232896s
59,169.369583214s
59,169.43876773s
60,169.522972781s
63,169.577615645s
58,169.646633807s
55,169.710193987s
55,169.777233573s
64,169.837216613s
53,169.901098108s
54,169.961221325s
69,170.033403963s
56,170.092366625s
53,170.154090789s
53,170.211582255s
69,170.275519645s
101,170.333237503s
72,170.389890375s
69,170.443996071s
59,170.509010217s
71,170.562729329s
73,170.627920455s
70,170.686099486s
75,170.742688174s
81,170.795928018s
74,170.850845502s
76,170.92008814s
74,171.021809473s
80,171.094218774s
72,171.166155286s
78,171.223446242s
75,171.295399847s
92,171.369078929s
66,171.441048824s
65,171.515348371s
71,171.596943954s
78,171.671231876s
72,171.75303173s
71,171.822769463s
74,171.904028943s
85,171.976591864s
68,172.057070467s
71,172.130815105s
90,172.223754664s
82,172.289405845s
62,172.358033861s
65,172.426611693s
67,172.505184034s
127,172.577868862s
99,172.650676062s
62,172.725689814s
74,172.811101469s
76,172.879324404s
73,172.971818344s
63,173.053406088s
57,173.124938719s
63,173.190345466s
56,173.255115844s
54,173.321128299s
53,173.448705131s
56,173.547462871s
51,173.613499433s
55,173.685395455s
74,173.762704006s
85,173.835961463s
74,173.900152712s
71,173.956601662s
77,174.020774035s
81,174.077612686s
75,174.137826135s
77,174.185697755s
82,174.242374549s
98,174.293368261s
79,174.350489519s
79,174.424087259s
88,174.509693841s
79,174.583143682s
76,174.657762323s
76,174.732112979s
78,174.813870313s
116,174.891011383s
69,174.968043252s
73,175.048862489s
79,175.147214307s
91,175.227032533s
84,175.319929654s
75,175.394797183s
71,175.475408364s
81,175.551191338s
72,175.629015243s
73,175.707154833s
94,175.823559324s
75,175.893016825s
70,175.969298101s
68,176.045653656s
79,176.136674711s
98,176.220728217s
59,176.297598185s
63,176.36891443s
69,176.450280073s
80,176.522553562s
64,176.606136662s
58,176.690608218s
55,176.766633384s
67,176.837205888s
58,176.907407861s
94,176.985734859s
106,177.083934419s
110,177.143216088s
101,177.215580341s
107,177.281094324s
115,177.356960376s
171,177.421060493s
152,177.480723694s
135,177.538088063s
133,177.603300753s
170,177.663406784s
191,177.788505627s
137,177.883598222s
126,177.986921493s
142,178.098422868s
174,178.217938974s
140,178.308799018s
161,178.484280395s
123,178.632070258s
121,178.772094063s
117,178.902508033s
132,179.072423856s
140,179.279228675s
133,179.396685249s
147,179.524849761s
190,179.670699383s
142,179.842027261s
184,179.987614614s
117,180.149902375s
123,180.271958344s
109,180.391254986s
102,180.506545826s
124,180.637718911s
160,180.787814364s
110,180.910192972s
94,181.081796004s
103,181.250301578s
135,181.43343595s
163,181.580316251s
119,181.69782739s
159,181.819183527s
159,181.925610949s
159,182.029529523s
123,182.163823361s
122,182.320254838s
105,182.428584905s
137,182.528628262s
131,182.62465194s
152,182.760891614s
168,182.920532094s
173,183.044746304s
168,183.216018909s
215,183.372453901s
260,183.526816363s
164,183.645352493s
145,183.767811042s
144,183.872830301s
174,184.020695633s
196,184.145568977s
153,184.320600535s
276,184.472748024s
150,184.65411371s
151,184.812452485s
138,185.11113784s
200,185.280305432s
186,185.449613168s
155,185.59210965s
185,185.752383772s
167,185.926980282s
307,186.130440402s
563,186.279239063s
287,186.565108792s
208,186.702805287s
218,186.859787772s
202,186.999008272s
215,187.213840057s
223,187.396667017s
442,187.556955466s
283,187.724601151s
512,187.898242682s
312,188.196387424s
464,188.844316336s
403,189.087116642s
400,189.274435143s
474,189.487407827s
435,189.698089912s
335,189.91220355s
346,190.169731613s
256,190.575813609s
347,191.036713614s
241,191.385662167s
271,191.77970318s
314,192.170992871s
122,192.538150611s
126,193.116149958s
94,193.399445375s
233,193.833333406s
140,194.169388278s
80,194.515980226s
78,194.774752198s
78,195.122580538s
76,195.360998352s
103,195.632842289s
76,195.948424722s
70,196.069416533s
75,196.196290407s
87,196.290255122s
77,196.53732745s
68,196.665973948s
69,196.7456659s
71,196.82366935s
64,196.903047859s
62,196.978574258s
59,197.081778364s
84,197.158627606s
112,197.232338081s
102,197.304867509s
98,197.392472385s
111,197.469951501s
85,197.539821021s
84,197.608756028s
89,197.680484429s
92,197.744209989s
84,197.813301182s
82,197.86671232s
85,197.951366148s
96,198.065243662s
107,198.167982841s
82,198.266815487s
99,198.377839574s
100,198.463823785s
90,198.55057588s
102,198.637432302s
68,198.730496006s
116,198.815879281s
105,198.899113611s
97,198.983574085s
118,199.080866367s
133,199.187781825s
94,199.28905509s
96,199.38448804s
139,199.479425961s
93,199.578996977s
71,199.665161218s
85,199.732422701s
73,199.849773324s
69,199.954853305s
70,200.05534047s
69,200.171643151s
69,200.305552723s
78,200.399485362s
67,200.497406346s
96,200.635836233s
57,200.730018293s
66,200.801674962s
57,200.892783401s
50,200.960837104s
61,201.030541443s
80,201.100568385s
76,201.171378421s
69,201.239168801s
90,201.317583111s
84,201.385797767s
75,201.484808358s
78,201.539112111s
81,201.606046019s
140,201.662978542s
95,201.715210587s
80,201.775412893s
79,201.855980508s
84,201.932282856s
74,202.01475732s
75,202.092595525s
93,202.177288415s
77,202.252456043s
77,202.332103927s
72,202.412424587s
70,202.553418464s
70,202.648946782s
67,202.73152151s
72,202.808648902s
71,202.893416112s
90,202.967835359s
68,203.0438973s
68,203.136335884s
121,203.214361608s
71,203.291614593s
65,203.369898449s
66,203.43467425s
64,203.506048321s
69,203.57500394s
60,203.647702414s
60,203.718222979s
75,203.808847855s
70,203.877062981s
56,203.947481104s
54,204.066663407s
55,204.138368617s
107,204.203939074s
101,204.271128089s
49,204.334637307s
70,204.404471525s
96,204.464948052s
92,204.54028998s
82,204.607850066s
83,204.671451207s
83,204.727585721s
79,204.783426295s
81,204.838240152s
84,204.94915752s
83,205.048025325s
77,205.100164206s
77,205.168052666s
74,205.265428784s
91,205.357737289s
69,205.441063295s
73,205.523557866s
70,205.607992373s
77,205.687271572s
78,205.773536658s
74,205.852861857s
75,205.937087316s
66,206.014272622s
79,206.092050325s
73,206.165049299s
87,206.256926603s
77,206.326452858s
71,206.4021148s
68,206.469851762s
71,206.547479551s
139,206.625969682s
81,206.701814707s
73,206.775958014s
71,206.842515981s
87,206.922348384s
74,207.00620136s
67,207.082942507s
74,207.160163946s
78,207.231507284s
69,207.302099701s
69,207.372002616s
67,207.512107141s
66,207.592172592s
92,207.668225666s
85,207.737231803s
96,207.824834033s
107,207.898849892s
89,207.96817271s
95,208.04122997s
95,208.120053491s
98,208.189798901s
85,208.265634693s
91,208.326517999s
90,208.393564985s
97,208.486453445s
90,208.573362967s
93,208.66864554s
135,208.776075188s
112,208.86532716s
98,208.96407929s
103,209.056945649s
107,209.155508654s
152,209.241082976s
176,209.333848512s
120,209.423112696s
136,209.520817969s
150,209.610611199s
113,209.728447696s
111,209.857090362s
112,209.961845081s
112,210.061791849s
128,210.178245769s
74,210.270914626s
113,210.431522722s
84,210.601131763s
91,210.724558755s
70,210.868116482s
60,210.997653003s
69,211.111363569s
75,211.224020384s
77,211.33536948s
84,211.448751426s
89,211.575980274s
71,211.65632031s
79,211.764127861s
79,211.850200007s
85,211.940439186s
78,212.012153091s
77,212.071551971s
91,212.141310838s
80,212.216319743s
85,212.29592972s
77,212.377578566s
76,212.467153518s
117,212.537995679s
83,212.618553095s
80,212.696631834s
99,212.782111507s
104,212.860626937s
92,212.949888383s
77,213.029946409s
88,213.110624288s
87,213.195697112s
80,213.274148786s
80,213.349590488s
82,213.467977825s
78,213.551057531s
69,213.634264416s
67,213.731106174s
70,213.836059343s
86,213.928099219s
68,214.007090666s
67,214.09344201s
72,214.181349926s
76,214.261419126s
68,214.347803199s
66,214.425190173s
64,214.503715777s
70,214.573496598s
60,214.643689802s
61,214.711835639s
68,214.797910438s
87,214.866673937s
86,214.938159144s
78,215.007359108s
92,215.084026929s
141,215.152143999s
114,215.21957366s
87,215.283255906s
81,215.353983536s
100,215.414648141s
94,215.492369118s
88,215.551172385s
77,215.63178502s
83,215.717876429s
77,215.797782039s
76,215.889224919s
83,216.029966939s
81,216.144520132s
76,216.234747207s
84,216.314563335s
76,216.415911899s
97,216.511430228s
70,216.599820302s
74,216.676597332s
77,216.760697491s
80,216.838282325s
76,216.920259256s
76,216.998466295s
74,217.080390206s
82,217.156456294s
68,217.242316575s
70,217.317807947s
86,217.41571284s
79,217.485867946s
77,217.564492522s
75,217.639088269s
82,217.719781631s
112,217.796190538s
69,217.874824789s
62,217.948322409s
67,218.03103153s
78,218.099183908s
69,218.183259488s
61,218.256033305s
56,218.3362165s
90,218.4142353s
82,218.490993589s
92,218.57731632s
90,218.684614266s
117,218.753720248s
99,218.818153182s
83,218.88401688s
84,218.962792847s
99,219.032066451s
82,219.094963747s
72,219.150457584s
82,219.240148134s
88,219.322577543s
83,219.420225832s
75,219.504783226s
75,219.626580042s
84,219.722235328s
71,219.806525765s
72,219.891002665s
84,219.989816649s
84,220.071782289s
67,220.147054097s
117,220.227280839s
76,220.316490694s
125,220.399311665s
112,220.47646824s
113,220.550357982s
138,220.634620191s
116,220.706524879s
106,220.794389612s
109,220.873277376s
103,220.953205926s
117,221.02879893s
89,221.13329019s
94,221.208733136s
104,221.334826578s
98,221.446537759s
92,221.562513838s
91,221.698148671s
90,221.815253335s
100,221.921937988s
87,222.032116742s
87,222.134398311s
85,222.252790021s
88,222.341539889s
82,222.440884607s
84,222.540326654s
91,222.638915017s
105,222.731399605s
73,222.823685094s
71,222.913327336s
83,223.013773097s
76,223.10122094s
67,223.191558557s
70,223.275026764s
65,223.364496518s
101,223.446596122s
62,223.532008441s
65,223.628939051s
110,223.731477351s
80,223.801946463s
67,223.8845727s
80,223.95646283s
88,224.033409344s
95,224.100623318s
91,224.172444566s
90,224.237277538s
93,224.338385511s
110,224.400487927s
71,224.468970456s
89,224.578148268s
89,224.658052851s
104,224.724966643s
82,224.806662087s
90,224.894001991s
148,224.989473383s
111,225.081423165s
92,225.177894971s
88,225.265534938s
107,225.376789237s
104,225.447763918s
86,225.538105489s
87,225.626698726s
145,225.73069535s
101,225.812750503s
82,225.9183845s
81,226.053523507s
84,226.164863749s
165,226.256403359s
109,226.346387772s
74,226.453529347s
68,226.557652187s
78,226.644447288s
76,226.75623753s
66,226.88760961s
62,226.97856602s
73,227.06036866s
59,227.143131619s
81,227.226605061s
85,227.392133681s
97,227.500926417s
93,227.578148227s
87,227.644596646s
121,227.723453733s
95,227.799977597s
86,227.867198846s
83,227.929401781s
87,228.00262472s
97,228.062216319s
85,228.151381481s
90,228.231389407s
83,228.329517016s
98,228.42406576s
82,228.512393214s
82,228.632599477s
90,228.727856822s
83,228.814094736s
123,228.901061362s
87,228.985953644s
84,229.083979386s
110,229.169211027s
67,229.261180613s
69,229.342974425s
67,229.441279788s
80,229.523680292s
65,229.620865612s
94,229.696171255s
100,229.779771789s
104,229.903398479s
97,229.992186205s
96,230.075431299s
99,230.185493529s
93,230.252504879s
91,230.325756548s
97,230.389833158s
94,230.470566057s
109,230.535723688s
94,230.632087984s
102,230.73088632s
104,230.835065731s
110,230.933271323s
97,231.036500677s
95,231.129712847s
96,231.22311287s
107,231.314889048s
99,231.413857049s
94,231.506653s
119,231.615616198s
110,231.708955214s
104,231.816312102s
109,231.916990607s
98,232.02763152s
163,232.124439759s
145,232.221542487s
125,232.316976189s
133,232.424649865s
175,232.524033882s
127,232.643487169s
138,232.756227305s
143,232.859831331s
163,232.974017286s
188,233.071588145s
128,233.168022118s
134,233.331501492s
141,233.477654263s
150,233.608019554s
140,233.756118012s
120,233.909094121s
173,234.03665136s
148,234.179674473s
145,234.322260372s
163,234.492361397s
150,234.67333543s
167,234.807075984s
124,234.93500115s
116,235.07962788s
107,235.233657053s
136,235.369718327s
103,235.51656364s
107,235.654995s
101,235.802849143s
91,235.950478215s
91,236.112064628s
88,236.263188223s
112,236.430261012s
91,236.555178575s
88,236.670723572s
89,236.778177847s
100,236.915041212s
87,237.029785104s
87,237.125236289s
85,237.227114088s
89,237.318447863s
83,237.410924398s
79,237.498694977s
82,237.611926573s
84,237.702708696s
74,237.794154478s
77,237.881093968s
74,237.981760749s
83,238.069273028s
71,238.158153899s
60,238.243046589s
97,238.332990299s
103,238.416626055s
108,238.50255898s
102,238.578517457s
99,238.663535614s
108,238.737869297s
135,238.816821506s
107,238.890268681s
113,238.974267307s
115,239.044821137s
97,239.108452743s
100,239.203627163s
90,239.307356388s
136,239.41613661s
110,239.520195478s
95,239.618332209s
90,239.727657429s
123,239.862942238s
115,239.984539117s
98,240.090778862s
95,240.199115207s
120,240.296301748s
106,240.397730082s
86,240.487264727s
94,240.624159131s
83,240.734857546s
84,240.8320977s
82,240.919747245s
83,241.043315179s
91,241.158623178s
78,241.258915091s
75,241.354826626s
71,241.47431646s
71,241.581733652s
61,241.673078449s
89,241.762131012s
98,241.846119056s
103,241.930401311s
102,242.014628639s
107,242.097095737s
104,242.188984968s
103,242.266674646s
102,242.344689469s
101,242.413458817s
99,242.485074344s
120,242.546243973s
96,242.637325507s
93,242.734676987s
98,242.838702757s
103,242.94068642s
103,243.058769127s
94,243.152694902s
98,243.256548728s
103,243.35872384s
90,243.461005147s
93,243.559972129s
93,243.680587608s
85,243.776784645s
91,243.872455757s
84,243.968736853s
87,244.072847651s
101,244.176070168s
83,244.272184222s
83,244.369745977s
84,244.473466559s
95,244.563698829s
84,244.662706014s
83,244.75135284s
83,244.837619238s
92,244.928712493s
83,245.015057274s
81,245.101059919s
101,245.203019493s
88,245.28651989s
90,245.372206429s
87,245.454224008s
106,245.549761138s
164,245.633934073s
158,245.718425979s
139,245.800731223s
168,245.893921736s
134,245.977501087s
114,246.080376776s
123,246.176866007s
121,246.260348136s
112,246.358294247s
97,246.428510282s
95,246.533727297s
91,246.698598764s
93,246.857704523s
94,246.998532316s
99,247.167767008s
96,247.299614242s
103,247.414342853s
89,247.538998972s
88,247.659746828s
88,247.773186s
89,247.869653522s
85,247.970337076s
87,248.055991304s
81,248.150307484s
90,248.244401443s
81,248.345048143s
86,248.440884942s
89,248.544746945s
86,248.634103777s
81,248.725012296s
78,248.810760462s
73,248.900363305s
103,248.985681783s
57,249.074857781s
99,249.156128868s
104,249.246131885s
119,249.328579356s
115,249.426108645s
103,249.504255929s
110,249.591075285s
129,249.672130467s
119,249.752255112s
102,249.825297577s
114,249.929053787s
111,249.985665504s
105,250.088028428s
93,250.190115825s
108,250.309114025s
132,250.424606342s
99,250.529337924s
95,250.638790745s
105,250.768137977s
111,250.887465384s
99,250.999931718s
99,251.104966671s
97,251.215002177s
110,251.320814489s
102,251.415901427s
97,251.523051998s
107,251.655069161s
99,251.75466626s
88,251.857967976s
84,251.956817907s
83,252.069191321s
173,252.168217756s
101,252.268095122s
65,252.36436038s
111,252.47913656s
122,252.576996052s
123,252.691192392s
110,252.789445037s
106,252.882813116s
103,252.970164901s
87,253.059509881s
109,253.139553947s
112,253.312005446s
116,253.413149601s
92,253.481849122s
96,253.590691228s
119,253.714118605s
125,253.837503267s
98,253.948842819s
110,254.054187378s
112,254.15822017s
113,254.245798099s
118,254.360486809s
112,254.468131377s
104,254.584632929s
118,254.677520581s
105,254.774684557s
106,254.893971036s
117,255.018422068s
107,255.116913046s
97,255.229278727s
104,255.33964292s
100,255.454740608s
144,255.571744154s
97,255.685235948s
95,255.789032583s
113,255.90750041s
108,256.013383524s
86,256.136312218s
89,256.237503015s
86,256.344383215s
88,256.441664542s
77,256.547993099s
84,256.647438106s
90,256.792198024s
86,256.889188061s
82,256.988538248s
133,257.098723314s
127,257.207955986s
124,257.294614041s
98,257.384909538s
110,257.470025676s
113,257.55849064s
114,257.636074099s
118,257.727160288s
115,257.812665292s
114,257.898565877s
121,257.981323336s
107,258.121384417s
117,258.272057664s
125,258.395196867s
119,258.49355484s
118,258.608377447s
120,258.71867961s
111,258.832370784s
181,258.950380795s
171,259.06767553s
159,259.180967204s
179,259.30270676s
165,259.410861945s
144,259.543179143s
212,259.663428837s
138,259.779096201s
134,259.906161166s
126,260.016879325s
80,260.127103411s
76,260.310136039s
75,260.481674825s
128,260.644359086s
110,260.832223771s
99,260.980397638s
111,261.124028542s
88,261.337186674s
148,261.474087717s
106,261.608571478s
102,261.735003923s
92,261.820975165s
97,261.892037008s
90,261.969918656s
97,262.095654683s
90,262.207578462s
98,262.305845604s
97,262.417964585s
93,262.506045683s
95,262.657067655s
92,262.761479524s
87,262.864122196s
122,262.956843625s
83,263.055917813s
94,263.145246371s
95,263.243289293s
105,263.333323773s
94,263.442653367s
93,263.529990889s
82,263.62385257s
112,263.719025744s
116,263.812902866s
86,263.899852347s
93,264.022525642s
96,264.105907784s
86,264.202746732s
91,264.295605807s
84,264.401325437s
98,264.496460606s
75,264.591546745s
77,264.673304815s
81,264.789957486s
109,264.902015538s
77,264.993758118s
94,265.082526142s
103,265.178730851s
117,265.265561273s
108,265.358889808s
100,265.441331655s
129,265.539939928s
114,265.615764667s
108,265.697912613s
108,265.776162618s
121,265.887858979s
201,265.963528997s
165,266.059899167s
101,266.162364686s
91,266.278744897s
115,266.386897244s
107,266.512556814s
96,266.62846644s
95,266.731962643s
94,266.842106757s
89,266.950110372s
90,267.070647648s
90,267.275887503s
91,267.437008561s
84,267.541147821s
82,267.630013018s
87,267.746135563s
95,267.853647345s
80,267.950948037s
94,268.044877653s
81,268.13987197s
86,268.229614498s
73,268.32530001s
79,268.410721004s
80,268.502813679s
109,268.587810685s
81,268.671957765s
69,268.758752983s
77,268.853737698s
171,268.934019204s
115,269.031749371s
129,269.109978289s
136,269.196126448s
147,269.269874075s
112,269.35062574s
109,269.429771295s
111,269.539199393s
145,269.62021856s
114,269.706408001s
100,269.77611637s
112,269.938273457s
115,270.05428521s
103,270.185133153s
99,270.321014755s
106,270.468272763s
105,270.580505861s
95,270.693409137s
100,270.803119986s
97,270.94783533s
140,271.062258614s
86,271.166256961s
89,271.275861846s
92,271.390704343s
95,271.49507728s
92,271.603383808s
84,271.701069293s
85,271.807126958s
92,271.902478003s
81,272.005927973s
69,272.101372021s
81,272.240790422s
120,272.326837681s
106,272.420445379s
125,272.508764454s
105,272.605182808s
142,272.697689778s
136,272.784102691s
131,272.868481371s
138,272.960777885s
133,273.042495225s
116,273.127065294s
113,273.203920023s
110,273.321247313s
113,273.434447116s
141,273.546925456s
98,273.651006777s
97,273.793231784s
171,273.929251846s
109,274.063807165s
93,274.199405004s
92,274.332874603s
107,274.449382557s
90,274.564229948s
91,274.674015567s
92,274.793896479s
100,274.928966065s
81,275.033298421s
81,275.124986321s
82,275.296941969s
85,275.405901681s
80,275.501002256s
73,275.592064076s
88,275.699837198s
90,275.790232402s
85,275.884866837s
83,275.975158865s
82,276.076082001s
106,276.156953059s
72,276.239169672s
69,276.32097696s
67,276.406516665s
73,276.486806114s
101,276.570950634s
109,276.648708377s
108,276.740780237s
111,276.824331477s
109,276.909893158s
109,276.991073995s
117,277.097991793s
108,277.169292782s
104,277.241662775s
102,277.306883421s
104,277.380539092s
127,277.481340369s
100,277.592703969s
105,277.700534199s
107,277.811965395s
110,277.921372018s
94,278.040981479s
102,278.148850378s
104,278.25746984s
110,278.362038373s
97,278.466729841s
95,278.570270786s
128,278.696680126s
100,278.796747806s
91,278.906913428s
95,279.010511782s
93,279.120534001s
179,279.214845494s
119,279.31853593s
92,279.421934259s
90,279.531679623s
107,279.629127845s
94,279.75486639s
85,279.862703977s
81,279.953173734s
91,280.044654895s
80,280.141022741s
81,280.233395304s
85,280.412311245s
79,280.532127982s
78,280.627238966s
80,280.717500286s
78,280.823280771s
87,280.917933879s
75,281.004871744s
72,281.084996158s
65,281.176658321s
120,281.256789098s
111,281.345460349s
112,281.424579233s
109,281.504999295s
127,281.584712465s
102,281.66534833s
111,281.742547896s
114,281.830447671s
100,281.905585281s
101,281.9817094s
105,282.044539592s
114,282.164832236s
135,282.27616902s
100,282.39149817s
95,282.498101821s
98,282.625662122s
111,282.728522475s
100,282.85344118s
94,282.954329916s
98,283.055679572s
103,283.157058858s
96,283.263614224s
90,283.376639116s
99,283.513127504s
96,283.61270408s
86,283.711724618s
91,283.807263478s
88,283.918109482s
116,284.018010792s
83,284.114602805s
77,284.211429501s
87,284.315250933s
88,284.411217203s
80,284.509609312s
72,284.601040134s
67,284.698006568s
72,284.784591171s
70,284.878156572s
107,284.964975033s
153,285.081912568s
122,285.165364313s
126,285.247085538s
119,285.330989699s
134,285.419150538s
199,285.499384576s
180,285.573025864s
163,285.639720566s
175,285.711064142s
218,285.782715846s
184,285.919260482s
168,286.060333586s
181,286.176120613s
197,286.304300873s
220,286.435598599s
157,286.558900646s
163,286.758747291s
161,286.938665241s
179,287.107154358s
158,287.296216634s
198,287.493538131s
165,287.677591598s
150,287.849100975s
181,288.050028726s
227,288.232417497s
187,288.451479048s
193,288.613178391s
152,288.770147807s
145,288.936588423s
154,289.116402596s
208,289.311924082s
240,289.469881745s
189,289.641048728s
146,289.792097232s
119,289.989539107s
112,290.204344294s
155,290.386538343s
240,290.571872107s
203,290.727832926s
265,290.870276016s
170,291.033593921s
230,291.264740734s
183,291.505499523s
237,291.676866904s
153,291.811636119s
243,291.935683985s
182,292.04330542s
244,292.210550195s
386,292.454159811s
435,292.662998049s
154,292.916661658s
140,293.088873595s
177,293.313693792s
315,293.55548856s
155,293.726403924s
150,293.880471449s
114,294.121437269s
105,294.30328127s
119,294.554603852s
107,294.93504947s
115,295.374685801s
106,295.528279104s
97,295.670616923s
87,295.847011964s
107,296.162543033s
117,296.318882796s
89,296.470556137s
82,296.582707475s
92,296.689459217s
118,296.808304893s
95,296.916224967s
78,297.032044323s
83,297.138149238s
92,297.235874999s
116,297.33967729s
116,297.439476474s
123,297.548067798s
155,297.637134012s
125,297.7203658s
111,297.812088756s
139,297.930911124s
102,298.026696864s
141,298.107602497s
136,298.190180503s
110,298.281883369s
115,298.398837677s
103,298.516945054s
114,298.639135179s
107,298.797392878s
134,298.919484515s
102,299.038717451s
93,299.16975976s
102,299.272666541s
116,299.414253563s
97,299.550687264s
95,299.65965099s
108,299.775799516s
105,299.8791297s
126,299.996373735s
89,300.101115724s
97,300.235826735s
116,300.337930929s
85,300.432491238s
87,300.533858698s
86,300.650538334s
92,300.748692144s
103,300.854394401s
66,300.951722655s
71,301.058415833s
132,301.184682232s
143,301.275630301s
122,301.37233129s
132,301.488781967s
129,301.57434163s
116,301.664233192s
120,301.748446551s
112,301.841534458s
139,301.944656575s
120,302.013095821s
108,302.083357572s
135,302.215456114s
102,302.359077767s
125,302.489752563s
96,302.614470777s
101,302.744828234s
108,302.862425091s
92,302.982745559s
104,303.093921702s
118,303.234057742s
122,303.354316794s
103,303.465853365s
104,303.599288303s
109,303.702494334s
144,303.828106577s
130,303.925936258s
124,304.025924778s
138,304.134036253s
114,304.22730082s
113,304.351325793s
108,304.465500983s
108,304.582556493s
105,304.684549832s
91,304.791211048s
89,304.890010484s
87,305.035003924s
101,305.16554187s
80,305.293697843s
72,305.429378103s
73,305.542854942s
90,305.656027079s
109,305.765661207s
118,305.87287734s
108,305.978968642s
124,306.070281846s
100,306.165307623s
102,306.247007852s
134,306.348437533s
163,306.428784371s
110,306.502932091s
101,306.575491639s
115,306.666044312s
106,306.77578724s
118,306.897413038s
109,307.00301573s
107,307.128236041s
133,307.227960051s
103,307.332100474s
108,307.465767122s
103,307.6294616s
118,307.739418404s
105,307.852513324s
100,307.956328327s
101,308.063428404s
110,308.183675453s
105,308.293823671s
95,308.400394452s
106,308.533645461s
97,308.636795697s
104,308.747924491s
103,308.849049957s
100,308.967237775s
112,309.072211121s
92,309.173526659s
91,309.274162777s
80,309.383986577s
85,309.489703992s
72,309.591539054s
61,309.691779242s
120,309.788850074s
127,309.892959553s
117,309.9977064s
122,310.096559035s
135,310.209267932s
129,310.301251358s
111,310.395785416s
113,310.473510779s
118,310.559288567s
165,310.631591335s
148,310.694667395s
106,310.814267504s
106,310.940478404s
122,311.058276374s
125,311.203717663s
105,311.327473959s
103,311.447527129s
102,311.557533605s
103,311.672623982s
91,311.790325669s
103,311.955750241s
101,312.104328401s
99,312.213815561s
100,312.317541356s
103,312.44045307s
109,312.56530178s
90,312.672526299s
88,312.77535091s
87,312.877716291s
89,312.980764797s
81,313.077493s
75,313.175735598s
111,313.277589813s
119,313.37743883s
120,313.479019197s
112,313.581394927s
125,313.690217737s
127,313.780399653s
99,313.872434629s
108,313.957685794s
105,314.047428709s
146,314.128282848s
96,314.204563153s
102,314.315233611s
103,314.434894154s
116,314.555764422s
105,314.681728596s
98,314.792808841s
120,314.919994773s
110,315.0200599s
94,315.129347837s
100,315.234690909s
107,315.381362694s
116,315.477494158s
98,315.583253699s
94,315.683792445s
91,315.80061826s
112,315.906542461s
83,316.006465485s
87,316.125738727s
92,316.235522659s
93,316.329555798s
78,316.436387782s
115,316.537680701s
125,316.65476934s
130,316.753081763s
130,316.848588732s
134,316.938904219s
136,317.050933578s
130,317.134262811s
128,317.224924669s
137,317.314481918s
138,317.408212015s
185,317.48619077s
173,317.603317233s
154,317.728175497s
170,317.858809101s
230,317.989478455s
169,318.161426231s
161,318.288985502s
181,318.413483909s
199,318.544310532s
210,318.691253805s
153,318.816520102s
121,319.001586575s
128,319.176678124s
130,319.331142593s
140,319.517294441s
107,319.726639226s
119,319.890599767s
112,320.052874412s
118,320.233905237s
118,320.433907021s
139,320.644875668s
117,320.803174061s
106,320.919716535s
101,321.050645502s
112,321.17879672s
97,321.320571609s
120,321.426748248s
122,321.546162763s
113,321.658344728s
106,321.779997813s
108,321.895294229s
108,322.035601322s
133,322.151886364s
100,322.259794277s
97,322.360455766s
106,322.473337297s
108,322.570438099s
104,322.701625881s
96,322.812994479s
106,322.927014775s
104,323.033626893s
102,323.143578541s
111,323.251011159s
107,323.384800964s
99,323.48457855s
94,323.584908835s
91,323.689188658s
91,323.798205576s
101,323.902749811s
71,324.000911345s
81,324.107292759s
77,324.212061632s
109,324.314990141s
117,324.434445334s
137,324.534969244s
118,324.634040789s
121,324.728753258s
114,324.820922496s
117,324.91175563s
133,325.013423296s
130,325.085082895s
114,325.170129763s
111,325.244059271s
116,325.353570393s
163,325.471088095s
130,325.610445758s
111,325.72788302s
108,325.84898663s
119,325.963807412s
117,326.101481419s
124,326.223758134s
105,326.346163367s
110,326.460144141s
102,326.573342152s
104,326.68868663s
104,326.851713044s
101,326.982633821s
99,327.09662932s
90,327.20293492s
95,327.322982803s
121,327.442454552s
96,327.567269313s
70,327.670443917s
100,327.781361204s
103,327.883861167s
93,327.994548091s
93,328.093834282s
94,328.195493449s
95,328.294318532s
78,328.386751036s
104,328.481538606s
128,328.603119592s
137,328.699734083s
126,328.773587418s
119,328.871236138s
133,328.975408845s
165,329.068926123s
123,329.163518364s
129,329.25720079s
267,329.352864189s
139,329.431497354s
127,329.553340169s
116,329.664570797s
205,329.802351353s
132,329.929044404s
112,330.04923344s
112,330.182360081s
129,330.348021487s
127,330.471487567s
106,330.605265166s
102,330.86863934s
189,331.007357908s
141,331.135378637s
104,331.25376505s
106,331.458620838s
106,331.590634627s
111,331.702755598s
107,331.822197436s
97,331.946476049s
99,332.072588471s
107,332.179024317s
91,332.282854967s
89,332.470095213s
108,332.611232668s
154,332.716382509s
165,332.826507403s
146,332.929488294s
130,333.042983996s
242,333.149495349s
186,333.24851549s
209,333.346982694s
172,333.453865326s
139,333.546121194s
140,333.662530135s
131,333.765547808s
131,333.91267943s
122,334.083587688s
116,334.210037837s
115,334.338913167s
118,334.582087886s
112,334.768098243s
161,334.982005594s
115,335.150177014s
107,335.28964796s
123,335.430252736s
104,335.563096731s
99,335.693747645s
101,335.816118937s
107,335.932413836s
100,336.053216631s
97,336.166303019s
96,336.278389744s
158,336.439644668s
104,336.555993455s
94,336.662786523s
99,336.787196111s
99,336.89103131s
92,336.992883277s
127,337.09197703s
139,337.200439099s
151,337.300995857s
138,337.399612032s
140,337.494772771s
132,337.656481569s
203,337.758703609s
135,337.862808953s
134,337.951734931s
126,338.054017047s
137,338.14457811s
124,338.274390294s
122,338.411639526s
139,338.562959313s
140,338.701078347s
121,338.843946271s
135,338.973614335s
135,339.176863774s
160,339.312178683s
125,339.448136607s
120,339.573796339s
254,339.711120939s
154,339.83593172s
238,339.965395812s
207,340.097965514s
145,340.2382468s
174,340.359678599s
139,340.496438266s
114,340.631195895s
128,340.791151453s
115,340.916252811s
106,341.039425258s
130,341.29481489s
103,341.446892792s
168,341.684213811s
148,341.893697296s
109,342.03842184s
106,342.2135774s
104,342.350506455s
99,342.489647824s
95,342.602788178s
86,342.710208484s
85,342.815050212s
86,342.946962211s
76,343.049664318s
139,343.21784818s
136,343.366210567s
119,343.478672118s
153,343.582609867s
132,343.687182738s
139,343.786223214s
126,343.883207209s
116,343.968358812s
166,344.054859086s
140,344.140682639s
131,344.223057876s
121,344.357194875s
181,344.493554808s
122,344.613938054s
123,344.768566216s
126,344.899791599s
172,345.039265378s
161,345.165942262s
278,345.286542047s
299,345.44949148s
234,345.589769106s
332,345.72131245s
254,345.843941806s
167,346.024859694s
131,346.146987535s
140,346.27050245s
119,346.410425427s
106,346.570195357s
139,346.738498568s
116,347.015041711s
95,347.321463366s
103,347.548643362s
98,347.880480569s
120,348.137017959s
95,348.311719981s
97,348.438355439s
91,348.579263193s
112,348.698797137s
76,348.807199913s
87,348.945940475s
85,349.061098672s
161,349.157252087s
151,349.267574555s
135,349.358928937s
127,349.48044768s
138,349.575529866s
133,349.674655722s
131,349.764984651s
165,349.877095379s
155,349.953823548s
148,350.045085933s
149,350.12743523s
142,350.289276658s
225,350.441053633s
208,350.578039836s
196,350.704195124s
192,350.844533319s
240,350.975802985s
179,351.142957078s
208,351.297658045s
185,351.447616928s
199,351.603557242s
211,351.742217037s
172,351.883475965s
185,352.108412323s
180,352.312706204s
213,352.516007936s
184,352.720367636s
160,352.939069546s
168,353.119404779s
183,353.328807164s
157,353.515373239s
153,353.713835135s
182,353.924215749s
120,354.104073926s
131,354.283480682s
106,354.46875896s
144,354.679395936s
120,354.862122197s
123,355.023666161s
149,355.213489624s
123,355.36449109s
132,355.524726475s
131,355.674638466s
121,355.858113637s
149,355.976821254s
126,356.110181554s
149,356.218172269s
123,356.359941532s
134,356.479612253s
139,356.615609413s
132,356.752572564s
130,356.876412493s
138,357.008814969s
133,357.141488284s
127,357.261766967s
143,357.412163746s
124,357.538388888s
143,357.690211025s
118,357.811229202s
126,357.946710132s
134,358.085853917s
127,358.21936756s
133,358.348176481s
124,358.487474166s
125,358.620829145s
122,358.757512587s
120,358.891830843s
126,359.016879403s
123,359.159993795s
117,359.279875918s
115,359.405596267s
132,359.540714235s
128,359.667228081s
117,359.803134041s
112,359.925288312s
108,360.051249595s
143,360.173494229s
141,360.294904498s
104,360.420581326s
111,360.544630807s
147,360.661989757s
121,360.793029218s
207,360.918173079s
122,361.039488595s
103,361.157128776s
94,361.270958312s
93,361.377944557s
88,361.521869522s
134,361.663576186s
182,361.771450049s
152,361.88114183s
112,362.028798723s
153,362.150093612s
120,362.360861128s
135,362.480414906s
133,362.58437427s
139,362.678067388s
126,362.777282033s
120,362.860166177s
132,362.995193755s
124,363.177262928s
124,363.330720511s
130,363.44267735s
126,363.596301664s
128,363.716168527s
126,363.855350095s
119,363.985270867s
117,364.125326465s
143,364.251474411s
116,364.372932209s
124,364.504233386s
120,364.629525278s
132,364.753522208s
127,364.894576114s
149,365.009687666s
121,365.138854729s
121,365.265078372s
108,365.385463697s
124,365.502368286s
109,365.64631939s
115,365.762566697s
141,365.888853565s
135,366.006890603s
122,366.139776665s
124,366.266666005s
112,366.417418884s
108,366.537145632s
107,366.659084941s
111,366.767647728s
133,366.897793495s
145,367.001322734s
139,367.11730608s
152,367.262188812s
148,367.394586097s
139,367.516776658s
163,367.641304515s
160,367.753626642s
147,367.864873591s
139,367.969176722s
153,368.081066094s
200,368.214770965s
198,368.362594697s
189,368.500730288s
186,368.653123152s
156,368.801380853s
146,368.964517244s
151,369.121555023s
139,369.276332418s
146,369.424528205s
125,369.562317457s
130,369.705684905s
126,369.906057798s
133,370.107238273s
122,370.296027877s
121,370.479967256s
122,370.636775307s
130,370.782335456s
117,370.934666534s
120,371.073443893s
117,371.220240568s
117,371.345872768s
116,371.481031295s
115,371.602276132s
111,371.736926555s
116,371.859066269s
112,371.981468111s
101,372.103333975s
106,372.234412667s
99,372.351518015s
123,372.474407643s
141,372.588782567s
144,372.706809133s
172,372.823676733s
138,372.939744832s
141,373.050994838s
150,373.168562599s
153,373.281039029s
151,373.39313241s
143,373.487969415s
144,373.587374663s
148,373.710942991s
119,373.853806247s
140,373.996727474s
147,374.168818584s
141,374.307394637s
149,374.451139187s
146,374.59921815s
139,374.752672625s
152,374.904403051s
142,375.04960351s
130,375.193598009s
127,375.341853273s
142,375.460680423s
140,375.61121018s
139,375.749929435s
134,375.892245371s
143,376.041015505s
130,376.188082282s
136,376.327112435s
169,376.479613791s
164,376.622250054s
121,376.756081671s
121,376.881121346s
122,377.024096955s
232,377.164788431s
159,377.305457747s
113,377.439301761s
108,377.582252392s
123,377.712757146s
115,377.877473962s
100,378.036570731s
100,378.210829177s
145,378.328690364s
139,378.451416895s
152,378.573738254s
155,378.805765486s
145,378.965010693s
141,379.081572845s
141,379.187935071s
137,379.311857935s
160,379.427055493s
139,379.528455753s
146,379.627764397s
132,379.773959376s
149,379.913733918s
134,380.071304122s
130,380.221649086s
133,380.367944209s
142,380.509750216s
115,380.652609713s
118,380.789337375s
130,380.949309758s
119,381.093763476s
110,381.239995752s
111,381.368961429s
133,381.518156905s
188,381.652727207s
152,381.787321603s
146,381.917239147s
157,382.05994703s
162,382.176047023s
156,382.309751935s
154,382.424950889s
223,382.544566013s
147,382.655031089s
130,382.767493889s
144,382.900075844s
151,383.088655968s
152,383.240306309s
137,383.391265608s
146,383.544673152s
142,383.707553062s
167,383.863348471s
129,384.019105242s
143,384.241534869s
139,384.389254985s
152,384.520236318s
148,384.671601252s
146,384.816163543s
139,384.968375753s
155,385.105942985s
226,385.253291772s
150,385.395425638s
167,385.562276887s
153,385.692731576s
145,385.83973045s
144,385.974533933s
134,386.127362499s
215,386.275751849s
192,386.425332131s
177,386.562677836s
181,386.721194359s
198,386.944704999s
151,387.125926594s
188,387.287927852s
198,387.433054237s
205,387.587183387s
211,387.719421561s
161,387.853416918s
161,388.067957394s
160,388.262291692s
172,388.443384163s
155,388.63612744s
147,388.805461826s
157,388.956242442s
148,389.145185663s
137,389.342661014s
146,389.548892707s
151,389.760586319s
151,389.92709879s
142,390.083438447s
143,390.246405415s
116,390.416290876s
138,390.573331785s
139,390.719241473s
143,390.877717598s
145,391.025222571s
141,391.165232624s
130,391.308934372s
133,391.460864953s
200,391.611957575s
161,391.755564429s
146,391.898433119s
134,392.015189993s
143,392.154213043s
134,392.304991451s
135,392.438021364s
125,392.583913065s
130,392.725346164s
121,392.856844724s
115,392.989162962s
112,393.19309953s
113,393.352045559s
109,393.501288528s
98,393.633691755s
93,393.776996266s
158,393.911128026s
154,394.047391227s
143,394.172209713s
164,394.303243007s
158,394.424731429s
153,394.545886673s
144,394.652460397s
150,394.766099305s
160,394.875481027s
139,394.975141464s
142,395.066829849s
162,395.226020279s
159,395.379693344s
139,395.526137728s
141,395.688692344s
143,395.847471754s
180,396.001006974s
154,396.146586135s
141,396.295942646s
133,396.457435726s
150,396.596719487s
147,396.754651071s
141,396.90876811s
138,397.061049681s
136,397.200061693s
134,397.343058355s
132,397.485828147s
138,397.666329393s
131,397.821340699s
124,397.964733071s
124,398.096058078s
110,398.246556242s
124,398.394480606s
1631,398.53685381s
203,398.673855752s
62,398.811114533s
24,398.945348805s
20,399.082541233s
686,399.215394523s
274,399.347866089s
18,399.472591474s
33,399.598664267s
